[   66347ms] [INFO] Slow network is detected. See https://www.chromestatus.com/feature/5636954674692096 for more details. Fallback font will be used while loading: http://localhost:8501/static/media/SourceCodeVF-Upright.ttf.BjWn63N-.woff2 @ http://localhost:8501/static/js/src.BnXM6qiK.js:102
[  330046ms] [WARNING] WebSocket onclose @ http://localhost:8501/static/js/index.k-9rUdPI.js:20
[  332393ms] [ERROR] Failed to load resource: net::ERR_CONNECTION_REFUSED @ http://localhost:8501/_stcore/health:0
[  332394ms] [ERROR] Failed to load resource: net::ERR_CONNECTION_REFUSED @ http://localhost:8501/_stcore/host-config:0
[  332661ms] [ERROR] Failed to load resource: net::ERR_CONNECTION_REFUSED @ http://localhost:8501/_stcore/health:0
[  334863ms] [ERROR] Failed to load resource: net::ERR_CONNECTION_REFUSED @ http://localhost:8501/_stcore/host-config:0
[  334863ms] [ERROR] Failed to load resource: net::ERR_CONNECTION_REFUSED @ http://localhost:8501/_stcore/health:0
[  335246ms] [ERROR] Failed to load resource: net::ERR_CONNECTION_REFUSED @ http://localhost:8501/_stcore/host-config:0
[  337191ms] [ERROR] Failed to load resource: net::ERR_CONNECTION_REFUSED @ http://localhost:8501/_stcore/health:0
[  337640ms] [ERROR] Failed to load resource: net::ERR_CONNECTION_REFUSED @ http://localhost:8501/_stcore/host-config:0
[  340397ms] [ERROR] Failed to load resource: net::ERR_CONNECTION_REFUSED @ http://localhost:8501/_stcore/health:0
[  340398ms] [ERROR] Failed to load resource: net::ERR_CONNECTION_REFUSED @ http://localhost:8501/_stcore/host-config:0
[  344169ms] [ERROR] Failed to load resource: net::ERR_CONNECTION_REFUSED @ http://localhost:8501/_stcore/health:0
[  344169ms] [ERROR] Client Error in reaching server endpoint - No response received when attempting to reach /_stcore/health @ http://localhost:8501/static/js/index.k-9rUdPI.js:19
[  344170ms] [ERROR] Is Streamlit still running? If you accidentally stopped Streamlit, just restart it in your terminal: @ http://localhost:8501/static/js/index.k-9rUdPI.js:24
[  344208ms] [ERROR] Failed to load resource: net::ERR_CONNECTION_REFUSED @ http://localhost:8501/_stcore/host-config:0
[  348516ms] [ERROR] Failed to load resource: net::ERR_CONNECTION_REFUSED @ http://localhost:8501/_stcore/health:0
[  348516ms] [ERROR] Client Error in reaching server endpoint - No response received when attempting to reach /_stcore/health @ http://localhost:8501/static/js/index.k-9rUdPI.js:19
[  348516ms] [ERROR] Is Streamlit still running? If you accidentally stopped Streamlit, just restart it in your terminal: @ http://localhost:8501/static/js/index.k-9rUdPI.js:24
[  348518ms] [ERROR] Failed to load resource: net::ERR_CONNECTION_REFUSED @ http://localhost:8501/_stcore/host-config:0
[  352852ms] [ERROR] Failed to load resource: net::ERR_CONNECTION_REFUSED @ http://localhost:8501/_stcore/health:0
[  352852ms] [ERROR] Client Error in reaching server endpoint - No response received when attempting to reach /_stcore/health @ http://localhost:8501/static/js/index.k-9rUdPI.js:19
[  352852ms] [ERROR] Is Streamlit still running? If you accidentally stopped Streamlit, just restart it in your terminal: @ http://localhost:8501/static/js/index.k-9rUdPI.js:24
[  352854ms] [ERROR] Failed to load resource: net::ERR_CONNECTION_REFUSED @ http://localhost:8501/_stcore/host-config:0
[  357195ms] [ERROR] Failed to load resource: net::ERR_CONNECTION_REFUSED @ http://localhost:8501/_stcore/health:0
[  357195ms] [ERROR] Client Error in reaching server endpoint - No response received when attempting to reach /_stcore/health @ http://localhost:8501/static/js/index.k-9rUdPI.js:19
[  357195ms] [ERROR] Is Streamlit still running? If you accidentally stopped Streamlit, just restart it in your terminal: @ http://localhost:8501/static/js/index.k-9rUdPI.js:24
[  357217ms] [ERROR] Failed to load resource: net::ERR_CONNECTION_REFUSED @ http://localhost:8501/_stcore/host-config:0
[  361543ms] [ERROR] Failed to load resource: net::ERR_CONNECTION_REFUSED @ http://localhost:8501/_stcore/health:0
[  361543ms] [ERROR] Client Error in reaching server endpoint - No response received when attempting to reach /_stcore/health @ http://localhost:8501/static/js/index.k-9rUdPI.js:19
[  361543ms] [ERROR] Is Streamlit still running? If you accidentally stopped Streamlit, just restart it in your terminal: @ http://localhost:8501/static/js/index.k-9rUdPI.js:24
[  361556ms] [ERROR] Failed to load resource: net::ERR_CONNECTION_REFUSED @ http://localhost:8501/_stcore/host-config:0
[  365878ms] [ERROR] Failed to load resource: net::ERR_CONNECTION_REFUSED @ http://localhost:8501/_stcore/health:0
[  365879ms] [ERROR] Client Error in reaching server endpoint - No response received when attempting to reach /_stcore/health @ http://localhost:8501/static/js/index.k-9rUdPI.js:19
[  365879ms] [ERROR] Is Streamlit still running? If you accidentally stopped Streamlit, just restart it in your terminal: @ http://localhost:8501/static/js/index.k-9rUdPI.js:24
[  365893ms] [ERROR] Failed to load resource: net::ERR_CONNECTION_REFUSED @ http://localhost:8501/_stcore/host-config:0
[  370241ms] [ERROR] Failed to load resource: net::ERR_CONNECTION_REFUSED @ http://localhost:8501/_stcore/health:0
[  370241ms] [ERROR] Client Error in reaching server endpoint - No response received when attempting to reach /_stcore/health @ http://localhost:8501/static/js/index.k-9rUdPI.js:19
[  370242ms] [ERROR] Is Streamlit still running? If you accidentally stopped Streamlit, just restart it in your terminal: @ http://localhost:8501/static/js/index.k-9rUdPI.js:24
[  370257ms] [ERROR] Failed to load resource: net::ERR_CONNECTION_REFUSED @ http://localhost:8501/_stcore/host-config:0
[  374595ms] [ERROR] Failed to load resource: net::ERR_CONNECTION_REFUSED @ http://localhost:8501/_stcore/health:0
[  374596ms] [ERROR] Client Error in reaching server endpoint - No response received when attempting to reach /_stcore/health @ http://localhost:8501/static/js/index.k-9rUdPI.js:19
[  374596ms] [ERROR] Is Streamlit still running? If you accidentally stopped Streamlit, just restart it in your terminal: @ http://localhost:8501/static/js/index.k-9rUdPI.js:24
[  374610ms] [ERROR] Failed to load resource: net::ERR_CONNECTION_REFUSED @ http://localhost:8501/_stcore/host-config:0
[  378930ms] [ERROR] Failed to load resource: net::ERR_CONNECTION_REFUSED @ http://localhost:8501/_stcore/health:0
[  378930ms] [ERROR] Client Error in reaching server endpoint - No response received when attempting to reach /_stcore/health @ http://localhost:8501/static/js/index.k-9rUdPI.js:19
[  378944ms] [ERROR] Failed to load resource: net::ERR_CONNECTION_REFUSED @ http://localhost:8501/_stcore/host-config:0
[  383247ms] [ERROR] Failed to load resource: net::ERR_CONNECTION_REFUSED @ http://localhost:8501/_stcore/health:0
[  383247ms] [ERROR] Client Error in reaching server endpoint - No response received when attempting to reach /_stcore/health @ http://localhost:8501/static/js/index.k-9rUdPI.js:19
[  383262ms] [ERROR] Failed to load resource: net::ERR_CONNECTION_REFUSED @ http://localhost:8501/_stcore/host-config:0
[  387609ms] [ERROR] Failed to load resource: net::ERR_CONNECTION_REFUSED @ http://localhost:8501/_stcore/health:0
[  387609ms] [ERROR] Client Error in reaching server endpoint - No response received when attempting to reach /_stcore/health @ http://localhost:8501/static/js/index.k-9rUdPI.js:19
[  387611ms] [ERROR] Failed to load resource: net::ERR_CONNECTION_REFUSED @ http://localhost:8501/_stcore/host-config:0
[  391966ms] [ERROR] Failed to load resource: net::ERR_CONNECTION_REFUSED @ http://localhost:8501/_stcore/health:0
[  391966ms] [ERROR] Client Error in reaching server endpoint - No response received when attempting to reach /_stcore/health @ http://localhost:8501/static/js/index.k-9rUdPI.js:19
[  391967ms] [ERROR] Failed to load resource: net::ERR_CONNECTION_REFUSED @ http://localhost:8501/_stcore/host-config:0
[  396312ms] [ERROR] Failed to load resource: net::ERR_CONNECTION_REFUSED @ http://localhost:8501/_stcore/health:0
[  396313ms] [ERROR] Client Error in reaching server endpoint - No response received when attempting to reach /_stcore/health @ http://localhost:8501/static/js/index.k-9rUdPI.js:19
[  396314ms] [ERROR] Failed to load resource: net::ERR_CONNECTION_REFUSED @ http://localhost:8501/_stcore/host-config:0
[  400658ms] [ERROR] Failed to load resource: net::ERR_CONNECTION_REFUSED @ http://localhost:8501/_stcore/health:0
[  400659ms] [ERROR] Client Error in reaching server endpoint - No response received when attempting to reach /_stcore/health @ http://localhost:8501/static/js/index.k-9rUdPI.js:19
[  400660ms] [ERROR] Failed to load resource: net::ERR_CONNECTION_REFUSED @ http://localhost:8501/_stcore/host-config:0
[  405039ms] [ERROR] Failed to load resource: net::ERR_CONNECTION_REFUSED @ http://localhost:8501/_stcore/health:0
[  405040ms] [ERROR] Client Error in reaching server endpoint - No response received when attempting to reach /_stcore/health @ http://localhost:8501/static/js/index.k-9rUdPI.js:19
[  405041ms] [ERROR] Failed to load resource: net::ERR_CONNECTION_REFUSED @ http://localhost:8501/_stcore/host-config:0
[  409456ms] [ERROR] Failed to load resource: net::ERR_CONNECTION_REFUSED @ http://localhost:8501/_stcore/health:0
[  409456ms] [ERROR] Client Error in reaching server endpoint - No response received when attempting to reach /_stcore/health @ http://localhost:8501/static/js/index.k-9rUdPI.js:19
[  409458ms] [ERROR] Failed to load resource: net::ERR_CONNECTION_REFUSED @ http://localhost:8501/_stcore/host-config:0
[  413794ms] [ERROR] Failed to load resource: net::ERR_CONNECTION_REFUSED @ http://localhost:8501/_stcore/health:0
[  413794ms] [ERROR] Client Error in reaching server endpoint - No response received when attempting to reach /_stcore/health @ http://localhost:8501/static/js/index.k-9rUdPI.js:19
[  413795ms] [ERROR] Failed to load resource: net::ERR_CONNECTION_REFUSED @ http://localhost:8501/_stcore/host-config:0
[  418157ms] [ERROR] Failed to load resource: net::ERR_CONNECTION_REFUSED @ http://localhost:8501/_stcore/health:0
[  418157ms] [ERROR] Client Error in reaching server endpoint - No response received when attempting to reach /_stcore/health @ http://localhost:8501/static/js/index.k-9rUdPI.js:19
[  418159ms] [ERROR] Failed to load resource: net::ERR_CONNECTION_REFUSED @ http://localhost:8501/_stcore/host-config:0
[  422493ms] [ERROR] Failed to load resource: net::ERR_CONNECTION_REFUSED @ http://localhost:8501/_stcore/health:0
[  422493ms] [ERROR] Client Error in reaching server endpoint - No response received when attempting to reach /_stcore/health @ http://localhost:8501/static/js/index.k-9rUdPI.js:19
[  422495ms] [ERROR] Failed to load resource: net::ERR_CONNECTION_REFUSED @ http://localhost:8501/_stcore/host-config:0
[  426826ms] [ERROR] Failed to load resource: net::ERR_CONNECTION_REFUSED @ http://localhost:8501/_stcore/health:0
[  426826ms] [ERROR] Client Error in reaching server endpoint - No response received when attempting to reach /_stcore/health @ http://localhost:8501/static/js/index.k-9rUdPI.js:19
[  426842ms] [ERROR] Failed to load resource: net::ERR_CONNECTION_REFUSED @ http://localhost:8501/_stcore/host-config:0
[  431166ms] [ERROR] Failed to load resource: net::ERR_CONNECTION_REFUSED @ http://localhost:8501/_stcore/health:0
[  431166ms] [ERROR] Client Error in reaching server endpoint - No response received when attempting to reach /_stcore/health @ http://localhost:8501/static/js/index.k-9rUdPI.js:19
[  431182ms] [ERROR] Failed to load resource: net::ERR_CONNECTION_REFUSED @ http://localhost:8501/_stcore/host-config:0
[  435531ms] [ERROR] Failed to load resource: net::ERR_CONNECTION_REFUSED @ http://localhost:8501/_stcore/health:0
[  435531ms] [ERROR] Client Error in reaching server endpoint - No response received when attempting to reach /_stcore/health @ http://localhost:8501/static/js/index.k-9rUdPI.js:19
[  435532ms] [ERROR] Failed to load resource: net::ERR_CONNECTION_REFUSED @ http://localhost:8501/_stcore/host-config:0
[  439887ms] [ERROR] Failed to load resource: net::ERR_CONNECTION_REFUSED @ http://localhost:8501/_stcore/health:0
[  439887ms] [ERROR] Client Error in reaching server endpoint - No response received when attempting to reach /_stcore/health @ http://localhost:8501/static/js/index.k-9rUdPI.js:19
[  439888ms] [ERROR] Failed to load resource: net::ERR_CONNECTION_REFUSED @ http://localhost:8501/_stcore/host-config:0
[  444233ms] [ERROR] Failed to load resource: net::ERR_CONNECTION_REFUSED @ http://localhost:8501/_stcore/health:0
[  444233ms] [ERROR] Client Error in reaching server endpoint - No response received when attempting to reach /_stcore/health @ http://localhost:8501/static/js/index.k-9rUdPI.js:19
[  444234ms] [ERROR] Failed to load resource: net::ERR_CONNECTION_REFUSED @ http://localhost:8501/_stcore/host-config:0
[  448596ms] [ERROR] Failed to load resource: net::ERR_CONNECTION_REFUSED @ http://localhost:8501/_stcore/health:0
[  448596ms] [ERROR] Client Error in reaching server endpoint - No response received when attempting to reach /_stcore/health @ http://localhost:8501/static/js/index.k-9rUdPI.js:19
[  448598ms] [ERROR] Failed to load resource: net::ERR_CONNECTION_REFUSED @ http://localhost:8501/_stcore/host-config:0
[  452950ms] [ERROR] Failed to load resource: net::ERR_CONNECTION_REFUSED @ http://localhost:8501/_stcore/health:0
[  452950ms] [ERROR] Client Error in reaching server endpoint - No response received when attempting to reach /_stcore/health @ http://localhost:8501/static/js/index.k-9rUdPI.js:19
[  452951ms] [ERROR] Failed to load resource: net::ERR_CONNECTION_REFUSED @ http://localhost:8501/_stcore/host-config:0
[  457310ms] [ERROR] Failed to load resource: net::ERR_CONNECTION_REFUSED @ http://localhost:8501/_stcore/health:0
[  457310ms] [ERROR] Client Error in reaching server endpoint - No response received when attempting to reach /_stcore/health @ http://localhost:8501/static/js/index.k-9rUdPI.js:19
[  457312ms] [ERROR] Failed to load resource: net::ERR_CONNECTION_REFUSED @ http://localhost:8501/_stcore/host-config:0
[  461653ms] [ERROR] Failed to load resource: net::ERR_CONNECTION_REFUSED @ http://localhost:8501/_stcore/health:0
[  461653ms] [ERROR] Client Error in reaching server endpoint - No response received when attempting to reach /_stcore/health @ http://localhost:8501/static/js/index.k-9rUdPI.js:19
[  461655ms] [ERROR] Failed to load resource: net::ERR_CONNECTION_REFUSED @ http://localhost:8501/_stcore/host-config:0
[  466021ms] [ERROR] Failed to load resource: net::ERR_CONNECTION_REFUSED @ http://localhost:8501/_stcore/health:0
[  466021ms] [ERROR] Client Error in reaching server endpoint - No response received when attempting to reach /_stcore/health @ http://localhost:8501/static/js/index.k-9rUdPI.js:19
[  466022ms] [ERROR] Failed to load resource: net::ERR_CONNECTION_REFUSED @ http://localhost:8501/_stcore/host-config:0
[  470366ms] [ERROR] Failed to load resource: net::ERR_CONNECTION_REFUSED @ http://localhost:8501/_stcore/health:0
[  470366ms] [ERROR] Client Error in reaching server endpoint - No response received when attempting to reach /_stcore/health @ http://localhost:8501/static/js/index.k-9rUdPI.js:19
[  470367ms] [ERROR] Failed to load resource: net::ERR_CONNECTION_REFUSED @ http://localhost:8501/_stcore/host-config:0
[  474709ms] [ERROR] Failed to load resource: net::ERR_CONNECTION_REFUSED @ http://localhost:8501/_stcore/health:0
[  474709ms] [ERROR] Client Error in reaching server endpoint - No response received when attempting to reach /_stcore/health @ http://localhost:8501/static/js/index.k-9rUdPI.js:19
[  474710ms] [ERROR] Failed to load resource: net::ERR_CONNECTION_REFUSED @ http://localhost:8501/_stcore/host-config:0
[  479215ms] [ERROR] Failed to load resource: net::ERR_CONNECTION_REFUSED @ http://localhost:8501/_stcore/health:0
[  479215ms] [ERROR] Client Error in reaching server endpoint - No response received when attempting to reach /_stcore/health @ http://localhost:8501/static/js/index.k-9rUdPI.js:19
[  479217ms] [ERROR] Failed to load resource: net::ERR_CONNECTION_REFUSED @ http://localhost:8501/_stcore/host-config:0
[  483566ms] [ERROR] Failed to load resource: net::ERR_CONNECTION_REFUSED @ http://localhost:8501/_stcore/health:0
[  483566ms] [ERROR] Client Error in reaching server endpoint - No response received when attempting to reach /_stcore/health @ http://localhost:8501/static/js/index.k-9rUdPI.js:19
[  483582ms] [ERROR] Failed to load resource: net::ERR_CONNECTION_REFUSED @ http://localhost:8501/_stcore/host-config:0
[  487916ms] [ERROR] Failed to load resource: net::ERR_CONNECTION_REFUSED @ http://localhost:8501/_stcore/health:0
[  487916ms] [ERROR] Client Error in reaching server endpoint - No response received when attempting to reach /_stcore/health @ http://localhost:8501/static/js/index.k-9rUdPI.js:19
[  487932ms] [ERROR] Failed to load resource: net::ERR_CONNECTION_REFUSED @ http://localhost:8501/_stcore/host-config:0
[  492274ms] [ERROR] Failed to load resource: net::ERR_CONNECTION_REFUSED @ http://localhost:8501/_stcore/health:0
[  492274ms] [ERROR] Client Error in reaching server endpoint - No response received when attempting to reach /_stcore/health @ http://localhost:8501/static/js/index.k-9rUdPI.js:19
[  492275ms] [ERROR] Failed to load resource: net::ERR_CONNECTION_REFUSED @ http://localhost:8501/_stcore/host-config:0
[  496606ms] [ERROR] Failed to load resource: net::ERR_CONNECTION_REFUSED @ http://localhost:8501/_stcore/health:0
[  496606ms] [ERROR] Client Error in reaching server endpoint - No response received when attempting to reach /_stcore/health @ http://localhost:8501/static/js/index.k-9rUdPI.js:19
[  496607ms] [ERROR] Failed to load resource: net::ERR_CONNECTION_REFUSED @ http://localhost:8501/_stcore/host-config:0
[  500955ms] [ERROR] Failed to load resource: net::ERR_CONNECTION_REFUSED @ http://localhost:8501/_stcore/health:0
[  500956ms] [ERROR] Client Error in reaching server endpoint - No response received when attempting to reach /_stcore/health @ http://localhost:8501/static/js/index.k-9rUdPI.js:19
[  500957ms] [ERROR] Failed to load resource: net::ERR_CONNECTION_REFUSED @ http://localhost:8501/_stcore/host-config:0
[  505301ms] [ERROR] Failed to load resource: net::ERR_CONNECTION_REFUSED @ http://localhost:8501/_stcore/health:0
[  505301ms] [ERROR] Client Error in reaching server endpoint - No response received when attempting to reach /_stcore/health @ http://localhost:8501/static/js/index.k-9rUdPI.js:19
[  505302ms] [ERROR] Failed to load resource: net::ERR_CONNECTION_REFUSED @ http://localhost:8501/_stcore/host-config:0
[  509666ms] [ERROR] Failed to load resource: net::ERR_CONNECTION_REFUSED @ http://localhost:8501/_stcore/health:0
[  509666ms] [ERROR] Client Error in reaching server endpoint - No response received when attempting to reach /_stcore/health @ http://localhost:8501/static/js/index.k-9rUdPI.js:19
[  509667ms] [ERROR] Failed to load resource: net::ERR_CONNECTION_REFUSED @ http://localhost:8501/_stcore/host-config:0
[  514022ms] [ERROR] Failed to load resource: net::ERR_CONNECTION_REFUSED @ http://localhost:8501/_stcore/health:0
[  514022ms] [ERROR] Client Error in reaching server endpoint - No response received when attempting to reach /_stcore/health @ http://localhost:8501/static/js/index.k-9rUdPI.js:19
[  514024ms] [ERROR] Failed to load resource: net::ERR_CONNECTION_REFUSED @ http://localhost:8501/_stcore/host-config:0
[  518386ms] [ERROR] Failed to load resource: net::ERR_CONNECTION_REFUSED @ http://localhost:8501/_stcore/health:0
[  518386ms] [ERROR] Client Error in reaching server endpoint - No response received when attempting to reach /_stcore/health @ http://localhost:8501/static/js/index.k-9rUdPI.js:19
[  518402ms] [ERROR] Failed to load resource: net::ERR_CONNECTION_REFUSED @ http://localhost:8501/_stcore/host-config:0
[  522755ms] [ERROR] Failed to load resource: net::ERR_CONNECTION_REFUSED @ http://localhost:8501/_stcore/health:0
[  522755ms] [ERROR] Client Error in reaching server endpoint - No response received when attempting to reach /_stcore/health @ http://localhost:8501/static/js/index.k-9rUdPI.js:19
[  522757ms] [ERROR] Failed to load resource: net::ERR_CONNECTION_REFUSED @ http://localhost:8501/_stcore/host-config:0
[  527119ms] [ERROR] Failed to load resource: net::ERR_CONNECTION_REFUSED @ http://localhost:8501/_stcore/health:0
[  527119ms] [ERROR] Client Error in reaching server endpoint - No response received when attempting to reach /_stcore/health @ http://localhost:8501/static/js/index.k-9rUdPI.js:19
[  527121ms] [ERROR] Failed to load resource: net::ERR_CONNECTION_REFUSED @ http://localhost:8501/_stcore/host-config:0
[  531469ms] [ERROR] Failed to load resource: net::ERR_CONNECTION_REFUSED @ http://localhost:8501/_stcore/health:0
[  531469ms] [ERROR] Client Error in reaching server endpoint - No response received when attempting to reach /_stcore/health @ http://localhost:8501/static/js/index.k-9rUdPI.js:19
[  531470ms] [ERROR] Failed to load resource: net::ERR_CONNECTION_REFUSED @ http://localhost:8501/_stcore/host-config:0
[  535829ms] [ERROR] Failed to load resource: net::ERR_CONNECTION_REFUSED @ http://localhost:8501/_stcore/health:0
[  535829ms] [ERROR] Client Error in reaching server endpoint - No response received when attempting to reach /_stcore/health @ http://localhost:8501/static/js/index.k-9rUdPI.js:19
[  535830ms] [ERROR] Failed to load resource: net::ERR_CONNECTION_REFUSED @ http://localhost:8501/_stcore/host-config:0
[  540198ms] [ERROR] Failed to load resource: net::ERR_CONNECTION_REFUSED @ http://localhost:8501/_stcore/health:0
[  540198ms] [ERROR] Client Error in reaching server endpoint - No response received when attempting to reach /_stcore/health @ http://localhost:8501/static/js/index.k-9rUdPI.js:19
[  540199ms] [ERROR] Failed to load resource: net::ERR_CONNECTION_REFUSED @ http://localhost:8501/_stcore/host-config:0
[  544680ms] [ERROR] Failed to load resource: net::ERR_CONNECTION_REFUSED @ http://localhost:8501/_stcore/health:0
[  544680ms] [ERROR] Client Error in reaching server endpoint - No response received when attempting to reach /_stcore/health @ http://localhost:8501/static/js/index.k-9rUdPI.js:19
[  544682ms] [ERROR] Failed to load resource: net::ERR_CONNECTION_REFUSED @ http://localhost:8501/_stcore/host-config:0
[  549040ms] [ERROR] Failed to load resource: net::ERR_CONNECTION_REFUSED @ http://localhost:8501/_stcore/health:0
[  549040ms] [ERROR] Client Error in reaching server endpoint - No response received when attempting to reach /_stcore/health @ http://localhost:8501/static/js/index.k-9rUdPI.js:19
[  549041ms] [ERROR] Failed to load resource: net::ERR_CONNECTION_REFUSED @ http://localhost:8501/_stcore/host-config:0
[  553398ms] [ERROR] Failed to load resource: net::ERR_CONNECTION_REFUSED @ http://localhost:8501/_stcore/health:0
[  553398ms] [ERROR] Client Error in reaching server endpoint - No response received when attempting to reach /_stcore/health @ http://localhost:8501/static/js/index.k-9rUdPI.js:19
[  553413ms] [ERROR] Failed to load resource: net::ERR_CONNECTION_REFUSED @ http://localhost:8501/_stcore/host-config:0
[  557726ms] [ERROR] Failed to load resource: net::ERR_CONNECTION_REFUSED @ http://localhost:8501/_stcore/health:0
[  557726ms] [ERROR] Client Error in reaching server endpoint - No response received when attempting to reach /_stcore/health @ http://localhost:8501/static/js/index.k-9rUdPI.js:19
[  557727ms] [ERROR] Failed to load resource: net::ERR_CONNECTION_REFUSED @ http://localhost:8501/_stcore/host-config:0
[  562050ms] [ERROR] Failed to load resource: net::ERR_CONNECTION_REFUSED @ http://localhost:8501/_stcore/health:0
[  562050ms] [ERROR] Client Error in reaching server endpoint - No response received when attempting to reach /_stcore/health @ http://localhost:8501/static/js/index.k-9rUdPI.js:19
[  562051ms] [ERROR] Failed to load resource: net::ERR_CONNECTION_REFUSED @ http://localhost:8501/_stcore/host-config:0
[  566392ms] [ERROR] Failed to load resource: net::ERR_CONNECTION_REFUSED @ http://localhost:8501/_stcore/health:0
[  566392ms] [ERROR] Client Error in reaching server endpoint - No response received when attempting to reach /_stcore/health @ http://localhost:8501/static/js/index.k-9rUdPI.js:19
[  566408ms] [ERROR] Failed to load resource: net::ERR_CONNECTION_REFUSED @ http://localhost:8501/_stcore/host-config:0
[  570757ms] [ERROR] Failed to load resource: net::ERR_CONNECTION_REFUSED @ http://localhost:8501/_stcore/health:0
[  570757ms] [ERROR] Client Error in reaching server endpoint - No response received when attempting to reach /_stcore/health @ http://localhost:8501/static/js/index.k-9rUdPI.js:19
[  570758ms] [ERROR] Failed to load resource: net::ERR_CONNECTION_REFUSED @ http://localhost:8501/_stcore/host-config:0
[  575105ms] [ERROR] Failed to load resource: net::ERR_CONNECTION_REFUSED @ http://localhost:8501/_stcore/health:0
[  575105ms] [ERROR] Client Error in reaching server endpoint - No response received when attempting to reach /_stcore/health @ http://localhost:8501/static/js/index.k-9rUdPI.js:19
[  575121ms] [ERROR] Failed to load resource: net::ERR_CONNECTION_REFUSED @ http://localhost:8501/_stcore/host-config:0
[  579471ms] [ERROR] Failed to load resource: net::ERR_CONNECTION_REFUSED @ http://localhost:8501/_stcore/health:0
[  579472ms] [ERROR] Client Error in reaching server endpoint - No response received when attempting to reach /_stcore/health @ http://localhost:8501/static/js/index.k-9rUdPI.js:19
[  579473ms] [ERROR] Failed to load resource: net::ERR_CONNECTION_REFUSED @ http://localhost:8501/_stcore/host-config:0
[  583820ms] [ERROR] Failed to load resource: net::ERR_CONNECTION_REFUSED @ http://localhost:8501/_stcore/health:0
[  583820ms] [ERROR] Client Error in reaching server endpoint - No response received when attempting to reach /_stcore/health @ http://localhost:8501/static/js/index.k-9rUdPI.js:19
[  583821ms] [ERROR] Failed to load resource: net::ERR_CONNECTION_REFUSED @ http://localhost:8501/_stcore/host-config:0
[  588185ms] [ERROR] Failed to load resource: net::ERR_CONNECTION_REFUSED @ http://localhost:8501/_stcore/health:0
[  588185ms] [ERROR] Client Error in reaching server endpoint - No response received when attempting to reach /_stcore/health @ http://localhost:8501/static/js/index.k-9rUdPI.js:19
[  588187ms] [ERROR] Failed to load resource: net::ERR_CONNECTION_REFUSED @ http://localhost:8501/_stcore/host-config:0
[  592552ms] [ERROR] Failed to load resource: net::ERR_CONNECTION_REFUSED @ http://localhost:8501/_stcore/health:0
[  592552ms] [ERROR] Client Error in reaching server endpoint - No response received when attempting to reach /_stcore/health @ http://localhost:8501/static/js/index.k-9rUdPI.js:19
[  592554ms] [ERROR] Failed to load resource: net::ERR_CONNECTION_REFUSED @ http://localhost:8501/_stcore/host-config:0
[  596902ms] [ERROR] Failed to load resource: net::ERR_CONNECTION_REFUSED @ http://localhost:8501/_stcore/health:0
[  596902ms] [ERROR] Client Error in reaching server endpoint - No response received when attempting to reach /_stcore/health @ http://localhost:8501/static/js/index.k-9rUdPI.js:19
[  596904ms] [ERROR] Failed to load resource: net::ERR_CONNECTION_REFUSED @ http://localhost:8501/_stcore/host-config:0
[  601250ms] [ERROR] Failed to load resource: net::ERR_CONNECTION_REFUSED @ http://localhost:8501/_stcore/health:0
[  601250ms] [ERROR] Client Error in reaching server endpoint - No response received when attempting to reach /_stcore/health @ http://localhost:8501/static/js/index.k-9rUdPI.js:19
[  601251ms] [ERROR] Failed to load resource: net::ERR_CONNECTION_REFUSED @ http://localhost:8501/_stcore/host-config:0
[  605604ms] [ERROR] Failed to load resource: net::ERR_CONNECTION_REFUSED @ http://localhost:8501/_stcore/health:0
[  605604ms] [ERROR] Client Error in reaching server endpoint - No response received when attempting to reach /_stcore/health @ http://localhost:8501/static/js/index.k-9rUdPI.js:19
[  605748ms] [ERROR] Failed to load resource: net::ERR_CONNECTION_REFUSED @ http://localhost:8501/_stcore/host-config:0
[  609961ms] [ERROR] Failed to load resource: net::ERR_CONNECTION_REFUSED @ http://localhost:8501/_stcore/health:0
[  609961ms] [ERROR] Client Error in reaching server endpoint - No response received when attempting to reach /_stcore/health @ http://localhost:8501/static/js/index.k-9rUdPI.js:19
[  609963ms] [ERROR] Failed to load resource: net::ERR_CONNECTION_REFUSED @ http://localhost:8501/_stcore/host-config:0
[  614297ms] [ERROR] Failed to load resource: net::ERR_CONNECTION_REFUSED @ http://localhost:8501/_stcore/health:0
[  614297ms] [ERROR] Client Error in reaching server endpoint - No response received when attempting to reach /_stcore/health @ http://localhost:8501/static/js/index.k-9rUdPI.js:19
[  614298ms] [ERROR] Failed to load resource: net::ERR_CONNECTION_REFUSED @ http://localhost:8501/_stcore/host-config:0
[  618653ms] [ERROR] Failed to load resource: net::ERR_CONNECTION_REFUSED @ http://localhost:8501/_stcore/health:0
[  618654ms] [ERROR] Client Error in reaching server endpoint - No response received when attempting to reach /_stcore/health @ http://localhost:8501/static/js/index.k-9rUdPI.js:19
[  618655ms] [ERROR] Failed to load resource: net::ERR_CONNECTION_REFUSED @ http://localhost:8501/_stcore/host-config:0
[  622997ms] [ERROR] Failed to load resource: net::ERR_CONNECTION_REFUSED @ http://localhost:8501/_stcore/health:0
[  622998ms] [ERROR] Client Error in reaching server endpoint - No response received when attempting to reach /_stcore/health @ http://localhost:8501/static/js/index.k-9rUdPI.js:19
[  622999ms] [ERROR] Failed to load resource: net::ERR_CONNECTION_REFUSED @ http://localhost:8501/_stcore/host-config:0
[  627327ms] [ERROR] Failed to load resource: net::ERR_CONNECTION_REFUSED @ http://localhost:8501/_stcore/health:0
[  627327ms] [ERROR] Client Error in reaching server endpoint - No response received when attempting to reach /_stcore/health @ http://localhost:8501/static/js/index.k-9rUdPI.js:19
[  627343ms] [ERROR] Failed to load resource: net::ERR_CONNECTION_REFUSED @ http://localhost:8501/_stcore/host-config:0
[  631664ms] [ERROR] Failed to load resource: net::ERR_CONNECTION_REFUSED @ http://localhost:8501/_stcore/health:0
[  631664ms] [ERROR] Client Error in reaching server endpoint - No response received when attempting to reach /_stcore/health @ http://localhost:8501/static/js/index.k-9rUdPI.js:19
[  631665ms] [ERROR] Failed to load resource: net::ERR_CONNECTION_REFUSED @ http://localhost:8501/_stcore/host-config:0
[  636023ms] [ERROR] Failed to load resource: net::ERR_CONNECTION_REFUSED @ http://localhost:8501/_stcore/health:0
[  636024ms] [ERROR] Client Error in reaching server endpoint - No response received when attempting to reach /_stcore/health @ http://localhost:8501/static/js/index.k-9rUdPI.js:19
[  636025ms] [ERROR] Failed to load resource: net::ERR_CONNECTION_REFUSED @ http://localhost:8501/_stcore/host-config:0
[  640607ms] [ERROR] Failed to load resource: net::ERR_CONNECTION_REFUSED @ http://localhost:8501/_stcore/health:0
[  640607ms] [ERROR] Client Error in reaching server endpoint - No response received when attempting to reach /_stcore/health @ http://localhost:8501/static/js/index.k-9rUdPI.js:19
[  640623ms] [ERROR] Failed to load resource: net::ERR_CONNECTION_REFUSED @ http://localhost:8501/_stcore/host-config:0
[  644977ms] [ERROR] Failed to load resource: net::ERR_CONNECTION_REFUSED @ http://localhost:8501/_stcore/health:0
[  644977ms] [ERROR] Client Error in reaching server endpoint - No response received when attempting to reach /_stcore/health @ http://localhost:8501/static/js/index.k-9rUdPI.js:19
[  644978ms] [ERROR] Failed to load resource: net::ERR_CONNECTION_REFUSED @ http://localhost:8501/_stcore/host-config:0
[  649330ms] [ERROR] Failed to load resource: net::ERR_CONNECTION_REFUSED @ http://localhost:8501/_stcore/health:0
[  649330ms] [ERROR] Client Error in reaching server endpoint - No response received when attempting to reach /_stcore/health @ http://localhost:8501/static/js/index.k-9rUdPI.js:19
[  649331ms] [ERROR] Failed to load resource: net::ERR_CONNECTION_REFUSED @ http://localhost:8501/_stcore/host-config:0
[  653679ms] [ERROR] Failed to load resource: net::ERR_CONNECTION_REFUSED @ http://localhost:8501/_stcore/health:0
[  653679ms] [ERROR] Client Error in reaching server endpoint - No response received when attempting to reach /_stcore/health @ http://localhost:8501/static/js/index.k-9rUdPI.js:19
[  653680ms] [ERROR] Failed to load resource: net::ERR_CONNECTION_REFUSED @ http://localhost:8501/_stcore/host-config:0
[  658038ms] [ERROR] Failed to load resource: net::ERR_CONNECTION_REFUSED @ http://localhost:8501/_stcore/health:0
[  658038ms] [ERROR] Client Error in reaching server endpoint - No response received when attempting to reach /_stcore/health @ http://localhost:8501/static/js/index.k-9rUdPI.js:19
[  658066ms] [ERROR] Failed to load resource: net::ERR_CONNECTION_REFUSED @ http://localhost:8501/_stcore/host-config:0
[  662390ms] [ERROR] Failed to load resource: net::ERR_CONNECTION_REFUSED @ http://localhost:8501/_stcore/health:0
[  662390ms] [ERROR] Client Error in reaching server endpoint - No response received when attempting to reach /_stcore/health @ http://localhost:8501/static/js/index.k-9rUdPI.js:19
[  662391ms] [ERROR] Failed to load resource: net::ERR_CONNECTION_REFUSED @ http://localhost:8501/_stcore/host-config:0
[  666737ms] [ERROR] Failed to load resource: net::ERR_CONNECTION_REFUSED @ http://localhost:8501/_stcore/health:0
[  666737ms] [ERROR] Client Error in reaching server endpoint - No response received when attempting to reach /_stcore/health @ http://localhost:8501/static/js/index.k-9rUdPI.js:19
[  666738ms] [ERROR] Failed to load resource: net::ERR_CONNECTION_REFUSED @ http://localhost:8501/_stcore/host-config:0
[  671074ms] [ERROR] Failed to load resource: net::ERR_CONNECTION_REFUSED @ http://localhost:8501/_stcore/health:0
[  671074ms] [ERROR] Client Error in reaching server endpoint - No response received when attempting to reach /_stcore/health @ http://localhost:8501/static/js/index.k-9rUdPI.js:19
[  671076ms] [ERROR] Failed to load resource: net::ERR_CONNECTION_REFUSED @ http://localhost:8501/_stcore/host-config:0
[  675598ms] [ERROR] Failed to load resource: net::ERR_CONNECTION_REFUSED @ http://localhost:8501/_stcore/health:0
[  675598ms] [ERROR] Client Error in reaching server endpoint - No response received when attempting to reach /_stcore/health @ http://localhost:8501/static/js/index.k-9rUdPI.js:19
[  675600ms] [ERROR] Failed to load resource: net::ERR_CONNECTION_REFUSED @ http://localhost:8501/_stcore/host-config:0
[  679933ms] [ERROR] Failed to load resource: net::ERR_CONNECTION_REFUSED @ http://localhost:8501/_stcore/health:0
[  679933ms] [ERROR] Client Error in reaching server endpoint - No response received when attempting to reach /_stcore/health @ http://localhost:8501/static/js/index.k-9rUdPI.js:19
[  679934ms] [ERROR] Failed to load resource: net::ERR_CONNECTION_REFUSED @ http://localhost:8501/_stcore/host-config:0
[  684282ms] [ERROR] Failed to load resource: net::ERR_CONNECTION_REFUSED @ http://localhost:8501/_stcore/health:0
[  684282ms] [ERROR] Client Error in reaching server endpoint - No response received when attempting to reach /_stcore/health @ http://localhost:8501/static/js/index.k-9rUdPI.js:19
[  684298ms] [ERROR] Failed to load resource: net::ERR_CONNECTION_REFUSED @ http://localhost:8501/_stcore/host-config:0
[  688603ms] [ERROR] Failed to load resource: net::ERR_CONNECTION_REFUSED @ http://localhost:8501/_stcore/health:0
[  688603ms] [ERROR] Client Error in reaching server endpoint - No response received when attempting to reach /_stcore/health @ http://localhost:8501/static/js/index.k-9rUdPI.js:19
[  688604ms] [ERROR] Failed to load resource: net::ERR_CONNECTION_REFUSED @ http://localhost:8501/_stcore/host-config:0
[  692971ms] [ERROR] Failed to load resource: net::ERR_CONNECTION_REFUSED @ http://localhost:8501/_stcore/health:0
[  692971ms] [ERROR] Client Error in reaching server endpoint - No response received when attempting to reach /_stcore/health @ http://localhost:8501/static/js/index.k-9rUdPI.js:19
[  692972ms] [ERROR] Failed to load resource: net::ERR_CONNECTION_REFUSED @ http://localhost:8501/_stcore/host-config:0
[  697312ms] [ERROR] Failed to load resource: net::ERR_CONNECTION_REFUSED @ http://localhost:8501/_stcore/health:0
[  697312ms] [ERROR] Client Error in reaching server endpoint - No response received when attempting to reach /_stcore/health @ http://localhost:8501/static/js/index.k-9rUdPI.js:19
[  697313ms] [ERROR] Failed to load resource: net::ERR_CONNECTION_REFUSED @ http://localhost:8501/_stcore/host-config:0
[  701686ms] [ERROR] Failed to load resource: net::ERR_CONNECTION_REFUSED @ http://localhost:8501/_stcore/health:0
[  701686ms] [ERROR] Client Error in reaching server endpoint - No response received when attempting to reach /_stcore/health @ http://localhost:8501/static/js/index.k-9rUdPI.js:19
[  701687ms] [ERROR] Failed to load resource: net::ERR_CONNECTION_REFUSED @ http://localhost:8501/_stcore/host-config:0
[  706048ms] [ERROR] Failed to load resource: net::ERR_CONNECTION_REFUSED @ http://localhost:8501/_stcore/health:0
[  706048ms] [ERROR] Client Error in reaching server endpoint - No response received when attempting to reach /_stcore/health @ http://localhost:8501/static/js/index.k-9rUdPI.js:19
[  706048ms] [ERROR] Failed to load resource: net::ERR_CONNECTION_REFUSED @ http://localhost:8501/_stcore/host-config:0
[  710419ms] [ERROR] Failed to load resource: net::ERR_CONNECTION_REFUSED @ http://localhost:8501/_stcore/health:0
[  710419ms] [ERROR] Client Error in reaching server endpoint - No response received when attempting to reach /_stcore/health @ http://localhost:8501/static/js/index.k-9rUdPI.js:19
[  710420ms] [ERROR] Failed to load resource: net::ERR_CONNECTION_REFUSED @ http://localhost:8501/_stcore/host-config:0
[  714773ms] [ERROR] Failed to load resource: net::ERR_CONNECTION_REFUSED @ http://localhost:8501/_stcore/health:0
[  714773ms] [ERROR] Client Error in reaching server endpoint - No response received when attempting to reach /_stcore/health @ http://localhost:8501/static/js/index.k-9rUdPI.js:19
[  714774ms] [ERROR] Failed to load resource: net::ERR_CONNECTION_REFUSED @ http://localhost:8501/_stcore/host-config:0
[  719135ms] [ERROR] Failed to load resource: net::ERR_CONNECTION_REFUSED @ http://localhost:8501/_stcore/health:0
[  719135ms] [ERROR] Client Error in reaching server endpoint - No response received when attempting to reach /_stcore/health @ http://localhost:8501/static/js/index.k-9rUdPI.js:19
[  719137ms] [ERROR] Failed to load resource: net::ERR_CONNECTION_REFUSED @ http://localhost:8501/_stcore/host-config:0
[  723503ms] [ERROR] Failed to load resource: net::ERR_CONNECTION_REFUSED @ http://localhost:8501/_stcore/health:0
[  723503ms] [ERROR] Client Error in reaching server endpoint - No response received when attempting to reach /_stcore/health @ http://localhost:8501/static/js/index.k-9rUdPI.js:19
[  723504ms] [ERROR] Failed to load resource: net::ERR_CONNECTION_REFUSED @ http://localhost:8501/_stcore/host-config:0
[  727847ms] [ERROR] Failed to load resource: net::ERR_CONNECTION_REFUSED @ http://localhost:8501/_stcore/health:0
[  727847ms] [ERROR] Client Error in reaching server endpoint - No response received when attempting to reach /_stcore/health @ http://localhost:8501/static/js/index.k-9rUdPI.js:19
[  727848ms] [ERROR] Failed to load resource: net::ERR_CONNECTION_REFUSED @ http://localhost:8501/_stcore/host-config:0
[  732495ms] [ERROR] Failed to load resource: net::ERR_CONNECTION_REFUSED @ http://localhost:8501/_stcore/health:0
[  732495ms] [ERROR] Client Error in reaching server endpoint - No response received when attempting to reach /_stcore/health @ http://localhost:8501/static/js/index.k-9rUdPI.js:19
[  732497ms] [ERROR] Failed to load resource: net::ERR_CONNECTION_REFUSED @ http://localhost:8501/_stcore/host-config:0
[  736840ms] [ERROR] Failed to load resource: net::ERR_CONNECTION_REFUSED @ http://localhost:8501/_stcore/health:0
[  736840ms] [ERROR] Client Error in reaching server endpoint - No response received when attempting to reach /_stcore/health @ http://localhost:8501/static/js/index.k-9rUdPI.js:19
[  736856ms] [ERROR] Failed to load resource: net::ERR_CONNECTION_REFUSED @ http://localhost:8501/_stcore/host-config:0
[  741164ms] [ERROR] Failed to load resource: net::ERR_CONNECTION_REFUSED @ http://localhost:8501/_stcore/health:0
[  741164ms] [ERROR] Client Error in reaching server endpoint - No response received when attempting to reach /_stcore/health @ http://localhost:8501/static/js/index.k-9rUdPI.js:19
[  741180ms] [ERROR] Failed to load resource: net::ERR_CONNECTION_REFUSED @ http://localhost:8501/_stcore/host-config:0
[  745495ms] [ERROR] Failed to load resource: net::ERR_CONNECTION_REFUSED @ http://localhost:8501/_stcore/health:0
[  745495ms] [ERROR] Client Error in reaching server endpoint - No response received when attempting to reach /_stcore/health @ http://localhost:8501/static/js/index.k-9rUdPI.js:19
[  745511ms] [ERROR] Failed to load resource: net::ERR_CONNECTION_REFUSED @ http://localhost:8501/_stcore/host-config:0
[  749847ms] [ERROR] Failed to load resource: net::ERR_CONNECTION_REFUSED @ http://localhost:8501/_stcore/health:0
[  749847ms] [ERROR] Client Error in reaching server endpoint - No response received when attempting to reach /_stcore/health @ http://localhost:8501/static/js/index.k-9rUdPI.js:19
[  749849ms] [ERROR] Failed to load resource: net::ERR_CONNECTION_REFUSED @ http://localhost:8501/_stcore/host-config:0
[  754194ms] [ERROR] Failed to load resource: net::ERR_CONNECTION_REFUSED @ http://localhost:8501/_stcore/health:0
[  754194ms] [ERROR] Client Error in reaching server endpoint - No response received when attempting to reach /_stcore/health @ http://localhost:8501/static/js/index.k-9rUdPI.js:19
[  754195ms] [ERROR] Failed to load resource: net::ERR_CONNECTION_REFUSED @ http://localhost:8501/_stcore/host-config:0
[  758538ms] [ERROR] Failed to load resource: net::ERR_CONNECTION_REFUSED @ http://localhost:8501/_stcore/health:0
[  758538ms] [ERROR] Client Error in reaching server endpoint - No response received when attempting to reach /_stcore/health @ http://localhost:8501/static/js/index.k-9rUdPI.js:19
[  758540ms] [ERROR] Failed to load resource: net::ERR_CONNECTION_REFUSED @ http://localhost:8501/_stcore/host-config:0
[  762888ms] [ERROR] Failed to load resource: net::ERR_CONNECTION_REFUSED @ http://localhost:8501/_stcore/health:0
[  762888ms] [ERROR] Client Error in reaching server endpoint - No response received when attempting to reach /_stcore/health @ http://localhost:8501/static/js/index.k-9rUdPI.js:19
[  762889ms] [ERROR] Failed to load resource: net::ERR_CONNECTION_REFUSED @ http://localhost:8501/_stcore/host-config:0
[  767242ms] [ERROR] Failed to load resource: net::ERR_CONNECTION_REFUSED @ http://localhost:8501/_stcore/health:0
[  767242ms] [ERROR] Client Error in reaching server endpoint - No response received when attempting to reach /_stcore/health @ http://localhost:8501/static/js/index.k-9rUdPI.js:19
[  767243ms] [ERROR] Failed to load resource: net::ERR_CONNECTION_REFUSED @ http://localhost:8501/_stcore/host-config:0
[  771579ms] [ERROR] Failed to load resource: net::ERR_CONNECTION_REFUSED @ http://localhost:8501/_stcore/health:0
[  771579ms] [ERROR] Client Error in reaching server endpoint - No response received when attempting to reach /_stcore/health @ http://localhost:8501/static/js/index.k-9rUdPI.js:19
[  771580ms] [ERROR] Failed to load resource: net::ERR_CONNECTION_REFUSED @ http://localhost:8501/_stcore/host-config:0
[  775904ms] [ERROR] Failed to load resource: net::ERR_CONNECTION_REFUSED @ http://localhost:8501/_stcore/health:0
[  775904ms] [ERROR] Client Error in reaching server endpoint - No response received when attempting to reach /_stcore/health @ http://localhost:8501/static/js/index.k-9rUdPI.js:19
[  775905ms] [ERROR] Failed to load resource: net::ERR_CONNECTION_REFUSED @ http://localhost:8501/_stcore/host-config:0
[  780254ms] [ERROR] Failed to load resource: net::ERR_CONNECTION_REFUSED @ http://localhost:8501/_stcore/health:0
[  780254ms] [ERROR] Client Error in reaching server endpoint - No response received when attempting to reach /_stcore/health @ http://localhost:8501/static/js/index.k-9rUdPI.js:19
[  780255ms] [ERROR] Failed to load resource: net::ERR_CONNECTION_REFUSED @ http://localhost:8501/_stcore/host-config:0
[  784620ms] [ERROR] Failed to load resource: net::ERR_CONNECTION_REFUSED @ http://localhost:8501/_stcore/health:0
[  784620ms] [ERROR] Client Error in reaching server endpoint - No response received when attempting to reach /_stcore/health @ http://localhost:8501/static/js/index.k-9rUdPI.js:19
[  784621ms] [ERROR] Failed to load resource: net::ERR_CONNECTION_REFUSED @ http://localhost:8501/_stcore/host-config:0
[  788971ms] [ERROR] Failed to load resource: net::ERR_CONNECTION_REFUSED @ http://localhost:8501/_stcore/health:0
[  788971ms] [ERROR] Client Error in reaching server endpoint - No response received when attempting to reach /_stcore/health @ http://localhost:8501/static/js/index.k-9rUdPI.js:19
[  788974ms] [ERROR] Failed to load resource: net::ERR_CONNECTION_REFUSED @ http://localhost:8501/_stcore/host-config:0
[  793322ms] [ERROR] Failed to load resource: net::ERR_CONNECTION_REFUSED @ http://localhost:8501/_stcore/health:0
[  793322ms] [ERROR] Client Error in reaching server endpoint - No response received when attempting to reach /_stcore/health @ http://localhost:8501/static/js/index.k-9rUdPI.js:19
[  793337ms] [ERROR] Failed to load resource: net::ERR_CONNECTION_REFUSED @ http://localhost:8501/_stcore/host-config:0
[  797689ms] [ERROR] Failed to load resource: net::ERR_CONNECTION_REFUSED @ http://localhost:8501/_stcore/health:0
[  797690ms] [ERROR] Client Error in reaching server endpoint - No response received when attempting to reach /_stcore/health @ http://localhost:8501/static/js/index.k-9rUdPI.js:19
[  797691ms] [ERROR] Failed to load resource: net::ERR_CONNECTION_REFUSED @ http://localhost:8501/_stcore/host-config:0
[  802047ms] [ERROR] Failed to load resource: net::ERR_CONNECTION_REFUSED @ http://localhost:8501/_stcore/health:0
[  802047ms] [ERROR] Client Error in reaching server endpoint - No response received when attempting to reach /_stcore/health @ http://localhost:8501/static/js/index.k-9rUdPI.js:19
[  802048ms] [ERROR] Failed to load resource: net::ERR_CONNECTION_REFUSED @ http://localhost:8501/_stcore/host-config:0
[  806401ms] [ERROR] Failed to load resource: net::ERR_CONNECTION_REFUSED @ http://localhost:8501/_stcore/health:0
[  806401ms] [ERROR] Client Error in reaching server endpoint - No response received when attempting to reach /_stcore/health @ http://localhost:8501/static/js/index.k-9rUdPI.js:19
[  806402ms] [ERROR] Failed to load resource: net::ERR_CONNECTION_REFUSED @ http://localhost:8501/_stcore/host-config:0
[  810770ms] [ERROR] Failed to load resource: net::ERR_CONNECTION_REFUSED @ http://localhost:8501/_stcore/health:0
[  810770ms] [ERROR] Client Error in reaching server endpoint - No response received when attempting to reach /_stcore/health @ http://localhost:8501/static/js/index.k-9rUdPI.js:19
[  810771ms] [ERROR] Failed to load resource: net::ERR_CONNECTION_REFUSED @ http://localhost:8501/_stcore/host-config:0
[  815133ms] [ERROR] Failed to load resource: net::ERR_CONNECTION_REFUSED @ http://localhost:8501/_stcore/health:0
[  815133ms] [ERROR] Client Error in reaching server endpoint - No response received when attempting to reach /_stcore/health @ http://localhost:8501/static/js/index.k-9rUdPI.js:19
[  815135ms] [ERROR] Failed to load resource: net::ERR_CONNECTION_REFUSED @ http://localhost:8501/_stcore/host-config:0
[  819497ms] [ERROR] Failed to load resource: net::ERR_CONNECTION_REFUSED @ http://localhost:8501/_stcore/health:0
[  819498ms] [ERROR] Client Error in reaching server endpoint - No response received when attempting to reach /_stcore/health @ http://localhost:8501/static/js/index.k-9rUdPI.js:19
[  819499ms] [ERROR] Failed to load resource: net::ERR_CONNECTION_REFUSED @ http://localhost:8501/_stcore/host-config:0
[  823858ms] [ERROR] Failed to load resource: net::ERR_CONNECTION_REFUSED @ http://localhost:8501/_stcore/health:0
[  823858ms] [ERROR] Client Error in reaching server endpoint - No response received when attempting to reach /_stcore/health @ http://localhost:8501/static/js/index.k-9rUdPI.js:19
[  823859ms] [ERROR] Failed to load resource: net::ERR_CONNECTION_REFUSED @ http://localhost:8501/_stcore/host-config:0
[  828209ms] [ERROR] Failed to load resource: net::ERR_CONNECTION_REFUSED @ http://localhost:8501/_stcore/health:0
[  828209ms] [ERROR] Client Error in reaching server endpoint - No response received when attempting to reach /_stcore/health @ http://localhost:8501/static/js/index.k-9rUdPI.js:19
[  828210ms] [ERROR] Failed to load resource: net::ERR_CONNECTION_REFUSED @ http://localhost:8501/_stcore/host-config:0
[  832970ms] [ERROR] Failed to load resource: net::ERR_CONNECTION_REFUSED @ http://localhost:8501/_stcore/health:0
[  832971ms] [ERROR] Client Error in reaching server endpoint - No response received when attempting to reach /_stcore/health @ http://localhost:8501/static/js/index.k-9rUdPI.js:19
[  832972ms] [ERROR] Failed to load resource: net::ERR_CONNECTION_REFUSED @ http://localhost:8501/_stcore/host-config:0
[  837324ms] [ERROR] Failed to load resource: net::ERR_CONNECTION_REFUSED @ http://localhost:8501/_stcore/health:0
[  837325ms] [ERROR] Client Error in reaching server endpoint - No response received when attempting to reach /_stcore/health @ http://localhost:8501/static/js/index.k-9rUdPI.js:19
[  837326ms] [ERROR] Failed to load resource: net::ERR_CONNECTION_REFUSED @ http://localhost:8501/_stcore/host-config:0
[  841678ms] [ERROR] Failed to load resource: net::ERR_CONNECTION_REFUSED @ http://localhost:8501/_stcore/health:0
[  841678ms] [ERROR] Client Error in reaching server endpoint - No response received when attempting to reach /_stcore/health @ http://localhost:8501/static/js/index.k-9rUdPI.js:19
[  841679ms] [ERROR] Failed to load resource: net::ERR_CONNECTION_REFUSED @ http://localhost:8501/_stcore/host-config:0
[  846021ms] [ERROR] Failed to load resource: net::ERR_CONNECTION_REFUSED @ http://localhost:8501/_stcore/health:0
[  846021ms] [ERROR] Client Error in reaching server endpoint - No response received when attempting to reach /_stcore/health @ http://localhost:8501/static/js/index.k-9rUdPI.js:19
[  846022ms] [ERROR] Failed to load resource: net::ERR_CONNECTION_REFUSED @ http://localhost:8501/_stcore/host-config:0
[  850352ms] [ERROR] Failed to load resource: net::ERR_CONNECTION_REFUSED @ http://localhost:8501/_stcore/health:0
[  850353ms] [ERROR] Client Error in reaching server endpoint - No response received when attempting to reach /_stcore/health @ http://localhost:8501/static/js/index.k-9rUdPI.js:19
[  850354ms] [ERROR] Failed to load resource: net::ERR_CONNECTION_REFUSED @ http://localhost:8501/_stcore/host-config:0
[  854699ms] [ERROR] Failed to load resource: net::ERR_CONNECTION_REFUSED @ http://localhost:8501/_stcore/health:0
[  854699ms] [ERROR] Client Error in reaching server endpoint - No response received when attempting to reach /_stcore/health @ http://localhost:8501/static/js/index.k-9rUdPI.js:19
[  854700ms] [ERROR] Failed to load resource: net::ERR_CONNECTION_REFUSED @ http://localhost:8501/_stcore/host-config:0
[  859060ms] [ERROR] Failed to load resource: net::ERR_CONNECTION_REFUSED @ http://localhost:8501/_stcore/health:0
[  859060ms] [ERROR] Client Error in reaching server endpoint - No response received when attempting to reach /_stcore/health @ http://localhost:8501/static/js/index.k-9rUdPI.js:19
[  859061ms] [ERROR] Failed to load resource: net::ERR_CONNECTION_REFUSED @ http://localhost:8501/_stcore/host-config:0
[  863429ms] [ERROR] Failed to load resource: net::ERR_CONNECTION_REFUSED @ http://localhost:8501/_stcore/health:0
[  863429ms] [ERROR] Client Error in reaching server endpoint - No response received when attempting to reach /_stcore/health @ http://localhost:8501/static/js/index.k-9rUdPI.js:19
[  863431ms] [ERROR] Failed to load resource: net::ERR_CONNECTION_REFUSED @ http://localhost:8501/_stcore/host-config:0
[  867776ms] [ERROR] Failed to load resource: net::ERR_CONNECTION_REFUSED @ http://localhost:8501/_stcore/health:0
[  867776ms] [ERROR] Client Error in reaching server endpoint - No response received when attempting to reach /_stcore/health @ http://localhost:8501/static/js/index.k-9rUdPI.js:19
[  867777ms] [ERROR] Failed to load resource: net::ERR_CONNECTION_REFUSED @ http://localhost:8501/_stcore/host-config:0
[  872125ms] [ERROR] Failed to load resource: net::ERR_CONNECTION_REFUSED @ http://localhost:8501/_stcore/health:0
[  872127ms] [ERROR] Client Error in reaching server endpoint - No response received when attempting to reach /_stcore/health @ http://localhost:8501/static/js/index.k-9rUdPI.js:19
[  872127ms] [ERROR] Failed to load resource: net::ERR_CONNECTION_REFUSED @ http://localhost:8501/_stcore/host-config:0
[  876463ms] [ERROR] Failed to load resource: net::ERR_CONNECTION_REFUSED @ http://localhost:8501/_stcore/health:0
[  876463ms] [ERROR] Client Error in reaching server endpoint - No response received when attempting to reach /_stcore/health @ http://localhost:8501/static/js/index.k-9rUdPI.js:19
[  876464ms] [ERROR] Failed to load resource: net::ERR_CONNECTION_REFUSED @ http://localhost:8501/_stcore/host-config:0
[  880825ms] [ERROR] Failed to load resource: net::ERR_CONNECTION_REFUSED @ http://localhost:8501/_stcore/health:0
[  880825ms] [ERROR] Client Error in reaching server endpoint - No response received when attempting to reach /_stcore/health @ http://localhost:8501/static/js/index.k-9rUdPI.js:19
[  880826ms] [ERROR] Failed to load resource: net::ERR_CONNECTION_REFUSED @ http://localhost:8501/_stcore/host-config:0
[  885201ms] [ERROR] Failed to load resource: net::ERR_CONNECTION_REFUSED @ http://localhost:8501/_stcore/health:0
[  885201ms] [ERROR] Client Error in reaching server endpoint - No response received when attempting to reach /_stcore/health @ http://localhost:8501/static/js/index.k-9rUdPI.js:19
[  885202ms] [ERROR] Failed to load resource: net::ERR_CONNECTION_REFUSED @ http://localhost:8501/_stcore/host-config:0
[  889547ms] [ERROR] Failed to load resource: net::ERR_CONNECTION_REFUSED @ http://localhost:8501/_stcore/health:0
[  889547ms] [ERROR] Client Error in reaching server endpoint - No response received when attempting to reach /_stcore/health @ http://localhost:8501/static/js/index.k-9rUdPI.js:19
[  889548ms] [ERROR] Failed to load resource: net::ERR_CONNECTION_REFUSED @ http://localhost:8501/_stcore/host-config:0
[  894051ms] [ERROR] Failed to load resource: net::ERR_CONNECTION_REFUSED @ http://localhost:8501/_stcore/health:0
[  894051ms] [ERROR] Client Error in reaching server endpoint - No response received when attempting to reach /_stcore/health @ http://localhost:8501/static/js/index.k-9rUdPI.js:19
[  894053ms] [ERROR] Failed to load resource: net::ERR_CONNECTION_REFUSED @ http://localhost:8501/_stcore/host-config:0
[  898393ms] [ERROR] Failed to load resource: net::ERR_CONNECTION_REFUSED @ http://localhost:8501/_stcore/health:0
[  898393ms] [ERROR] Client Error in reaching server endpoint - No response received when attempting to reach /_stcore/health @ http://localhost:8501/static/js/index.k-9rUdPI.js:19
[  898410ms] [ERROR] Failed to load resource: net::ERR_CONNECTION_REFUSED @ http://localhost:8501/_stcore/host-config:0
[  902726ms] [ERROR] Failed to load resource: net::ERR_CONNECTION_REFUSED @ http://localhost:8501/_stcore/health:0
[  902726ms] [ERROR] Client Error in reaching server endpoint - No response received when attempting to reach /_stcore/health @ http://localhost:8501/static/js/index.k-9rUdPI.js:19
[  902727ms] [ERROR] Failed to load resource: net::ERR_CONNECTION_REFUSED @ http://localhost:8501/_stcore/host-config:0
[  907083ms] [ERROR] Failed to load resource: net::ERR_CONNECTION_REFUSED @ http://localhost:8501/_stcore/health:0
[  907083ms] [ERROR] Client Error in reaching server endpoint - No response received when attempting to reach /_stcore/health @ http://localhost:8501/static/js/index.k-9rUdPI.js:19
[  907084ms] [ERROR] Failed to load resource: net::ERR_CONNECTION_REFUSED @ http://localhost:8501/_stcore/host-config:0
[  911413ms] [ERROR] Failed to load resource: net::ERR_CONNECTION_REFUSED @ http://localhost:8501/_stcore/health:0
[  911413ms] [ERROR] Client Error in reaching server endpoint - No response received when attempting to reach /_stcore/health @ http://localhost:8501/static/js/index.k-9rUdPI.js:19
[  911415ms] [ERROR] Failed to load resource: net::ERR_CONNECTION_REFUSED @ http://localhost:8501/_stcore/host-config:0
[  915771ms] [ERROR] Failed to load resource: net::ERR_CONNECTION_REFUSED @ http://localhost:8501/_stcore/health:0
[  915771ms] [ERROR] Client Error in reaching server endpoint - No response received when attempting to reach /_stcore/health @ http://localhost:8501/static/js/index.k-9rUdPI.js:19
[  915772ms] [ERROR] Failed to load resource: net::ERR_CONNECTION_REFUSED @ http://localhost:8501/_stcore/host-config:0
[  920151ms] [ERROR] Failed to load resource: net::ERR_CONNECTION_REFUSED @ http://localhost:8501/_stcore/health:0
[  920151ms] [ERROR] Client Error in reaching server endpoint - No response received when attempting to reach /_stcore/health @ http://localhost:8501/static/js/index.k-9rUdPI.js:19
[  920152ms] [ERROR] Failed to load resource: net::ERR_CONNECTION_REFUSED @ http://localhost:8501/_stcore/host-config:0
[  924510ms] [ERROR] Failed to load resource: net::ERR_CONNECTION_REFUSED @ http://localhost:8501/_stcore/health:0
[  924510ms] [ERROR] Client Error in reaching server endpoint - No response received when attempting to reach /_stcore/health @ http://localhost:8501/static/js/index.k-9rUdPI.js:19
[  924526ms] [ERROR] Failed to load resource: net::ERR_CONNECTION_REFUSED @ http://localhost:8501/_stcore/host-config:0
[  928869ms] [ERROR] Failed to load resource: net::ERR_CONNECTION_REFUSED @ http://localhost:8501/_stcore/health:0
[  928869ms] [ERROR] Client Error in reaching server endpoint - No response received when attempting to reach /_stcore/health @ http://localhost:8501/static/js/index.k-9rUdPI.js:19
[  928869ms] [ERROR] Failed to load resource: net::ERR_CONNECTION_REFUSED @ http://localhost:8501/_stcore/host-config:0
[  933235ms] [ERROR] Failed to load resource: net::ERR_CONNECTION_REFUSED @ http://localhost:8501/_stcore/health:0
[  933235ms] [ERROR] Client Error in reaching server endpoint - No response received when attempting to reach /_stcore/health @ http://localhost:8501/static/js/index.k-9rUdPI.js:19
[  933236ms] [ERROR] Failed to load resource: net::ERR_CONNECTION_REFUSED @ http://localhost:8501/_stcore/host-config:0
[  937605ms] [ERROR] Failed to load resource: net::ERR_CONNECTION_REFUSED @ http://localhost:8501/_stcore/health:0
[  937605ms] [ERROR] Client Error in reaching server endpoint - No response received when attempting to reach /_stcore/health @ http://localhost:8501/static/js/index.k-9rUdPI.js:19
[  937606ms] [ERROR] Failed to load resource: net::ERR_CONNECTION_REFUSED @ http://localhost:8501/_stcore/host-config:0
[  941955ms] [ERROR] Failed to load resource: net::ERR_CONNECTION_REFUSED @ http://localhost:8501/_stcore/health:0
[  941955ms] [ERROR] Client Error in reaching server endpoint - No response received when attempting to reach /_stcore/health @ http://localhost:8501/static/js/index.k-9rUdPI.js:19
[  941956ms] [ERROR] Failed to load resource: net::ERR_CONNECTION_REFUSED @ http://localhost:8501/_stcore/host-config:0
[  946320ms] [ERROR] Failed to load resource: net::ERR_CONNECTION_REFUSED @ http://localhost:8501/_stcore/health:0
[  946320ms] [ERROR] Client Error in reaching server endpoint - No response received when attempting to reach /_stcore/health @ http://localhost:8501/static/js/index.k-9rUdPI.js:19
[  946321ms] [ERROR] Failed to load resource: net::ERR_CONNECTION_REFUSED @ http://localhost:8501/_stcore/host-config:0
[  950667ms] [ERROR] Failed to load resource: net::ERR_CONNECTION_REFUSED @ http://localhost:8501/_stcore/health:0
[  950667ms] [ERROR] Client Error in reaching server endpoint - No response received when attempting to reach /_stcore/health @ http://localhost:8501/static/js/index.k-9rUdPI.js:19
[  950668ms] [ERROR] Failed to load resource: net::ERR_CONNECTION_REFUSED @ http://localhost:8501/_stcore/host-config:0
[  955111ms] [ERROR] Failed to load resource: net::ERR_CONNECTION_REFUSED @ http://localhost:8501/_stcore/health:0
[  955111ms] [ERROR] Client Error in reaching server endpoint - No response received when attempting to reach /_stcore/health @ http://localhost:8501/static/js/index.k-9rUdPI.js:19
[  955113ms] [ERROR] Failed to load resource: net::ERR_CONNECTION_REFUSED @ http://localhost:8501/_stcore/host-config:0
[  959444ms] [ERROR] Failed to load resource: net::ERR_CONNECTION_REFUSED @ http://localhost:8501/_stcore/health:0
[  959444ms] [ERROR] Client Error in reaching server endpoint - No response received when attempting to reach /_stcore/health @ http://localhost:8501/static/js/index.k-9rUdPI.js:19
[  959445ms] [ERROR] Failed to load resource: net::ERR_CONNECTION_REFUSED @ http://localhost:8501/_stcore/host-config:0
[  963773ms] [ERROR] Failed to load resource: net::ERR_CONNECTION_REFUSED @ http://localhost:8501/_stcore/health:0
[  963774ms] [ERROR] Client Error in reaching server endpoint - No response received when attempting to reach /_stcore/health @ http://localhost:8501/static/js/index.k-9rUdPI.js:19
[  963775ms] [ERROR] Failed to load resource: net::ERR_CONNECTION_REFUSED @ http://localhost:8501/_stcore/host-config:0
[  968111ms] [ERROR] Failed to load resource: net::ERR_CONNECTION_REFUSED @ http://localhost:8501/_stcore/health:0
[  968111ms] [ERROR] Client Error in reaching server endpoint - No response received when attempting to reach /_stcore/health @ http://localhost:8501/static/js/index.k-9rUdPI.js:19
[  968112ms] [ERROR] Failed to load resource: net::ERR_CONNECTION_REFUSED @ http://localhost:8501/_stcore/host-config:0
[  972460ms] [ERROR] Failed to load resource: net::ERR_CONNECTION_REFUSED @ http://localhost:8501/_stcore/health:0
[  972461ms] [ERROR] Client Error in reaching server endpoint - No response received when attempting to reach /_stcore/health @ http://localhost:8501/static/js/index.k-9rUdPI.js:19
[  972462ms] [ERROR] Failed to load resource: net::ERR_CONNECTION_REFUSED @ http://localhost:8501/_stcore/host-config:0
[  976791ms] [ERROR] Failed to load resource: net::ERR_CONNECTION_REFUSED @ http://localhost:8501/_stcore/health:0
[  976791ms] [ERROR] Client Error in reaching server endpoint - No response received when attempting to reach /_stcore/health @ http://localhost:8501/static/js/index.k-9rUdPI.js:19
[  976792ms] [ERROR] Failed to load resource: net::ERR_CONNECTION_REFUSED @ http://localhost:8501/_stcore/host-config:0
[  981126ms] [ERROR] Failed to load resource: net::ERR_CONNECTION_REFUSED @ http://localhost:8501/_stcore/health:0
[  981126ms] [ERROR] Client Error in reaching server endpoint - No response received when attempting to reach /_stcore/health @ http://localhost:8501/static/js/index.k-9rUdPI.js:19
[  981127ms] [ERROR] Failed to load resource: net::ERR_CONNECTION_REFUSED @ http://localhost:8501/_stcore/host-config:0
[  985453ms] [ERROR] Failed to load resource: net::ERR_CONNECTION_REFUSED @ http://localhost:8501/_stcore/health:0
[  985453ms] [ERROR] Client Error in reaching server endpoint - No response received when attempting to reach /_stcore/health @ http://localhost:8501/static/js/index.k-9rUdPI.js:19
[  985454ms] [ERROR] Failed to load resource: net::ERR_CONNECTION_REFUSED @ http://localhost:8501/_stcore/host-config:0
[  989809ms] [ERROR] Failed to load resource: net::ERR_CONNECTION_REFUSED @ http://localhost:8501/_stcore/health:0
[  989809ms] [ERROR] Client Error in reaching server endpoint - No response received when attempting to reach /_stcore/health @ http://localhost:8501/static/js/index.k-9rUdPI.js:19
[  989811ms] [ERROR] Failed to load resource: net::ERR_CONNECTION_REFUSED @ http://localhost:8501/_stcore/host-config:0
[  994166ms] [ERROR] Failed to load resource: net::ERR_CONNECTION_REFUSED @ http://localhost:8501/_stcore/health:0
[  994166ms] [ERROR] Client Error in reaching server endpoint - No response received when attempting to reach /_stcore/health @ http://localhost:8501/static/js/index.k-9rUdPI.js:19
[  994182ms] [ERROR] Failed to load resource: net::ERR_CONNECTION_REFUSED @ http://localhost:8501/_stcore/host-config:0
[  998527ms] [ERROR] Failed to load resource: net::ERR_CONNECTION_REFUSED @ http://localhost:8501/_stcore/health:0
[  998528ms] [ERROR] Client Error in reaching server endpoint - No response received when attempting to reach /_stcore/health @ http://localhost:8501/static/js/index.k-9rUdPI.js:19
[  998529ms] [ERROR] Failed to load resource: net::ERR_CONNECTION_REFUSED @ http://localhost:8501/_stcore/host-config:0
[ 1002892ms] [ERROR] Failed to load resource: net::ERR_CONNECTION_REFUSED @ http://localhost:8501/_stcore/health:0
[ 1002892ms] [ERROR] Client Error in reaching server endpoint - No response received when attempting to reach /_stcore/health @ http://localhost:8501/static/js/index.k-9rUdPI.js:19
[ 1002894ms] [ERROR] Failed to load resource: net::ERR_CONNECTION_REFUSED @ http://localhost:8501/_stcore/host-config:0
[ 1007235ms] [ERROR] Failed to load resource: net::ERR_CONNECTION_REFUSED @ http://localhost:8501/_stcore/health:0
[ 1007235ms] [ERROR] Client Error in reaching server endpoint - No response received when attempting to reach /_stcore/health @ http://localhost:8501/static/js/index.k-9rUdPI.js:19
[ 1007242ms] [ERROR] Failed to load resource: net::ERR_CONNECTION_REFUSED @ http://localhost:8501/_stcore/host-config:0
[ 1011605ms] [ERROR] Failed to load resource: net::ERR_CONNECTION_REFUSED @ http://localhost:8501/_stcore/health:0
[ 1011605ms] [ERROR] Client Error in reaching server endpoint - No response received when attempting to reach /_stcore/health @ http://localhost:8501/static/js/index.k-9rUdPI.js:19
[ 1011606ms] [ERROR] Failed to load resource: net::ERR_CONNECTION_REFUSED @ http://localhost:8501/_stcore/host-config:0
[ 1015964ms] [ERROR] Failed to load resource: net::ERR_CONNECTION_REFUSED @ http://localhost:8501/_stcore/health:0
[ 1015964ms] [ERROR] Client Error in reaching server endpoint - No response received when attempting to reach /_stcore/health @ http://localhost:8501/static/js/index.k-9rUdPI.js:19
[ 1015965ms] [ERROR] Failed to load resource: net::ERR_CONNECTION_REFUSED @ http://localhost:8501/_stcore/host-config:0
[ 1020313ms] [ERROR] Failed to load resource: net::ERR_CONNECTION_REFUSED @ http://localhost:8501/_stcore/health:0
[ 1020314ms] [ERROR] Client Error in reaching server endpoint - No response received when attempting to reach /_stcore/health @ http://localhost:8501/static/js/index.k-9rUdPI.js:19
[ 1020315ms] [ERROR] Failed to load resource: net::ERR_CONNECTION_REFUSED @ http://localhost:8501/_stcore/host-config:0
[ 1024654ms] [ERROR] Failed to load resource: net::ERR_CONNECTION_REFUSED @ http://localhost:8501/_stcore/health:0
[ 1024655ms] [ERROR] Client Error in reaching server endpoint - No response received when attempting to reach /_stcore/health @ http://localhost:8501/static/js/index.k-9rUdPI.js:19
[ 1024656ms] [ERROR] Failed to load resource: net::ERR_CONNECTION_REFUSED @ http://localhost:8501/_stcore/host-config:0
[ 1029013ms] [ERROR] Failed to load resource: net::ERR_CONNECTION_REFUSED @ http://localhost:8501/_stcore/health:0
[ 1029013ms] [ERROR] Client Error in reaching server endpoint - No response received when attempting to reach /_stcore/health @ http://localhost:8501/static/js/index.k-9rUdPI.js:19
[ 1029014ms] [ERROR] Failed to load resource: net::ERR_CONNECTION_REFUSED @ http://localhost:8501/_stcore/host-config:0
[ 1033364ms] [ERROR] Failed to load resource: net::ERR_CONNECTION_REFUSED @ http://localhost:8501/_stcore/health:0
[ 1033364ms] [ERROR] Client Error in reaching server endpoint - No response received when attempting to reach /_stcore/health @ http://localhost:8501/static/js/index.k-9rUdPI.js:19
[ 1033365ms] [ERROR] Failed to load resource: net::ERR_CONNECTION_REFUSED @ http://localhost:8501/_stcore/host-config:0
[ 1037718ms] [ERROR] Failed to load resource: net::ERR_CONNECTION_REFUSED @ http://localhost:8501/_stcore/health:0
[ 1037718ms] [ERROR] Client Error in reaching server endpoint - No response received when attempting to reach /_stcore/health @ http://localhost:8501/static/js/index.k-9rUdPI.js:19
[ 1037719ms] [ERROR] Failed to load resource: net::ERR_CONNECTION_REFUSED @ http://localhost:8501/_stcore/host-config:0
[ 1042085ms] [ERROR] Failed to load resource: net::ERR_CONNECTION_REFUSED @ http://localhost:8501/_stcore/health:0
[ 1042086ms] [ERROR] Client Error in reaching server endpoint - No response received when attempting to reach /_stcore/health @ http://localhost:8501/static/js/index.k-9rUdPI.js:19
[ 1042091ms] [ERROR] Failed to load resource: net::ERR_CONNECTION_REFUSED @ http://localhost:8501/_stcore/host-config:0
[ 1046444ms] [ERROR] Failed to load resource: net::ERR_CONNECTION_REFUSED @ http://localhost:8501/_stcore/health:0
[ 1046444ms] [ERROR] Client Error in reaching server endpoint - No response received when attempting to reach /_stcore/health @ http://localhost:8501/static/js/index.k-9rUdPI.js:19
[ 1046445ms] [ERROR] Failed to load resource: net::ERR_CONNECTION_REFUSED @ http://localhost:8501/_stcore/host-config:0
[ 1050800ms] [ERROR] Failed to load resource: net::ERR_CONNECTION_REFUSED @ http://localhost:8501/_stcore/health:0
[ 1050800ms] [ERROR] Client Error in reaching server endpoint - No response received when attempting to reach /_stcore/health @ http://localhost:8501/static/js/index.k-9rUdPI.js:19
[ 1050801ms] [ERROR] Failed to load resource: net::ERR_CONNECTION_REFUSED @ http://localhost:8501/_stcore/host-config:0
[ 1055158ms] [ERROR] Failed to load resource: net::ERR_CONNECTION_REFUSED @ http://localhost:8501/_stcore/health:0
[ 1055158ms] [ERROR] Client Error in reaching server endpoint - No response received when attempting to reach /_stcore/health @ http://localhost:8501/static/js/index.k-9rUdPI.js:19
[ 1055159ms] [ERROR] Failed to load resource: net::ERR_CONNECTION_REFUSED @ http://localhost:8501/_stcore/host-config:0
[ 1059492ms] [ERROR] Failed to load resource: net::ERR_CONNECTION_REFUSED @ http://localhost:8501/_stcore/health:0
[ 1059492ms] [ERROR] Client Error in reaching server endpoint - No response received when attempting to reach /_stcore/health @ http://localhost:8501/static/js/index.k-9rUdPI.js:19
[ 1059670ms] [ERROR] Failed to load resource: net::ERR_CONNECTION_REFUSED @ http://localhost:8501/_stcore/host-config:0
[ 1063850ms] [ERROR] Failed to load resource: net::ERR_CONNECTION_REFUSED @ http://localhost:8501/_stcore/health:0
[ 1063850ms] [ERROR] Client Error in reaching server endpoint - No response received when attempting to reach /_stcore/health @ http://localhost:8501/static/js/index.k-9rUdPI.js:19
[ 1063852ms] [ERROR] Failed to load resource: net::ERR_CONNECTION_REFUSED @ http://localhost:8501/_stcore/host-config:0
[ 1068180ms] [ERROR] Failed to load resource: net::ERR_CONNECTION_REFUSED @ http://localhost:8501/_stcore/health:0
[ 1068180ms] [ERROR] Client Error in reaching server endpoint - No response received when attempting to reach /_stcore/health @ http://localhost:8501/static/js/index.k-9rUdPI.js:19
[ 1068182ms] [ERROR] Failed to load resource: net::ERR_CONNECTION_REFUSED @ http://localhost:8501/_stcore/host-config:0
[ 1072535ms] [ERROR] Failed to load resource: net::ERR_CONNECTION_REFUSED @ http://localhost:8501/_stcore/health:0
[ 1072536ms] [ERROR] Client Error in reaching server endpoint - No response received when attempting to reach /_stcore/health @ http://localhost:8501/static/js/index.k-9rUdPI.js:19
[ 1072538ms] [ERROR] Failed to load resource: net::ERR_CONNECTION_REFUSED @ http://localhost:8501/_stcore/host-config:0
[ 1076878ms] [ERROR] Failed to load resource: net::ERR_CONNECTION_REFUSED @ http://localhost:8501/_stcore/health:0
[ 1076878ms] [ERROR] Client Error in reaching server endpoint - No response received when attempting to reach /_stcore/health @ http://localhost:8501/static/js/index.k-9rUdPI.js:19
[ 1076879ms] [ERROR] Failed to load resource: net::ERR_CONNECTION_REFUSED @ http://localhost:8501/_stcore/host-config:0
[ 1081226ms] [ERROR] Failed to load resource: net::ERR_CONNECTION_REFUSED @ http://localhost:8501/_stcore/health:0
[ 1081227ms] [ERROR] Client Error in reaching server endpoint - No response received when attempting to reach /_stcore/health @ http://localhost:8501/static/js/index.k-9rUdPI.js:19
[ 1081228ms] [ERROR] Failed to load resource: net::ERR_CONNECTION_REFUSED @ http://localhost:8501/_stcore/host-config:0
[ 1085568ms] [ERROR] Failed to load resource: net::ERR_CONNECTION_REFUSED @ http://localhost:8501/_stcore/health:0
[ 1085568ms] [ERROR] Client Error in reaching server endpoint - No response received when attempting to reach /_stcore/health @ http://localhost:8501/static/js/index.k-9rUdPI.js:19
[ 1085570ms] [ERROR] Failed to load resource: net::ERR_CONNECTION_REFUSED @ http://localhost:8501/_stcore/host-config:0
[ 1089918ms] [ERROR] Failed to load resource: net::ERR_CONNECTION_REFUSED @ http://localhost:8501/_stcore/health:0
[ 1089919ms] [ERROR] Client Error in reaching server endpoint - No response received when attempting to reach /_stcore/health @ http://localhost:8501/static/js/index.k-9rUdPI.js:19
[ 1089921ms] [ERROR] Failed to load resource: net::ERR_CONNECTION_REFUSED @ http://localhost:8501/_stcore/host-config:0
[ 1094267ms] [ERROR] Failed to load resource: net::ERR_CONNECTION_REFUSED @ http://localhost:8501/_stcore/health:0
[ 1094267ms] [ERROR] Client Error in reaching server endpoint - No response received when attempting to reach /_stcore/health @ http://localhost:8501/static/js/index.k-9rUdPI.js:19
[ 1094269ms] [ERROR] Failed to load resource: net::ERR_CONNECTION_REFUSED @ http://localhost:8501/_stcore/host-config:0
[ 1098600ms] [ERROR] Failed to load resource: net::ERR_CONNECTION_REFUSED @ http://localhost:8501/_stcore/health:0
[ 1098600ms] [ERROR] Client Error in reaching server endpoint - No response received when attempting to reach /_stcore/health @ http://localhost:8501/static/js/index.k-9rUdPI.js:19
[ 1098601ms] [ERROR] Failed to load resource: net::ERR_CONNECTION_REFUSED @ http://localhost:8501/_stcore/host-config:0
[ 1102935ms] [ERROR] Failed to load resource: net::ERR_CONNECTION_REFUSED @ http://localhost:8501/_stcore/health:0
[ 1102935ms] [ERROR] Client Error in reaching server endpoint - No response received when attempting to reach /_stcore/health @ http://localhost:8501/static/js/index.k-9rUdPI.js:19
[ 1102950ms] [ERROR] Failed to load resource: net::ERR_CONNECTION_REFUSED @ http://localhost:8501/_stcore/host-config:0
[ 1107268ms] [ERROR] Failed to load resource: net::ERR_CONNECTION_REFUSED @ http://localhost:8501/_stcore/health:0
[ 1107268ms] [ERROR] Client Error in reaching server endpoint - No response received when attempting to reach /_stcore/health @ http://localhost:8501/static/js/index.k-9rUdPI.js:19
[ 1107268ms] [ERROR] Failed to load resource: net::ERR_CONNECTION_REFUSED @ http://localhost:8501/_stcore/host-config:0
[ 1111616ms] [ERROR] Failed to load resource: net::ERR_CONNECTION_REFUSED @ http://localhost:8501/_stcore/health:0
[ 1111616ms] [ERROR] Client Error in reaching server endpoint - No response received when attempting to reach /_stcore/health @ http://localhost:8501/static/js/index.k-9rUdPI.js:19
[ 1111618ms] [ERROR] Failed to load resource: net::ERR_CONNECTION_REFUSED @ http://localhost:8501/_stcore/host-config:0
[ 1115965ms] [ERROR] Failed to load resource: net::ERR_CONNECTION_REFUSED @ http://localhost:8501/_stcore/health:0
[ 1115965ms] [ERROR] Client Error in reaching server endpoint - No response received when attempting to reach /_stcore/health @ http://localhost:8501/static/js/index.k-9rUdPI.js:19
[ 1115966ms] [ERROR] Failed to load resource: net::ERR_CONNECTION_REFUSED @ http://localhost:8501/_stcore/host-config:0
[ 1120334ms] [ERROR] Failed to load resource: net::ERR_CONNECTION_REFUSED @ http://localhost:8501/_stcore/health:0
[ 1120334ms] [ERROR] Client Error in reaching server endpoint - No response received when attempting to reach /_stcore/health @ http://localhost:8501/static/js/index.k-9rUdPI.js:19
[ 1120335ms] [ERROR] Failed to load resource: net::ERR_CONNECTION_REFUSED @ http://localhost:8501/_stcore/host-config:0
[ 1124692ms] [ERROR] Failed to load resource: net::ERR_CONNECTION_REFUSED @ http://localhost:8501/_stcore/health:0
[ 1124692ms] [ERROR] Client Error in reaching server endpoint - No response received when attempting to reach /_stcore/health @ http://localhost:8501/static/js/index.k-9rUdPI.js:19
[ 1124693ms] [ERROR] Failed to load resource: net::ERR_CONNECTION_REFUSED @ http://localhost:8501/_stcore/host-config:0
[ 1129062ms] [ERROR] Failed to load resource: net::ERR_CONNECTION_REFUSED @ http://localhost:8501/_stcore/health:0
[ 1129063ms] [ERROR] Client Error in reaching server endpoint - No response received when attempting to reach /_stcore/health @ http://localhost:8501/static/js/index.k-9rUdPI.js:19
[ 1129064ms] [ERROR] Failed to load resource: net::ERR_CONNECTION_REFUSED @ http://localhost:8501/_stcore/host-config:0
[ 1133418ms] [ERROR] Failed to load resource: net::ERR_CONNECTION_REFUSED @ http://localhost:8501/_stcore/health:0
[ 1133418ms] [ERROR] Client Error in reaching server endpoint - No response received when attempting to reach /_stcore/health @ http://localhost:8501/static/js/index.k-9rUdPI.js:19
[ 1133419ms] [ERROR] Failed to load resource: net::ERR_CONNECTION_REFUSED @ http://localhost:8501/_stcore/host-config:0
[ 1137784ms] [ERROR] Failed to load resource: net::ERR_CONNECTION_REFUSED @ http://localhost:8501/_stcore/health:0
[ 1137784ms] [ERROR] Client Error in reaching server endpoint - No response received when attempting to reach /_stcore/health @ http://localhost:8501/static/js/index.k-9rUdPI.js:19
[ 1137785ms] [ERROR] Failed to load resource: net::ERR_CONNECTION_REFUSED @ http://localhost:8501/_stcore/host-config:0
[ 1142144ms] [ERROR] Failed to load resource: net::ERR_CONNECTION_REFUSED @ http://localhost:8501/_stcore/health:0
[ 1142145ms] [ERROR] Client Error in reaching server endpoint - No response received when attempting to reach /_stcore/health @ http://localhost:8501/static/js/index.k-9rUdPI.js:19
[ 1142146ms] [ERROR] Failed to load resource: net::ERR_CONNECTION_REFUSED @ http://localhost:8501/_stcore/host-config:0
[ 1146499ms] [ERROR] Failed to load resource: net::ERR_CONNECTION_REFUSED @ http://localhost:8501/_stcore/health:0
[ 1146499ms] [ERROR] Client Error in reaching server endpoint - No response received when attempting to reach /_stcore/health @ http://localhost:8501/static/js/index.k-9rUdPI.js:19
[ 1146500ms] [ERROR] Failed to load resource: net::ERR_CONNECTION_REFUSED @ http://localhost:8501/_stcore/host-config:0
[ 1151127ms] [ERROR] Failed to load resource: net::ERR_CONNECTION_REFUSED @ http://localhost:8501/_stcore/health:0
[ 1151128ms] [ERROR] Client Error in reaching server endpoint - No response received when attempting to reach /_stcore/health @ http://localhost:8501/static/js/index.k-9rUdPI.js:19
[ 1151144ms] [ERROR] Failed to load resource: net::ERR_CONNECTION_REFUSED @ http://localhost:8501/_stcore/host-config:0
[ 1155476ms] [ERROR] Failed to load resource: net::ERR_CONNECTION_REFUSED @ http://localhost:8501/_stcore/health:0
[ 1155476ms] [ERROR] Client Error in reaching server endpoint - No response received when attempting to reach /_stcore/health @ http://localhost:8501/static/js/index.k-9rUdPI.js:19
[ 1155477ms] [ERROR] Failed to load resource: net::ERR_CONNECTION_REFUSED @ http://localhost:8501/_stcore/host-config:0
[ 1159826ms] [ERROR] Failed to load resource: net::ERR_CONNECTION_REFUSED @ http://localhost:8501/_stcore/health:0
[ 1159826ms] [ERROR] Client Error in reaching server endpoint - No response received when attempting to reach /_stcore/health @ http://localhost:8501/static/js/index.k-9rUdPI.js:19
[ 1159827ms] [ERROR] Failed to load resource: net::ERR_CONNECTION_REFUSED @ http://localhost:8501/_stcore/host-config:0
[ 1164177ms] [ERROR] Failed to load resource: net::ERR_CONNECTION_REFUSED @ http://localhost:8501/_stcore/health:0
[ 1164177ms] [ERROR] Client Error in reaching server endpoint - No response received when attempting to reach /_stcore/health @ http://localhost:8501/static/js/index.k-9rUdPI.js:19
[ 1164179ms] [ERROR] Failed to load resource: net::ERR_CONNECTION_REFUSED @ http://localhost:8501/_stcore/host-config:0
[ 1168525ms] [ERROR] Failed to load resource: net::ERR_CONNECTION_REFUSED @ http://localhost:8501/_stcore/health:0
[ 1168525ms] [ERROR] Client Error in reaching server endpoint - No response received when attempting to reach /_stcore/health @ http://localhost:8501/static/js/index.k-9rUdPI.js:19
[ 1168527ms] [ERROR] Failed to load resource: net::ERR_CONNECTION_REFUSED @ http://localhost:8501/_stcore/host-config:0
[ 1172855ms] [ERROR] Failed to load resource: net::ERR_CONNECTION_REFUSED @ http://localhost:8501/_stcore/health:0
[ 1172855ms] [ERROR] Client Error in reaching server endpoint - No response received when attempting to reach /_stcore/health @ http://localhost:8501/static/js/index.k-9rUdPI.js:19
[ 1172856ms] [ERROR] Failed to load resource: net::ERR_CONNECTION_REFUSED @ http://localhost:8501/_stcore/host-config:0
[ 1177217ms] [ERROR] Failed to load resource: net::ERR_CONNECTION_REFUSED @ http://localhost:8501/_stcore/health:0
[ 1177217ms] [ERROR] Client Error in reaching server endpoint - No response received when attempting to reach /_stcore/health @ http://localhost:8501/static/js/index.k-9rUdPI.js:19
[ 1177331ms] [ERROR] Failed to load resource: net::ERR_CONNECTION_REFUSED @ http://localhost:8501/_stcore/host-config:0
[ 1181555ms] [ERROR] Failed to load resource: net::ERR_CONNECTION_REFUSED @ http://localhost:8501/_stcore/health:0
[ 1181556ms] [ERROR] Client Error in reaching server endpoint - No response received when attempting to reach /_stcore/health @ http://localhost:8501/static/js/index.k-9rUdPI.js:19
[ 1181557ms] [ERROR] Failed to load resource: net::ERR_CONNECTION_REFUSED @ http://localhost:8501/_stcore/host-config:0
[ 1185929ms] [ERROR] Failed to load resource: net::ERR_CONNECTION_REFUSED @ http://localhost:8501/_stcore/health:0
[ 1185929ms] [ERROR] Client Error in reaching server endpoint - No response received when attempting to reach /_stcore/health @ http://localhost:8501/static/js/index.k-9rUdPI.js:19
[ 1185930ms] [ERROR] Failed to load resource: net::ERR_CONNECTION_REFUSED @ http://localhost:8501/_stcore/host-config:0
[ 1190302ms] [ERROR] Failed to load resource: net::ERR_CONNECTION_REFUSED @ http://localhost:8501/_stcore/health:0
[ 1190302ms] [ERROR] Client Error in reaching server endpoint - No response received when attempting to reach /_stcore/health @ http://localhost:8501/static/js/index.k-9rUdPI.js:19
[ 1190303ms] [ERROR] Failed to load resource: net::ERR_CONNECTION_REFUSED @ http://localhost:8501/_stcore/host-config:0
[ 1194651ms] [ERROR] Failed to load resource: net::ERR_CONNECTION_REFUSED @ http://localhost:8501/_stcore/health:0
[ 1194651ms] [ERROR] Client Error in reaching server endpoint - No response received when attempting to reach /_stcore/health @ http://localhost:8501/static/js/index.k-9rUdPI.js:19
[ 1194652ms] [ERROR] Failed to load resource: net::ERR_CONNECTION_REFUSED @ http://localhost:8501/_stcore/host-config:0
[ 1199010ms] [ERROR] Failed to load resource: net::ERR_CONNECTION_REFUSED @ http://localhost:8501/_stcore/health:0
[ 1199010ms] [ERROR] Client Error in reaching server endpoint - No response received when attempting to reach /_stcore/health @ http://localhost:8501/static/js/index.k-9rUdPI.js:19
[ 1199011ms] [ERROR] Failed to load resource: net::ERR_CONNECTION_REFUSED @ http://localhost:8501/_stcore/host-config:0
[ 1203340ms] [ERROR] Failed to load resource: net::ERR_CONNECTION_REFUSED @ http://localhost:8501/_stcore/health:0
[ 1203341ms] [ERROR] Client Error in reaching server endpoint - No response received when attempting to reach /_stcore/health @ http://localhost:8501/static/js/index.k-9rUdPI.js:19
[ 1203356ms] [ERROR] Failed to load resource: net::ERR_CONNECTION_REFUSED @ http://localhost:8501/_stcore/host-config:0
[ 1207697ms] [ERROR] Failed to load resource: net::ERR_CONNECTION_REFUSED @ http://localhost:8501/_stcore/health:0
[ 1207697ms] [ERROR] Client Error in reaching server endpoint - No response received when attempting to reach /_stcore/health @ http://localhost:8501/static/js/index.k-9rUdPI.js:19
[ 1207713ms] [ERROR] Failed to load resource: net::ERR_CONNECTION_REFUSED @ http://localhost:8501/_stcore/host-config:0
[ 1212081ms] [ERROR] Failed to load resource: net::ERR_CONNECTION_REFUSED @ http://localhost:8501/_stcore/health:0
[ 1212081ms] [ERROR] Client Error in reaching server endpoint - No response received when attempting to reach /_stcore/health @ http://localhost:8501/static/js/index.k-9rUdPI.js:19
[ 1212082ms] [ERROR] Failed to load resource: net::ERR_CONNECTION_REFUSED @ http://localhost:8501/_stcore/host-config:0
[ 1216446ms] [ERROR] Failed to load resource: net::ERR_CONNECTION_REFUSED @ http://localhost:8501/_stcore/health:0
[ 1216447ms] [ERROR] Client Error in reaching server endpoint - No response received when attempting to reach /_stcore/health @ http://localhost:8501/static/js/index.k-9rUdPI.js:19
[ 1216448ms] [ERROR] Failed to load resource: net::ERR_CONNECTION_REFUSED @ http://localhost:8501/_stcore/host-config:0
[ 1220774ms] [ERROR] Failed to load resource: net::ERR_CONNECTION_REFUSED @ http://localhost:8501/_stcore/health:0
[ 1220774ms] [ERROR] Client Error in reaching server endpoint - No response received when attempting to reach /_stcore/health @ http://localhost:8501/static/js/index.k-9rUdPI.js:19
[ 1220775ms] [ERROR] Failed to load resource: net::ERR_CONNECTION_REFUSED @ http://localhost:8501/_stcore/host-config:0
[ 1225120ms] [ERROR] Failed to load resource: net::ERR_CONNECTION_REFUSED @ http://localhost:8501/_stcore/health:0
[ 1225120ms] [ERROR] Client Error in reaching server endpoint - No response received when attempting to reach /_stcore/health @ http://localhost:8501/static/js/index.k-9rUdPI.js:19
[ 1225150ms] [ERROR] Failed to load resource: net::ERR_CONNECTION_REFUSED @ http://localhost:8501/_stcore/host-config:0
[ 1229477ms] [ERROR] Failed to load resource: net::ERR_CONNECTION_REFUSED @ http://localhost:8501/_stcore/health:0
[ 1229478ms] [ERROR] Client Error in reaching server endpoint - No response received when attempting to reach /_stcore/health @ http://localhost:8501/static/js/index.k-9rUdPI.js:19
[ 1229479ms] [ERROR] Failed to load resource: net::ERR_CONNECTION_REFUSED @ http://localhost:8501/_stcore/host-config:0
[ 1233838ms] [ERROR] Failed to load resource: net::ERR_CONNECTION_REFUSED @ http://localhost:8501/_stcore/health:0
[ 1233839ms] [ERROR] Client Error in reaching server endpoint - No response received when attempting to reach /_stcore/health @ http://localhost:8501/static/js/index.k-9rUdPI.js:19
[ 1233840ms] [ERROR] Failed to load resource: net::ERR_CONNECTION_REFUSED @ http://localhost:8501/_stcore/host-config:0
[ 1238212ms] [ERROR] Failed to load resource: net::ERR_CONNECTION_REFUSED @ http://localhost:8501/_stcore/health:0
[ 1238213ms] [ERROR] Client Error in reaching server endpoint - No response received when attempting to reach /_stcore/health @ http://localhost:8501/static/js/index.k-9rUdPI.js:19
[ 1238214ms] [ERROR] Failed to load resource: net::ERR_CONNECTION_REFUSED @ http://localhost:8501/_stcore/host-config:0
[ 1242602ms] [ERROR] Failed to load resource: net::ERR_CONNECTION_REFUSED @ http://localhost:8501/_stcore/health:0
[ 1242602ms] [ERROR] Client Error in reaching server endpoint - No response received when attempting to reach /_stcore/health @ http://localhost:8501/static/js/index.k-9rUdPI.js:19
[ 1242603ms] [ERROR] Failed to load resource: net::ERR_CONNECTION_REFUSED @ http://localhost:8501/_stcore/host-config:0
[ 1246974ms] [ERROR] Failed to load resource: net::ERR_CONNECTION_REFUSED @ http://localhost:8501/_stcore/health:0
[ 1246974ms] [ERROR] Client Error in reaching server endpoint - No response received when attempting to reach /_stcore/health @ http://localhost:8501/static/js/index.k-9rUdPI.js:19
[ 1246975ms] [ERROR] Failed to load resource: net::ERR_CONNECTION_REFUSED @ http://localhost:8501/_stcore/host-config:0
[ 1251325ms] [ERROR] Failed to load resource: net::ERR_CONNECTION_REFUSED @ http://localhost:8501/_stcore/health:0
[ 1251325ms] [ERROR] Client Error in reaching server endpoint - No response received when attempting to reach /_stcore/health @ http://localhost:8501/static/js/index.k-9rUdPI.js:19
[ 1251327ms] [ERROR] Failed to load resource: net::ERR_CONNECTION_REFUSED @ http://localhost:8501/_stcore/host-config:0
[ 1255682ms] [ERROR] Failed to load resource: net::ERR_CONNECTION_REFUSED @ http://localhost:8501/_stcore/health:0
[ 1255682ms] [ERROR] Client Error in reaching server endpoint - No response received when attempting to reach /_stcore/health @ http://localhost:8501/static/js/index.k-9rUdPI.js:19
[ 1255697ms] [ERROR] Failed to load resource: net::ERR_CONNECTION_REFUSED @ http://localhost:8501/_stcore/host-config:0
[ 1260043ms] [ERROR] Failed to load resource: net::ERR_CONNECTION_REFUSED @ http://localhost:8501/_stcore/health:0
[ 1260043ms] [ERROR] Client Error in reaching server endpoint - No response received when attempting to reach /_stcore/health @ http://localhost:8501/static/js/index.k-9rUdPI.js:19
[ 1260045ms] [ERROR] Failed to load resource: net::ERR_CONNECTION_REFUSED @ http://localhost:8501/_stcore/host-config:0
[ 1264417ms] [ERROR] Failed to load resource: net::ERR_CONNECTION_REFUSED @ http://localhost:8501/_stcore/health:0
[ 1264417ms] [ERROR] Client Error in reaching server endpoint - No response received when attempting to reach /_stcore/health @ http://localhost:8501/static/js/index.k-9rUdPI.js:19
[ 1264446ms] [ERROR] Failed to load resource: net::ERR_CONNECTION_REFUSED @ http://localhost:8501/_stcore/host-config:0
[ 1268760ms] [ERROR] Failed to load resource: net::ERR_CONNECTION_REFUSED @ http://localhost:8501/_stcore/health:0
[ 1268760ms] [ERROR] Client Error in reaching server endpoint - No response received when attempting to reach /_stcore/health @ http://localhost:8501/static/js/index.k-9rUdPI.js:19
[ 1268761ms] [ERROR] Failed to load resource: net::ERR_CONNECTION_REFUSED @ http://localhost:8501/_stcore/host-config:0
[ 1273133ms] [ERROR] Failed to load resource: net::ERR_CONNECTION_REFUSED @ http://localhost:8501/_stcore/health:0
[ 1273134ms] [ERROR] Client Error in reaching server endpoint - No response received when attempting to reach /_stcore/health @ http://localhost:8501/static/js/index.k-9rUdPI.js:19
[ 1273135ms] [ERROR] Failed to load resource: net::ERR_CONNECTION_REFUSED @ http://localhost:8501/_stcore/host-config:0
[ 1277490ms] [ERROR] Failed to load resource: net::ERR_CONNECTION_REFUSED @ http://localhost:8501/_stcore/health:0
[ 1277490ms] [ERROR] Client Error in reaching server endpoint - No response received when attempting to reach /_stcore/health @ http://localhost:8501/static/js/index.k-9rUdPI.js:19
[ 1277491ms] [ERROR] Failed to load resource: net::ERR_CONNECTION_REFUSED @ http://localhost:8501/_stcore/host-config:0
[ 1281821ms] [ERROR] Failed to load resource: net::ERR_CONNECTION_REFUSED @ http://localhost:8501/_stcore/health:0
[ 1281822ms] [ERROR] Client Error in reaching server endpoint - No response received when attempting to reach /_stcore/health @ http://localhost:8501/static/js/index.k-9rUdPI.js:19
[ 1281823ms] [ERROR] Failed to load resource: net::ERR_CONNECTION_REFUSED @ http://localhost:8501/_stcore/host-config:0
[ 1286182ms] [ERROR] Failed to load resource: net::ERR_CONNECTION_REFUSED @ http://localhost:8501/_stcore/health:0
[ 1286182ms] [ERROR] Client Error in reaching server endpoint - No response received when attempting to reach /_stcore/health @ http://localhost:8501/static/js/index.k-9rUdPI.js:19
[ 1286184ms] [ERROR] Failed to load resource: net::ERR_CONNECTION_REFUSED @ http://localhost:8501/_stcore/host-config:0
[ 1290510ms] [ERROR] Failed to load resource: net::ERR_CONNECTION_REFUSED @ http://localhost:8501/_stcore/health:0
[ 1290510ms] [ERROR] Client Error in reaching server endpoint - No response received when attempting to reach /_stcore/health @ http://localhost:8501/static/js/index.k-9rUdPI.js:19
[ 1290539ms] [ERROR] Failed to load resource: net::ERR_CONNECTION_REFUSED @ http://localhost:8501/_stcore/host-config:0
[ 1294868ms] [ERROR] Failed to load resource: net::ERR_CONNECTION_REFUSED @ http://localhost:8501/_stcore/health:0
[ 1294868ms] [ERROR] Client Error in reaching server endpoint - No response received when attempting to reach /_stcore/health @ http://localhost:8501/static/js/index.k-9rUdPI.js:19
[ 1294869ms] [ERROR] Failed to load resource: net::ERR_CONNECTION_REFUSED @ http://localhost:8501/_stcore/host-config:0
[ 1299239ms] [ERROR] Failed to load resource: net::ERR_CONNECTION_REFUSED @ http://localhost:8501/_stcore/health:0
[ 1299239ms] [ERROR] Client Error in reaching server endpoint - No response received when attempting to reach /_stcore/health @ http://localhost:8501/static/js/index.k-9rUdPI.js:19
[ 1299240ms] [ERROR] Failed to load resource: net::ERR_CONNECTION_REFUSED @ http://localhost:8501/_stcore/host-config:0
[ 1303587ms] [ERROR] Failed to load resource: net::ERR_CONNECTION_REFUSED @ http://localhost:8501/_stcore/health:0
[ 1303587ms] [ERROR] Client Error in reaching server endpoint - No response received when attempting to reach /_stcore/health @ http://localhost:8501/static/js/index.k-9rUdPI.js:19
[ 1303588ms] [ERROR] Failed to load resource: net::ERR_CONNECTION_REFUSED @ http://localhost:8501/_stcore/host-config:0
[ 1307947ms] [ERROR] Failed to load resource: net::ERR_CONNECTION_REFUSED @ http://localhost:8501/_stcore/health:0
[ 1307948ms] [ERROR] Client Error in reaching server endpoint - No response received when attempting to reach /_stcore/health @ http://localhost:8501/static/js/index.k-9rUdPI.js:19
[ 1307949ms] [ERROR] Failed to load resource: net::ERR_CONNECTION_REFUSED @ http://localhost:8501/_stcore/host-config:0
[ 1312299ms] [ERROR] Failed to load resource: net::ERR_CONNECTION_REFUSED @ http://localhost:8501/_stcore/health:0
[ 1312299ms] [ERROR] Client Error in reaching server endpoint - No response received when attempting to reach /_stcore/health @ http://localhost:8501/static/js/index.k-9rUdPI.js:19
[ 1312300ms] [ERROR] Failed to load resource: net::ERR_CONNECTION_REFUSED @ http://localhost:8501/_stcore/host-config:0
[ 1316650ms] [ERROR] Failed to load resource: net::ERR_CONNECTION_REFUSED @ http://localhost:8501/_stcore/health:0
[ 1316650ms] [ERROR] Client Error in reaching server endpoint - No response received when attempting to reach /_stcore/health @ http://localhost:8501/static/js/index.k-9rUdPI.js:19
[ 1316666ms] [ERROR] Failed to load resource: net::ERR_CONNECTION_REFUSED @ http://localhost:8501/_stcore/host-config:0
[ 1320992ms] [ERROR] Failed to load resource: net::ERR_CONNECTION_REFUSED @ http://localhost:8501/_stcore/health:0
[ 1320992ms] [ERROR] Client Error in reaching server endpoint - No response received when attempting to reach /_stcore/health @ http://localhost:8501/static/js/index.k-9rUdPI.js:19
[ 1320993ms] [ERROR] Failed to load resource: net::ERR_CONNECTION_REFUSED @ http://localhost:8501/_stcore/host-config:0
[ 1325337ms] [ERROR] Failed to load resource: net::ERR_CONNECTION_REFUSED @ http://localhost:8501/_stcore/health:0
[ 1325337ms] [ERROR] Client Error in reaching server endpoint - No response received when attempting to reach /_stcore/health @ http://localhost:8501/static/js/index.k-9rUdPI.js:19
[ 1325338ms] [ERROR] Failed to load resource: net::ERR_CONNECTION_REFUSED @ http://localhost:8501/_stcore/host-config:0
[ 1329681ms] [ERROR] Failed to load resource: net::ERR_CONNECTION_REFUSED @ http://localhost:8501/_stcore/health:0
[ 1329682ms] [ERROR] Client Error in reaching server endpoint - No response received when attempting to reach /_stcore/health @ http://localhost:8501/static/js/index.k-9rUdPI.js:19
[ 1329683ms] [ERROR] Failed to load resource: net::ERR_CONNECTION_REFUSED @ http://localhost:8501/_stcore/host-config:0
[ 1334039ms] [ERROR] Failed to load resource: net::ERR_CONNECTION_REFUSED @ http://localhost:8501/_stcore/health:0
[ 1334040ms] [ERROR] Client Error in reaching server endpoint - No response received when attempting to reach /_stcore/health @ http://localhost:8501/static/js/index.k-9rUdPI.js:19
[ 1334044ms] [ERROR] Failed to load resource: net::ERR_CONNECTION_REFUSED @ http://localhost:8501/_stcore/host-config:0
[ 1338385ms] [ERROR] Failed to load resource: net::ERR_CONNECTION_REFUSED @ http://localhost:8501/_stcore/health:0
[ 1338386ms] [ERROR] Client Error in reaching server endpoint - No response received when attempting to reach /_stcore/health @ http://localhost:8501/static/js/index.k-9rUdPI.js:19
[ 1338387ms] [ERROR] Failed to load resource: net::ERR_CONNECTION_REFUSED @ http://localhost:8501/_stcore/host-config:0
[ 1342758ms] [ERROR] Failed to load resource: net::ERR_CONNECTION_REFUSED @ http://localhost:8501/_stcore/health:0
[ 1342758ms] [ERROR] Client Error in reaching server endpoint - No response received when attempting to reach /_stcore/health @ http://localhost:8501/static/js/index.k-9rUdPI.js:19
[ 1342759ms] [ERROR] Failed to load resource: net::ERR_CONNECTION_REFUSED @ http://localhost:8501/_stcore/host-config:0
[ 1347120ms] [ERROR] Failed to load resource: net::ERR_CONNECTION_REFUSED @ http://localhost:8501/_stcore/health:0
[ 1347120ms] [ERROR] Client Error in reaching server endpoint - No response received when attempting to reach /_stcore/health @ http://localhost:8501/static/js/index.k-9rUdPI.js:19
[ 1347121ms] [ERROR] Failed to load resource: net::ERR_CONNECTION_REFUSED @ http://localhost:8501/_stcore/host-config:0
[ 1351483ms] [ERROR] Failed to load resource: net::ERR_CONNECTION_REFUSED @ http://localhost:8501/_stcore/health:0
[ 1351483ms] [ERROR] Client Error in reaching server endpoint - No response received when attempting to reach /_stcore/health @ http://localhost:8501/static/js/index.k-9rUdPI.js:19
[ 1351499ms] [ERROR] Failed to load resource: net::ERR_CONNECTION_REFUSED @ http://localhost:8501/_stcore/host-config:0
[ 1355847ms] [ERROR] Failed to load resource: net::ERR_CONNECTION_REFUSED @ http://localhost:8501/_stcore/health:0
[ 1355847ms] [ERROR] Client Error in reaching server endpoint - No response received when attempting to reach /_stcore/health @ http://localhost:8501/static/js/index.k-9rUdPI.js:19
[ 1355849ms] [ERROR] Failed to load resource: net::ERR_CONNECTION_REFUSED @ http://localhost:8501/_stcore/host-config:0
[ 1360207ms] [ERROR] Failed to load resource: net::ERR_CONNECTION_REFUSED @ http://localhost:8501/_stcore/health:0
[ 1360208ms] [ERROR] Client Error in reaching server endpoint - No response received when attempting to reach /_stcore/health @ http://localhost:8501/static/js/index.k-9rUdPI.js:19
[ 1360209ms] [ERROR] Failed to load resource: net::ERR_CONNECTION_REFUSED @ http://localhost:8501/_stcore/host-config:0
[ 1364557ms] [ERROR] Failed to load resource: net::ERR_CONNECTION_REFUSED @ http://localhost:8501/_stcore/health:0
[ 1364557ms] [ERROR] Client Error in reaching server endpoint - No response received when attempting to reach /_stcore/health @ http://localhost:8501/static/js/index.k-9rUdPI.js:19
[ 1364559ms] [ERROR] Failed to load resource: net::ERR_CONNECTION_REFUSED @ http://localhost:8501/_stcore/host-config:0
[ 1368915ms] [ERROR] Failed to load resource: net::ERR_CONNECTION_REFUSED @ http://localhost:8501/_stcore/health:0
[ 1368915ms] [ERROR] Client Error in reaching server endpoint - No response received when attempting to reach /_stcore/health @ http://localhost:8501/static/js/index.k-9rUdPI.js:19
[ 1368917ms] [ERROR] Failed to load resource: net::ERR_CONNECTION_REFUSED @ http://localhost:8501/_stcore/host-config:0
[ 1373270ms] [ERROR] Failed to load resource: net::ERR_CONNECTION_REFUSED @ http://localhost:8501/_stcore/health:0
[ 1373270ms] [ERROR] Client Error in reaching server endpoint - No response received when attempting to reach /_stcore/health @ http://localhost:8501/static/js/index.k-9rUdPI.js:19
[ 1373272ms] [ERROR] Failed to load resource: net::ERR_CONNECTION_REFUSED @ http://localhost:8501/_stcore/host-config:0
[ 1377606ms] [ERROR] Failed to load resource: net::ERR_CONNECTION_REFUSED @ http://localhost:8501/_stcore/health:0
[ 1377606ms] [ERROR] Client Error in reaching server endpoint - No response received when attempting to reach /_stcore/health @ http://localhost:8501/static/js/index.k-9rUdPI.js:19
[ 1377608ms] [ERROR] Failed to load resource: net::ERR_CONNECTION_REFUSED @ http://localhost:8501/_stcore/host-config:0
[ 1382070ms] [ERROR] Failed to load resource: net::ERR_CONNECTION_REFUSED @ http://localhost:8501/_stcore/health:0
[ 1382070ms] [ERROR] Client Error in reaching server endpoint - No response received when attempting to reach /_stcore/health @ http://localhost:8501/static/js/index.k-9rUdPI.js:19
[ 1382072ms] [ERROR] Failed to load resource: net::ERR_CONNECTION_REFUSED @ http://localhost:8501/_stcore/host-config:0
[ 1386415ms] [ERROR] Failed to load resource: net::ERR_CONNECTION_REFUSED @ http://localhost:8501/_stcore/health:0
[ 1386416ms] [ERROR] Client Error in reaching server endpoint - No response received when attempting to reach /_stcore/health @ http://localhost:8501/static/js/index.k-9rUdPI.js:19
[ 1386417ms] [ERROR] Failed to load resource: net::ERR_CONNECTION_REFUSED @ http://localhost:8501/_stcore/host-config:0
[ 1390805ms] [ERROR] Failed to load resource: net::ERR_CONNECTION_REFUSED @ http://localhost:8501/_stcore/health:0
[ 1390806ms] [ERROR] Client Error in reaching server endpoint - No response received when attempting to reach /_stcore/health @ http://localhost:8501/static/js/index.k-9rUdPI.js:19
[ 1390807ms] [ERROR] Failed to load resource: net::ERR_CONNECTION_REFUSED @ http://localhost:8501/_stcore/host-config:0
[ 1395151ms] [ERROR] Failed to load resource: net::ERR_CONNECTION_REFUSED @ http://localhost:8501/_stcore/health:0
[ 1395151ms] [ERROR] Client Error in reaching server endpoint - No response received when attempting to reach /_stcore/health @ http://localhost:8501/static/js/index.k-9rUdPI.js:19
[ 1395152ms] [ERROR] Failed to load resource: net::ERR_CONNECTION_REFUSED @ http://localhost:8501/_stcore/host-config:0
[ 1399508ms] [ERROR] Failed to load resource: net::ERR_CONNECTION_REFUSED @ http://localhost:8501/_stcore/health:0
[ 1399509ms] [ERROR] Client Error in reaching server endpoint - No response received when attempting to reach /_stcore/health @ http://localhost:8501/static/js/index.k-9rUdPI.js:19
[ 1399510ms] [ERROR] Failed to load resource: net::ERR_CONNECTION_REFUSED @ http://localhost:8501/_stcore/host-config:0
[ 1403842ms] [ERROR] Failed to load resource: net::ERR_CONNECTION_REFUSED @ http://localhost:8501/_stcore/health:0
[ 1403842ms] [ERROR] Client Error in reaching server endpoint - No response received when attempting to reach /_stcore/health @ http://localhost:8501/static/js/index.k-9rUdPI.js:19
[ 1403867ms] [ERROR] Failed to load resource: net::ERR_CONNECTION_REFUSED @ http://localhost:8501/_stcore/host-config:0
[ 1408183ms] [ERROR] Failed to load resource: net::ERR_CONNECTION_REFUSED @ http://localhost:8501/_stcore/health:0
[ 1408183ms] [ERROR] Client Error in reaching server endpoint - No response received when attempting to reach /_stcore/health @ http://localhost:8501/static/js/index.k-9rUdPI.js:19
[ 1408185ms] [ERROR] Failed to load resource: net::ERR_CONNECTION_REFUSED @ http://localhost:8501/_stcore/host-config:0
[ 1412541ms] [ERROR] Failed to load resource: net::ERR_CONNECTION_REFUSED @ http://localhost:8501/_stcore/health:0
[ 1412541ms] [ERROR] Client Error in reaching server endpoint - No response received when attempting to reach /_stcore/health @ http://localhost:8501/static/js/index.k-9rUdPI.js:19
[ 1412542ms] [ERROR] Failed to load resource: net::ERR_CONNECTION_REFUSED @ http://localhost:8501/_stcore/host-config:0
[ 1416900ms] [ERROR] Failed to load resource: net::ERR_CONNECTION_REFUSED @ http://localhost:8501/_stcore/health:0
[ 1416901ms] [ERROR] Client Error in reaching server endpoint - No response received when attempting to reach /_stcore/health @ http://localhost:8501/static/js/index.k-9rUdPI.js:19
[ 1416916ms] [ERROR] Failed to load resource: net::ERR_CONNECTION_REFUSED @ http://localhost:8501/_stcore/host-config:0
[ 1421244ms] [ERROR] Failed to load resource: net::ERR_CONNECTION_REFUSED @ http://localhost:8501/_stcore/health:0
[ 1421244ms] [ERROR] Client Error in reaching server endpoint - No response received when attempting to reach /_stcore/health @ http://localhost:8501/static/js/index.k-9rUdPI.js:19
[ 1421260ms] [ERROR] Failed to load resource: net::ERR_CONNECTION_REFUSED @ http://localhost:8501/_stcore/host-config:0
[ 1425601ms] [ERROR] Failed to load resource: net::ERR_CONNECTION_REFUSED @ http://localhost:8501/_stcore/health:0
[ 1425601ms] [ERROR] Client Error in reaching server endpoint - No response received when attempting to reach /_stcore/health @ http://localhost:8501/static/js/index.k-9rUdPI.js:19
[ 1425602ms] [ERROR] Failed to load resource: net::ERR_CONNECTION_REFUSED @ http://localhost:8501/_stcore/host-config:0
[ 1429962ms] [ERROR] Failed to load resource: net::ERR_CONNECTION_REFUSED @ http://localhost:8501/_stcore/health:0
[ 1429963ms] [ERROR] Client Error in reaching server endpoint - No response received when attempting to reach /_stcore/health @ http://localhost:8501/static/js/index.k-9rUdPI.js:19
[ 1429977ms] [ERROR] Failed to load resource: net::ERR_CONNECTION_REFUSED @ http://localhost:8501/_stcore/host-config:0
[ 1434338ms] [ERROR] Failed to load resource: net::ERR_CONNECTION_REFUSED @ http://localhost:8501/_stcore/health:0
[ 1434338ms] [ERROR] Client Error in reaching server endpoint - No response received when attempting to reach /_stcore/health @ http://localhost:8501/static/js/index.k-9rUdPI.js:19
[ 1434339ms] [ERROR] Failed to load resource: net::ERR_CONNECTION_REFUSED @ http://localhost:8501/_stcore/host-config:0
[ 1438698ms] [ERROR] Failed to load resource: net::ERR_CONNECTION_REFUSED @ http://localhost:8501/_stcore/health:0
[ 1438698ms] [ERROR] Client Error in reaching server endpoint - No response received when attempting to reach /_stcore/health @ http://localhost:8501/static/js/index.k-9rUdPI.js:19
[ 1438699ms] [ERROR] Failed to load resource: net::ERR_CONNECTION_REFUSED @ http://localhost:8501/_stcore/host-config:0
[ 1443072ms] [ERROR] Failed to load resource: net::ERR_CONNECTION_REFUSED @ http://localhost:8501/_stcore/health:0
[ 1443072ms] [ERROR] Client Error in reaching server endpoint - No response received when attempting to reach /_stcore/health @ http://localhost:8501/static/js/index.k-9rUdPI.js:19
[ 1443073ms] [ERROR] Failed to load resource: net::ERR_CONNECTION_REFUSED @ http://localhost:8501/_stcore/host-config:0
[ 1447431ms] [ERROR] Failed to load resource: net::ERR_CONNECTION_REFUSED @ http://localhost:8501/_stcore/health:0
[ 1447431ms] [ERROR] Client Error in reaching server endpoint - No response received when attempting to reach /_stcore/health @ http://localhost:8501/static/js/index.k-9rUdPI.js:19
[ 1447432ms] [ERROR] Failed to load resource: net::ERR_CONNECTION_REFUSED @ http://localhost:8501/_stcore/host-config:0
[ 1451791ms] [ERROR] Failed to load resource: net::ERR_CONNECTION_REFUSED @ http://localhost:8501/_stcore/health:0
[ 1451791ms] [ERROR] Client Error in reaching server endpoint - No response received when attempting to reach /_stcore/health @ http://localhost:8501/static/js/index.k-9rUdPI.js:19
[ 1451792ms] [ERROR] Failed to load resource: net::ERR_CONNECTION_REFUSED @ http://localhost:8501/_stcore/host-config:0
[ 1456165ms] [ERROR] Failed to load resource: net::ERR_CONNECTION_REFUSED @ http://localhost:8501/_stcore/health:0
[ 1456165ms] [ERROR] Client Error in reaching server endpoint - No response received when attempting to reach /_stcore/health @ http://localhost:8501/static/js/index.k-9rUdPI.js:19
[ 1456165ms] [ERROR] Failed to load resource: net::ERR_CONNECTION_REFUSED @ http://localhost:8501/_stcore/host-config:0
[ 1460514ms] [ERROR] Failed to load resource: net::ERR_CONNECTION_REFUSED @ http://localhost:8501/_stcore/health:0
[ 1460514ms] [ERROR] Client Error in reaching server endpoint - No response received when attempting to reach /_stcore/health @ http://localhost:8501/static/js/index.k-9rUdPI.js:19
[ 1460516ms] [ERROR] Failed to load resource: net::ERR_CONNECTION_REFUSED @ http://localhost:8501/_stcore/host-config:0
[ 1464861ms] [ERROR] Failed to load resource: net::ERR_CONNECTION_REFUSED @ http://localhost:8501/_stcore/health:0
[ 1464861ms] [ERROR] Client Error in reaching server endpoint - No response received when attempting to reach /_stcore/health @ http://localhost:8501/static/js/index.k-9rUdPI.js:19
[ 1464880ms] [ERROR] Failed to load resource: net::ERR_CONNECTION_REFUSED @ http://localhost:8501/_stcore/host-config:0
[ 1469206ms] [ERROR] Failed to load resource: net::ERR_CONNECTION_REFUSED @ http://localhost:8501/_stcore/health:0
[ 1469207ms] [ERROR] Client Error in reaching server endpoint - No response received when attempting to reach /_stcore/health @ http://localhost:8501/static/js/index.k-9rUdPI.js:19
[ 1469208ms] [ERROR] Failed to load resource: net::ERR_CONNECTION_REFUSED @ http://localhost:8501/_stcore/host-config:0
[ 1473586ms] [ERROR] Failed to load resource: net::ERR_CONNECTION_REFUSED @ http://localhost:8501/_stcore/health:0
[ 1473586ms] [ERROR] Client Error in reaching server endpoint - No response received when attempting to reach /_stcore/health @ http://localhost:8501/static/js/index.k-9rUdPI.js:19
[ 1473588ms] [ERROR] Failed to load resource: net::ERR_CONNECTION_REFUSED @ http://localhost:8501/_stcore/host-config:0
[ 1477928ms] [ERROR] Failed to load resource: net::ERR_CONNECTION_REFUSED @ http://localhost:8501/_stcore/health:0
[ 1477928ms] [ERROR] Client Error in reaching server endpoint - No response received when attempting to reach /_stcore/health @ http://localhost:8501/static/js/index.k-9rUdPI.js:19
[ 1477929ms] [ERROR] Failed to load resource: net::ERR_CONNECTION_REFUSED @ http://localhost:8501/_stcore/host-config:0
[ 1482278ms] [ERROR] Failed to load resource: net::ERR_CONNECTION_REFUSED @ http://localhost:8501/_stcore/health:0
[ 1482278ms] [ERROR] Client Error in reaching server endpoint - No response received when attempting to reach /_stcore/health @ http://localhost:8501/static/js/index.k-9rUdPI.js:19
[ 1482279ms] [ERROR] Failed to load resource: net::ERR_CONNECTION_REFUSED @ http://localhost:8501/_stcore/host-config:0
[ 1486635ms] [ERROR] Failed to load resource: net::ERR_CONNECTION_REFUSED @ http://localhost:8501/_stcore/health:0
[ 1486635ms] [ERROR] Client Error in reaching server endpoint - No response received when attempting to reach /_stcore/health @ http://localhost:8501/static/js/index.k-9rUdPI.js:19
[ 1486636ms] [ERROR] Failed to load resource: net::ERR_CONNECTION_REFUSED @ http://localhost:8501/_stcore/host-config:0
[ 1490993ms] [ERROR] Failed to load resource: net::ERR_CONNECTION_REFUSED @ http://localhost:8501/_stcore/health:0
[ 1490994ms] [ERROR] Client Error in reaching server endpoint - No response received when attempting to reach /_stcore/health @ http://localhost:8501/static/js/index.k-9rUdPI.js:19
[ 1490995ms] [ERROR] Failed to load resource: net::ERR_CONNECTION_REFUSED @ http://localhost:8501/_stcore/host-config:0
[ 1495353ms] [ERROR] Failed to load resource: net::ERR_CONNECTION_REFUSED @ http://localhost:8501/_stcore/health:0
[ 1495353ms] [ERROR] Client Error in reaching server endpoint - No response received when attempting to reach /_stcore/health @ http://localhost:8501/static/js/index.k-9rUdPI.js:19
[ 1495354ms] [ERROR] Failed to load resource: net::ERR_CONNECTION_REFUSED @ http://localhost:8501/_stcore/host-config:0
[ 1499697ms] [ERROR] Failed to load resource: net::ERR_CONNECTION_REFUSED @ http://localhost:8501/_stcore/health:0
[ 1499697ms] [ERROR] Client Error in reaching server endpoint - No response received when attempting to reach /_stcore/health @ http://localhost:8501/static/js/index.k-9rUdPI.js:19
[ 1499698ms] [ERROR] Failed to load resource: net::ERR_CONNECTION_REFUSED @ http://localhost:8501/_stcore/host-config:0
[ 1504042ms] [ERROR] Failed to load resource: net::ERR_CONNECTION_REFUSED @ http://localhost:8501/_stcore/health:0
[ 1504042ms] [ERROR] Client Error in reaching server endpoint - No response received when attempting to reach /_stcore/health @ http://localhost:8501/static/js/index.k-9rUdPI.js:19
[ 1504043ms] [ERROR] Failed to load resource: net::ERR_CONNECTION_REFUSED @ http://localhost:8501/_stcore/host-config:0
[ 1508415ms] [ERROR] Failed to load resource: net::ERR_CONNECTION_REFUSED @ http://localhost:8501/_stcore/health:0
[ 1508415ms] [ERROR] Client Error in reaching server endpoint - No response received when attempting to reach /_stcore/health @ http://localhost:8501/static/js/index.k-9rUdPI.js:19
[ 1508416ms] [ERROR] Failed to load resource: net::ERR_CONNECTION_REFUSED @ http://localhost:8501/_stcore/host-config:0
[ 1512790ms] [ERROR] Failed to load resource: net::ERR_CONNECTION_REFUSED @ http://localhost:8501/_stcore/health:0
[ 1512790ms] [ERROR] Client Error in reaching server endpoint - No response received when attempting to reach /_stcore/health @ http://localhost:8501/static/js/index.k-9rUdPI.js:19
[ 1512791ms] [ERROR] Failed to load resource: net::ERR_CONNECTION_REFUSED @ http://localhost:8501/_stcore/host-config:0
[ 1517151ms] [ERROR] Failed to load resource: net::ERR_CONNECTION_REFUSED @ http://localhost:8501/_stcore/health:0
[ 1517151ms] [ERROR] Client Error in reaching server endpoint - No response received when attempting to reach /_stcore/health @ http://localhost:8501/static/js/index.k-9rUdPI.js:19
[ 1517152ms] [ERROR] Failed to load resource: net::ERR_CONNECTION_REFUSED @ http://localhost:8501/_stcore/host-config:0
[ 1521510ms] [ERROR] Failed to load resource: net::ERR_CONNECTION_REFUSED @ http://localhost:8501/_stcore/health:0
[ 1521510ms] [ERROR] Client Error in reaching server endpoint - No response received when attempting to reach /_stcore/health @ http://localhost:8501/static/js/index.k-9rUdPI.js:19
[ 1521512ms] [ERROR] Failed to load resource: net::ERR_CONNECTION_REFUSED @ http://localhost:8501/_stcore/host-config:0
[ 1525869ms] [ERROR] Failed to load resource: net::ERR_CONNECTION_REFUSED @ http://localhost:8501/_stcore/health:0
[ 1525869ms] [ERROR] Client Error in reaching server endpoint - No response received when attempting to reach /_stcore/health @ http://localhost:8501/static/js/index.k-9rUdPI.js:19
[ 1525870ms] [ERROR] Failed to load resource: net::ERR_CONNECTION_REFUSED @ http://localhost:8501/_stcore/host-config:0
[ 1530243ms] [ERROR] Failed to load resource: net::ERR_CONNECTION_REFUSED @ http://localhost:8501/_stcore/health:0
[ 1530243ms] [ERROR] Client Error in reaching server endpoint - No response received when attempting to reach /_stcore/health @ http://localhost:8501/static/js/index.k-9rUdPI.js:19
[ 1530244ms] [ERROR] Failed to load resource: net::ERR_CONNECTION_REFUSED @ http://localhost:8501/_stcore/host-config:0
[ 1534603ms] [ERROR] Failed to load resource: net::ERR_CONNECTION_REFUSED @ http://localhost:8501/_stcore/health:0
[ 1534603ms] [ERROR] Client Error in reaching server endpoint - No response received when attempting to reach /_stcore/health @ http://localhost:8501/static/js/index.k-9rUdPI.js:19
[ 1534604ms] [ERROR] Failed to load resource: net::ERR_CONNECTION_REFUSED @ http://localhost:8501/_stcore/host-config:0
[ 1538962ms] [ERROR] Failed to load resource: net::ERR_CONNECTION_REFUSED @ http://localhost:8501/_stcore/health:0
[ 1538962ms] [ERROR] Client Error in reaching server endpoint - No response received when attempting to reach /_stcore/health @ http://localhost:8501/static/js/index.k-9rUdPI.js:19
[ 1538977ms] [ERROR] Failed to load resource: net::ERR_CONNECTION_REFUSED @ http://localhost:8501/_stcore/host-config:0
[ 1543322ms] [ERROR] Failed to load resource: net::ERR_CONNECTION_REFUSED @ http://localhost:8501/_stcore/health:0
[ 1543322ms] [ERROR] Client Error in reaching server endpoint - No response received when attempting to reach /_stcore/health @ http://localhost:8501/static/js/index.k-9rUdPI.js:19
[ 1543323ms] [ERROR] Failed to load resource: net::ERR_CONNECTION_REFUSED @ http://localhost:8501/_stcore/host-config:0
[ 1547681ms] [ERROR] Failed to load resource: net::ERR_CONNECTION_REFUSED @ http://localhost:8501/_stcore/health:0
[ 1547682ms] [ERROR] Client Error in reaching server endpoint - No response received when attempting to reach /_stcore/health @ http://localhost:8501/static/js/index.k-9rUdPI.js:19
[ 1547683ms] [ERROR] Failed to load resource: net::ERR_CONNECTION_REFUSED @ http://localhost:8501/_stcore/host-config:0
[ 1552456ms] [ERROR] Failed to load resource: net::ERR_CONNECTION_REFUSED @ http://localhost:8501/_stcore/health:0
[ 1552456ms] [ERROR] Client Error in reaching server endpoint - No response received when attempting to reach /_stcore/health @ http://localhost:8501/static/js/index.k-9rUdPI.js:19
[ 1552458ms] [ERROR] Failed to load resource: net::ERR_CONNECTION_REFUSED @ http://localhost:8501/_stcore/host-config:0
[ 1556796ms] [ERROR] Failed to load resource: net::ERR_CONNECTION_REFUSED @ http://localhost:8501/_stcore/health:0
[ 1556796ms] [ERROR] Client Error in reaching server endpoint - No response received when attempting to reach /_stcore/health @ http://localhost:8501/static/js/index.k-9rUdPI.js:19
[ 1556797ms] [ERROR] Failed to load resource: net::ERR_CONNECTION_REFUSED @ http://localhost:8501/_stcore/host-config:0
[ 1561148ms] [ERROR] Failed to load resource: net::ERR_CONNECTION_REFUSED @ http://localhost:8501/_stcore/health:0
[ 1561148ms] [ERROR] Client Error in reaching server endpoint - No response received when attempting to reach /_stcore/health @ http://localhost:8501/static/js/index.k-9rUdPI.js:19
[ 1561149ms] [ERROR] Failed to load resource: net::ERR_CONNECTION_REFUSED @ http://localhost:8501/_stcore/host-config:0
[ 1565509ms] [ERROR] Failed to load resource: net::ERR_CONNECTION_REFUSED @ http://localhost:8501/_stcore/health:0
[ 1565509ms] [ERROR] Client Error in reaching server endpoint - No response received when attempting to reach /_stcore/health @ http://localhost:8501/static/js/index.k-9rUdPI.js:19
[ 1565510ms] [ERROR] Failed to load resource: net::ERR_CONNECTION_REFUSED @ http://localhost:8501/_stcore/host-config:0
[ 1569890ms] [ERROR] Failed to load resource: net::ERR_CONNECTION_REFUSED @ http://localhost:8501/_stcore/health:0
[ 1569890ms] [ERROR] Client Error in reaching server endpoint - No response received when attempting to reach /_stcore/health @ http://localhost:8501/static/js/index.k-9rUdPI.js:19
[ 1569895ms] [ERROR] Failed to load resource: net::ERR_CONNECTION_REFUSED @ http://localhost:8501/_stcore/host-config:0
[ 1574244ms] [ERROR] Failed to load resource: net::ERR_CONNECTION_REFUSED @ http://localhost:8501/_stcore/health:0
[ 1574245ms] [ERROR] Client Error in reaching server endpoint - No response received when attempting to reach /_stcore/health @ http://localhost:8501/static/js/index.k-9rUdPI.js:19
[ 1574260ms] [ERROR] Failed to load resource: net::ERR_CONNECTION_REFUSED @ http://localhost:8501/_stcore/host-config:0
[ 1578596ms] [ERROR] Failed to load resource: net::ERR_CONNECTION_REFUSED @ http://localhost:8501/_stcore/health:0
[ 1578596ms] [ERROR] Client Error in reaching server endpoint - No response received when attempting to reach /_stcore/health @ http://localhost:8501/static/js/index.k-9rUdPI.js:19
[ 1578610ms] [ERROR] Failed to load resource: net::ERR_CONNECTION_REFUSED @ http://localhost:8501/_stcore/host-config:0
[ 1582965ms] [ERROR] Failed to load resource: net::ERR_CONNECTION_REFUSED @ http://localhost:8501/_stcore/health:0
[ 1582966ms] [ERROR] Client Error in reaching server endpoint - No response received when attempting to reach /_stcore/health @ http://localhost:8501/static/js/index.k-9rUdPI.js:19
[ 1582967ms] [ERROR] Failed to load resource: net::ERR_CONNECTION_REFUSED @ http://localhost:8501/_stcore/host-config:0
[ 1587321ms] [ERROR] Failed to load resource: net::ERR_CONNECTION_REFUSED @ http://localhost:8501/_stcore/health:0
[ 1587321ms] [ERROR] Client Error in reaching server endpoint - No response received when attempting to reach /_stcore/health @ http://localhost:8501/static/js/index.k-9rUdPI.js:19
[ 1587336ms] [ERROR] Failed to load resource: net::ERR_CONNECTION_REFUSED @ http://localhost:8501/_stcore/host-config:0
[ 1591681ms] [ERROR] Failed to load resource: net::ERR_CONNECTION_REFUSED @ http://localhost:8501/_stcore/health:0
[ 1591681ms] [ERROR] Client Error in reaching server endpoint - No response received when attempting to reach /_stcore/health @ http://localhost:8501/static/js/index.k-9rUdPI.js:19
[ 1591682ms] [ERROR] Failed to load resource: net::ERR_CONNECTION_REFUSED @ http://localhost:8501/_stcore/host-config:0
[ 1596025ms] [ERROR] Failed to load resource: net::ERR_CONNECTION_REFUSED @ http://localhost:8501/_stcore/health:0
[ 1596025ms] [ERROR] Client Error in reaching server endpoint - No response received when attempting to reach /_stcore/health @ http://localhost:8501/static/js/index.k-9rUdPI.js:19
[ 1596027ms] [ERROR] Failed to load resource: net::ERR_CONNECTION_REFUSED @ http://localhost:8501/_stcore/host-config:0
[ 1600417ms] [ERROR] Failed to load resource: net::ERR_CONNECTION_REFUSED @ http://localhost:8501/_stcore/health:0
[ 1600417ms] [ERROR] Client Error in reaching server endpoint - No response received when attempting to reach /_stcore/health @ http://localhost:8501/static/js/index.k-9rUdPI.js:19
[ 1600418ms] [ERROR] Failed to load resource: net::ERR_CONNECTION_REFUSED @ http://localhost:8501/_stcore/host-config:0
[ 1604790ms] [ERROR] Failed to load resource: net::ERR_CONNECTION_REFUSED @ http://localhost:8501/_stcore/health:0
[ 1604790ms] [ERROR] Client Error in reaching server endpoint - No response received when attempting to reach /_stcore/health @ http://localhost:8501/static/js/index.k-9rUdPI.js:19
[ 1604791ms] [ERROR] Failed to load resource: net::ERR_CONNECTION_REFUSED @ http://localhost:8501/_stcore/host-config:0
[ 1609150ms] [ERROR] Failed to load resource: net::ERR_CONNECTION_REFUSED @ http://localhost:8501/_stcore/health:0
[ 1609150ms] [ERROR] Client Error in reaching server endpoint - No response received when attempting to reach /_stcore/health @ http://localhost:8501/static/js/index.k-9rUdPI.js:19
[ 1609151ms] [ERROR] Failed to load resource: net::ERR_CONNECTION_REFUSED @ http://localhost:8501/_stcore/host-config:0
[ 1613602ms] [ERROR] Failed to load resource: net::ERR_CONNECTION_REFUSED @ http://localhost:8501/_stcore/health:0
[ 1613602ms] [ERROR] Client Error in reaching server endpoint - No response received when attempting to reach /_stcore/health @ http://localhost:8501/static/js/index.k-9rUdPI.js:19
[ 1613633ms] [ERROR] Failed to load resource: net::ERR_CONNECTION_REFUSED @ http://localhost:8501/_stcore/host-config:0
[ 1617963ms] [ERROR] Failed to load resource: net::ERR_CONNECTION_REFUSED @ http://localhost:8501/_stcore/health:0
[ 1617963ms] [ERROR] Client Error in reaching server endpoint - No response received when attempting to reach /_stcore/health @ http://localhost:8501/static/js/index.k-9rUdPI.js:19
[ 1617964ms] [ERROR] Failed to load resource: net::ERR_CONNECTION_REFUSED @ http://localhost:8501/_stcore/host-config:0
[ 1622323ms] [ERROR] Failed to load resource: net::ERR_CONNECTION_REFUSED @ http://localhost:8501/_stcore/health:0
[ 1622323ms] [ERROR] Client Error in reaching server endpoint - No response received when attempting to reach /_stcore/health @ http://localhost:8501/static/js/index.k-9rUdPI.js:19
[ 1622324ms] [ERROR] Failed to load resource: net::ERR_CONNECTION_REFUSED @ http://localhost:8501/_stcore/host-config:0
[ 1626681ms] [ERROR] Failed to load resource: net::ERR_CONNECTION_REFUSED @ http://localhost:8501/_stcore/health:0
[ 1626682ms] [ERROR] Client Error in reaching server endpoint - No response received when attempting to reach /_stcore/health @ http://localhost:8501/static/js/index.k-9rUdPI.js:19
[ 1626683ms] [ERROR] Failed to load resource: net::ERR_CONNECTION_REFUSED @ http://localhost:8501/_stcore/host-config:0
[ 1631040ms] [ERROR] Failed to load resource: net::ERR_CONNECTION_REFUSED @ http://localhost:8501/_stcore/health:0
[ 1631040ms] [ERROR] Client Error in reaching server endpoint - No response received when attempting to reach /_stcore/health @ http://localhost:8501/static/js/index.k-9rUdPI.js:19
[ 1631056ms] [ERROR] Failed to load resource: net::ERR_CONNECTION_REFUSED @ http://localhost:8501/_stcore/host-config:0
[ 1635400ms] [ERROR] Failed to load resource: net::ERR_CONNECTION_REFUSED @ http://localhost:8501/_stcore/health:0
[ 1635400ms] [ERROR] Client Error in reaching server endpoint - No response received when attempting to reach /_stcore/health @ http://localhost:8501/static/js/index.k-9rUdPI.js:19
[ 1635417ms] [ERROR] Failed to load resource: net::ERR_CONNECTION_REFUSED @ http://localhost:8501/_stcore/host-config:0
[ 1639891ms] [ERROR] Failed to load resource: net::ERR_CONNECTION_REFUSED @ http://localhost:8501/_stcore/health:0
[ 1639891ms] [ERROR] Client Error in reaching server endpoint - No response received when attempting to reach /_stcore/health @ http://localhost:8501/static/js/index.k-9rUdPI.js:19
[ 1639892ms] [ERROR] Failed to load resource: net::ERR_CONNECTION_REFUSED @ http://localhost:8501/_stcore/host-config:0
[ 1644335ms] [ERROR] Failed to load resource: net::ERR_CONNECTION_REFUSED @ http://localhost:8501/_stcore/health:0
[ 1644336ms] [ERROR] Client Error in reaching server endpoint - No response received when attempting to reach /_stcore/health @ http://localhost:8501/static/js/index.k-9rUdPI.js:19
[ 1644337ms] [ERROR] Failed to load resource: net::ERR_CONNECTION_REFUSED @ http://localhost:8501/_stcore/host-config:0
[ 1648696ms] [ERROR] Failed to load resource: net::ERR_CONNECTION_REFUSED @ http://localhost:8501/_stcore/health:0
[ 1648696ms] [ERROR] Client Error in reaching server endpoint - No response received when attempting to reach /_stcore/health @ http://localhost:8501/static/js/index.k-9rUdPI.js:19
[ 1648697ms] [ERROR] Failed to load resource: net::ERR_CONNECTION_REFUSED @ http://localhost:8501/_stcore/host-config:0
[ 1653055ms] [ERROR] Failed to load resource: net::ERR_CONNECTION_REFUSED @ http://localhost:8501/_stcore/health:0
[ 1653055ms] [ERROR] Client Error in reaching server endpoint - No response received when attempting to reach /_stcore/health @ http://localhost:8501/static/js/index.k-9rUdPI.js:19
[ 1653056ms] [ERROR] Failed to load resource: net::ERR_CONNECTION_REFUSED @ http://localhost:8501/_stcore/host-config:0
[ 1657416ms] [ERROR] Failed to load resource: net::ERR_CONNECTION_REFUSED @ http://localhost:8501/_stcore/health:0
[ 1657416ms] [ERROR] Client Error in reaching server endpoint - No response received when attempting to reach /_stcore/health @ http://localhost:8501/static/js/index.k-9rUdPI.js:19
[ 1657417ms] [ERROR] Failed to load resource: net::ERR_CONNECTION_REFUSED @ http://localhost:8501/_stcore/host-config:0
[ 1661805ms] [ERROR] Failed to load resource: net::ERR_CONNECTION_REFUSED @ http://localhost:8501/_stcore/health:0
[ 1661805ms] [ERROR] Client Error in reaching server endpoint - No response received when attempting to reach /_stcore/health @ http://localhost:8501/static/js/index.k-9rUdPI.js:19
[ 1661806ms] [ERROR] Failed to load resource: net::ERR_CONNECTION_REFUSED @ http://localhost:8501/_stcore/host-config:0
[ 1666167ms] [ERROR] Failed to load resource: net::ERR_CONNECTION_REFUSED @ http://localhost:8501/_stcore/health:0
[ 1666167ms] [ERROR] Client Error in reaching server endpoint - No response received when attempting to reach /_stcore/health @ http://localhost:8501/static/js/index.k-9rUdPI.js:19
[ 1666168ms] [ERROR] Failed to load resource: net::ERR_CONNECTION_REFUSED @ http://localhost:8501/_stcore/host-config:0
[ 1670525ms] [ERROR] Failed to load resource: net::ERR_CONNECTION_REFUSED @ http://localhost:8501/_stcore/health:0
[ 1670525ms] [ERROR] Client Error in reaching server endpoint - No response received when attempting to reach /_stcore/health @ http://localhost:8501/static/js/index.k-9rUdPI.js:19
[ 1670541ms] [ERROR] Failed to load resource: net::ERR_CONNECTION_REFUSED @ http://localhost:8501/_stcore/host-config:0
[ 1674900ms] [ERROR] Failed to load resource: net::ERR_CONNECTION_REFUSED @ http://localhost:8501/_stcore/health:0
[ 1674900ms] [ERROR] Client Error in reaching server endpoint - No response received when attempting to reach /_stcore/health @ http://localhost:8501/static/js/index.k-9rUdPI.js:19
[ 1674901ms] [ERROR] Failed to load resource: net::ERR_CONNECTION_REFUSED @ http://localhost:8501/_stcore/host-config:0
[ 1679272ms] [ERROR] Failed to load resource: net::ERR_CONNECTION_REFUSED @ http://localhost:8501/_stcore/health:0
[ 1679273ms] [ERROR] Client Error in reaching server endpoint - No response received when attempting to reach /_stcore/health @ http://localhost:8501/static/js/index.k-9rUdPI.js:19
[ 1679277ms] [ERROR] Failed to load resource: net::ERR_CONNECTION_REFUSED @ http://localhost:8501/_stcore/host-config:0
[ 1683620ms] [ERROR] Failed to load resource: net::ERR_CONNECTION_REFUSED @ http://localhost:8501/_stcore/health:0
[ 1683620ms] [ERROR] Client Error in reaching server endpoint - No response received when attempting to reach /_stcore/health @ http://localhost:8501/static/js/index.k-9rUdPI.js:19
[ 1683621ms] [ERROR] Failed to load resource: net::ERR_CONNECTION_REFUSED @ http://localhost:8501/_stcore/host-config:0
[ 1687963ms] [ERROR] Failed to load resource: net::ERR_CONNECTION_REFUSED @ http://localhost:8501/_stcore/health:0
[ 1687964ms] [ERROR] Client Error in reaching server endpoint - No response received when attempting to reach /_stcore/health @ http://localhost:8501/static/js/index.k-9rUdPI.js:19
[ 1687965ms] [ERROR] Failed to load resource: net::ERR_CONNECTION_REFUSED @ http://localhost:8501/_stcore/host-config:0
[ 1692307ms] [ERROR] Failed to load resource: net::ERR_CONNECTION_REFUSED @ http://localhost:8501/_stcore/health:0
[ 1692307ms] [ERROR] Client Error in reaching server endpoint - No response received when attempting to reach /_stcore/health @ http://localhost:8501/static/js/index.k-9rUdPI.js:19
[ 1692322ms] [ERROR] Failed to load resource: net::ERR_CONNECTION_REFUSED @ http://localhost:8501/_stcore/host-config:0
[ 1696666ms] [ERROR] Failed to load resource: net::ERR_CONNECTION_REFUSED @ http://localhost:8501/_stcore/health:0
[ 1696666ms] [ERROR] Client Error in reaching server endpoint - No response received when attempting to reach /_stcore/health @ http://localhost:8501/static/js/index.k-9rUdPI.js:19
[ 1696667ms] [ERROR] Failed to load resource: net::ERR_CONNECTION_REFUSED @ http://localhost:8501/_stcore/host-config:0
[ 1701024ms] [ERROR] Failed to load resource: net::ERR_CONNECTION_REFUSED @ http://localhost:8501/_stcore/health:0
[ 1701025ms] [ERROR] Client Error in reaching server endpoint - No response received when attempting to reach /_stcore/health @ http://localhost:8501/static/js/index.k-9rUdPI.js:19
[ 1701025ms] [ERROR] Failed to load resource: net::ERR_CONNECTION_REFUSED @ http://localhost:8501/_stcore/host-config:0
[ 1705369ms] [ERROR] Failed to load resource: net::ERR_CONNECTION_REFUSED @ http://localhost:8501/_stcore/health:0
[ 1705369ms] [ERROR] Client Error in reaching server endpoint - No response received when attempting to reach /_stcore/health @ http://localhost:8501/static/js/index.k-9rUdPI.js:19
[ 1705370ms] [ERROR] Failed to load resource: net::ERR_CONNECTION_REFUSED @ http://localhost:8501/_stcore/host-config:0
[ 1709729ms] [ERROR] Failed to load resource: net::ERR_CONNECTION_REFUSED @ http://localhost:8501/_stcore/health:0
[ 1709729ms] [ERROR] Client Error in reaching server endpoint - No response received when attempting to reach /_stcore/health @ http://localhost:8501/static/js/index.k-9rUdPI.js:19
[ 1709730ms] [ERROR] Failed to load resource: net::ERR_CONNECTION_REFUSED @ http://localhost:8501/_stcore/host-config:0
[ 1714087ms] [ERROR] Failed to load resource: net::ERR_CONNECTION_REFUSED @ http://localhost:8501/_stcore/health:0
[ 1714087ms] [ERROR] Client Error in reaching server endpoint - No response received when attempting to reach /_stcore/health @ http://localhost:8501/static/js/index.k-9rUdPI.js:19
[ 1714103ms] [ERROR] Failed to load resource: net::ERR_CONNECTION_REFUSED @ http://localhost:8501/_stcore/host-config:0
[ 1718446ms] [ERROR] Failed to load resource: net::ERR_CONNECTION_REFUSED @ http://localhost:8501/_stcore/health:0
[ 1718447ms] [ERROR] Client Error in reaching server endpoint - No response received when attempting to reach /_stcore/health @ http://localhost:8501/static/js/index.k-9rUdPI.js:19
[ 1718448ms] [ERROR] Failed to load resource: net::ERR_CONNECTION_REFUSED @ http://localhost:8501/_stcore/host-config:0
[ 1722821ms] [ERROR] Failed to load resource: net::ERR_CONNECTION_REFUSED @ http://localhost:8501/_stcore/health:0
[ 1722821ms] [ERROR] Client Error in reaching server endpoint - No response received when attempting to reach /_stcore/health @ http://localhost:8501/static/js/index.k-9rUdPI.js:19
[ 1722822ms] [ERROR] Failed to load resource: net::ERR_CONNECTION_REFUSED @ http://localhost:8501/_stcore/host-config:0
[ 1727195ms] [ERROR] Failed to load resource: net::ERR_CONNECTION_REFUSED @ http://localhost:8501/_stcore/health:0
[ 1727195ms] [ERROR] Client Error in reaching server endpoint - No response received when attempting to reach /_stcore/health @ http://localhost:8501/static/js/index.k-9rUdPI.js:19
[ 1727197ms] [ERROR] Failed to load resource: net::ERR_CONNECTION_REFUSED @ http://localhost:8501/_stcore/host-config:0
[ 1731526ms] [ERROR] Failed to load resource: net::ERR_CONNECTION_REFUSED @ http://localhost:8501/_stcore/health:0
[ 1731526ms] [ERROR] Client Error in reaching server endpoint - No response received when attempting to reach /_stcore/health @ http://localhost:8501/static/js/index.k-9rUdPI.js:19
[ 1731554ms] [ERROR] Failed to load resource: net::ERR_CONNECTION_REFUSED @ http://localhost:8501/_stcore/host-config:0
[ 1735995ms] [ERROR] Failed to load resource: net::ERR_CONNECTION_REFUSED @ http://localhost:8501/_stcore/health:0
[ 1735995ms] [ERROR] Client Error in reaching server endpoint - No response received when attempting to reach /_stcore/health @ http://localhost:8501/static/js/index.k-9rUdPI.js:19
[ 1735997ms] [ERROR] Failed to load resource: net::ERR_CONNECTION_REFUSED @ http://localhost:8501/_stcore/host-config:0
[ 1740356ms] [ERROR] Failed to load resource: net::ERR_CONNECTION_REFUSED @ http://localhost:8501/_stcore/health:0
[ 1740357ms] [ERROR] Client Error in reaching server endpoint - No response received when attempting to reach /_stcore/health @ http://localhost:8501/static/js/index.k-9rUdPI.js:19
[ 1740358ms] [ERROR] Failed to load resource: net::ERR_CONNECTION_REFUSED @ http://localhost:8501/_stcore/host-config:0
[ 1744727ms] [ERROR] Failed to load resource: net::ERR_CONNECTION_REFUSED @ http://localhost:8501/_stcore/health:0
[ 1744727ms] [ERROR] Client Error in reaching server endpoint - No response received when attempting to reach /_stcore/health @ http://localhost:8501/static/js/index.k-9rUdPI.js:19
[ 1744743ms] [ERROR] Failed to load resource: net::ERR_CONNECTION_REFUSED @ http://localhost:8501/_stcore/host-config:0
[ 1749087ms] [ERROR] Failed to load resource: net::ERR_CONNECTION_REFUSED @ http://localhost:8501/_stcore/health:0
[ 1749087ms] [ERROR] Client Error in reaching server endpoint - No response received when attempting to reach /_stcore/health @ http://localhost:8501/static/js/index.k-9rUdPI.js:19
[ 1749088ms] [ERROR] Failed to load resource: net::ERR_CONNECTION_REFUSED @ http://localhost:8501/_stcore/host-config:0
[ 1753447ms] [ERROR] Failed to load resource: net::ERR_CONNECTION_REFUSED @ http://localhost:8501/_stcore/health:0
[ 1753448ms] [ERROR] Client Error in reaching server endpoint - No response received when attempting to reach /_stcore/health @ http://localhost:8501/static/js/index.k-9rUdPI.js:19
[ 1753463ms] [ERROR] Failed to load resource: net::ERR_CONNECTION_REFUSED @ http://localhost:8501/_stcore/host-config:0
[ 1757806ms] [ERROR] Failed to load resource: net::ERR_CONNECTION_REFUSED @ http://localhost:8501/_stcore/health:0
[ 1757806ms] [ERROR] Client Error in reaching server endpoint - No response received when attempting to reach /_stcore/health @ http://localhost:8501/static/js/index.k-9rUdPI.js:19
[ 1757822ms] [ERROR] Failed to load resource: net::ERR_CONNECTION_REFUSED @ http://localhost:8501/_stcore/host-config:0
[ 1762135ms] [ERROR] Failed to load resource: net::ERR_CONNECTION_REFUSED @ http://localhost:8501/_stcore/health:0
[ 1762135ms] [ERROR] Client Error in reaching server endpoint - No response received when attempting to reach /_stcore/health @ http://localhost:8501/static/js/index.k-9rUdPI.js:19
[ 1762136ms] [ERROR] Failed to load resource: net::ERR_CONNECTION_REFUSED @ http://localhost:8501/_stcore/host-config:0
[ 1766508ms] [ERROR] Failed to load resource: net::ERR_CONNECTION_REFUSED @ http://localhost:8501/_stcore/health:0
[ 1766508ms] [ERROR] Client Error in reaching server endpoint - No response received when attempting to reach /_stcore/health @ http://localhost:8501/static/js/index.k-9rUdPI.js:19
[ 1766510ms] [ERROR] Failed to load resource: net::ERR_CONNECTION_REFUSED @ http://localhost:8501/_stcore/host-config:0
[ 1770853ms] [ERROR] Failed to load resource: net::ERR_CONNECTION_REFUSED @ http://localhost:8501/_stcore/health:0
[ 1770853ms] [ERROR] Client Error in reaching server endpoint - No response received when attempting to reach /_stcore/health @ http://localhost:8501/static/js/index.k-9rUdPI.js:19
[ 1770854ms] [ERROR] Failed to load resource: net::ERR_CONNECTION_REFUSED @ http://localhost:8501/_stcore/host-config:0
[ 1775213ms] [ERROR] Failed to load resource: net::ERR_CONNECTION_REFUSED @ http://localhost:8501/_stcore/health:0
[ 1775213ms] [ERROR] Client Error in reaching server endpoint - No response received when attempting to reach /_stcore/health @ http://localhost:8501/static/js/index.k-9rUdPI.js:19
[ 1775214ms] [ERROR] Failed to load resource: net::ERR_CONNECTION_REFUSED @ http://localhost:8501/_stcore/host-config:0
[ 1779555ms] [ERROR] Failed to load resource: net::ERR_CONNECTION_REFUSED @ http://localhost:8501/_stcore/health:0
[ 1779555ms] [ERROR] Client Error in reaching server endpoint - No response received when attempting to reach /_stcore/health @ http://localhost:8501/static/js/index.k-9rUdPI.js:19
[ 1779556ms] [ERROR] Failed to load resource: net::ERR_CONNECTION_REFUSED @ http://localhost:8501/_stcore/host-config:0
[ 1783931ms] [ERROR] Failed to load resource: net::ERR_CONNECTION_REFUSED @ http://localhost:8501/_stcore/health:0
[ 1783931ms] [ERROR] Client Error in reaching server endpoint - No response received when attempting to reach /_stcore/health @ http://localhost:8501/static/js/index.k-9rUdPI.js:19
[ 1783932ms] [ERROR] Failed to load resource: net::ERR_CONNECTION_REFUSED @ http://localhost:8501/_stcore/host-config:0
[ 1788272ms] [ERROR] Failed to load resource: net::ERR_CONNECTION_REFUSED @ http://localhost:8501/_stcore/health:0
[ 1788273ms] [ERROR] Client Error in reaching server endpoint - No response received when attempting to reach /_stcore/health @ http://localhost:8501/static/js/index.k-9rUdPI.js:19
[ 1788304ms] [ERROR] Failed to load resource: net::ERR_CONNECTION_REFUSED @ http://localhost:8501/_stcore/host-config:0
[ 1792603ms] [ERROR] Failed to load resource: net::ERR_CONNECTION_REFUSED @ http://localhost:8501/_stcore/health:0
[ 1792603ms] [ERROR] Client Error in reaching server endpoint - No response received when attempting to reach /_stcore/health @ http://localhost:8501/static/js/index.k-9rUdPI.js:19
[ 1792619ms] [ERROR] Failed to load resource: net::ERR_CONNECTION_REFUSED @ http://localhost:8501/_stcore/host-config:0
[ 1796963ms] [ERROR] Failed to load resource: net::ERR_CONNECTION_REFUSED @ http://localhost:8501/_stcore/health:0
[ 1796963ms] [ERROR] Client Error in reaching server endpoint - No response received when attempting to reach /_stcore/health @ http://localhost:8501/static/js/index.k-9rUdPI.js:19
[ 1796965ms] [ERROR] Failed to load resource: net::ERR_CONNECTION_REFUSED @ http://localhost:8501/_stcore/host-config:0
[ 1801309ms] [ERROR] Failed to load resource: net::ERR_CONNECTION_REFUSED @ http://localhost:8501/_stcore/health:0
[ 1801309ms] [ERROR] Client Error in reaching server endpoint - No response received when attempting to reach /_stcore/health @ http://localhost:8501/static/js/index.k-9rUdPI.js:19
[ 1801311ms] [ERROR] Failed to load resource: net::ERR_CONNECTION_REFUSED @ http://localhost:8501/_stcore/host-config:0
[ 1805655ms] [ERROR] Failed to load resource: net::ERR_CONNECTION_REFUSED @ http://localhost:8501/_stcore/health:0
[ 1805656ms] [ERROR] Client Error in reaching server endpoint - No response received when attempting to reach /_stcore/health @ http://localhost:8501/static/js/index.k-9rUdPI.js:19
[ 1805671ms] [ERROR] Failed to load resource: net::ERR_CONNECTION_REFUSED @ http://localhost:8501/_stcore/host-config:0
[ 1810008ms] [ERROR] Failed to load resource: net::ERR_CONNECTION_REFUSED @ http://localhost:8501/_stcore/health:0
[ 1810008ms] [ERROR] Client Error in reaching server endpoint - No response received when attempting to reach /_stcore/health @ http://localhost:8501/static/js/index.k-9rUdPI.js:19
[ 1810009ms] [ERROR] Failed to load resource: net::ERR_CONNECTION_REFUSED @ http://localhost:8501/_stcore/host-config:0
[ 1814353ms] [ERROR] Failed to load resource: net::ERR_CONNECTION_REFUSED @ http://localhost:8501/_stcore/health:0
[ 1814353ms] [ERROR] Client Error in reaching server endpoint - No response received when attempting to reach /_stcore/health @ http://localhost:8501/static/js/index.k-9rUdPI.js:19
[ 1814369ms] [ERROR] Failed to load resource: net::ERR_CONNECTION_REFUSED @ http://localhost:8501/_stcore/host-config:0
[ 1818698ms] [ERROR] Failed to load resource: net::ERR_CONNECTION_REFUSED @ http://localhost:8501/_stcore/health:0
[ 1818698ms] [ERROR] Client Error in reaching server endpoint - No response received when attempting to reach /_stcore/health @ http://localhost:8501/static/js/index.k-9rUdPI.js:19
[ 1818700ms] [ERROR] Failed to load resource: net::ERR_CONNECTION_REFUSED @ http://localhost:8501/_stcore/host-config:0
[ 1823072ms] [ERROR] Failed to load resource: net::ERR_CONNECTION_REFUSED @ http://localhost:8501/_stcore/health:0
[ 1823072ms] [ERROR] Client Error in reaching server endpoint - No response received when attempting to reach /_stcore/health @ http://localhost:8501/static/js/index.k-9rUdPI.js:19
[ 1823073ms] [ERROR] Failed to load resource: net::ERR_CONNECTION_REFUSED @ http://localhost:8501/_stcore/host-config:0
[ 1827431ms] [ERROR] Failed to load resource: net::ERR_CONNECTION_REFUSED @ http://localhost:8501/_stcore/health:0
[ 1827431ms] [ERROR] Client Error in reaching server endpoint - No response received when attempting to reach /_stcore/health @ http://localhost:8501/static/js/index.k-9rUdPI.js:19
[ 1827462ms] [ERROR] Failed to load resource: net::ERR_CONNECTION_REFUSED @ http://localhost:8501/_stcore/host-config:0
[ 1831776ms] [ERROR] Failed to load resource: net::ERR_CONNECTION_REFUSED @ http://localhost:8501/_stcore/health:0
[ 1831776ms] [ERROR] Client Error in reaching server endpoint - No response received when attempting to reach /_stcore/health @ http://localhost:8501/static/js/index.k-9rUdPI.js:19
[ 1831802ms] [ERROR] Failed to load resource: net::ERR_CONNECTION_REFUSED @ http://localhost:8501/_stcore/host-config:0
[ 1836150ms] [ERROR] Failed to load resource: net::ERR_CONNECTION_REFUSED @ http://localhost:8501/_stcore/health:0
[ 1836150ms] [ERROR] Client Error in reaching server endpoint - No response received when attempting to reach /_stcore/health @ http://localhost:8501/static/js/index.k-9rUdPI.js:19
[ 1836151ms] [ERROR] Failed to load resource: net::ERR_CONNECTION_REFUSED @ http://localhost:8501/_stcore/host-config:0
[ 1840497ms] [ERROR] Failed to load resource: net::ERR_CONNECTION_REFUSED @ http://localhost:8501/_stcore/health:0
[ 1840497ms] [ERROR] Client Error in reaching server endpoint - No response received when attempting to reach /_stcore/health @ http://localhost:8501/static/js/index.k-9rUdPI.js:19
[ 1840513ms] [ERROR] Failed to load resource: net::ERR_CONNECTION_REFUSED @ http://localhost:8501/_stcore/host-config:0
[ 1844822ms] [ERROR] Failed to load resource: net::ERR_CONNECTION_REFUSED @ http://localhost:8501/_stcore/health:0
[ 1844822ms] [ERROR] Client Error in reaching server endpoint - No response received when attempting to reach /_stcore/health @ http://localhost:8501/static/js/index.k-9rUdPI.js:19
[ 1844853ms] [ERROR] Failed to load resource: net::ERR_CONNECTION_REFUSED @ http://localhost:8501/_stcore/host-config:0
[ 1849166ms] [ERROR] Failed to load resource: net::ERR_CONNECTION_REFUSED @ http://localhost:8501/_stcore/health:0
[ 1849166ms] [ERROR] Client Error in reaching server endpoint - No response received when attempting to reach /_stcore/health @ http://localhost:8501/static/js/index.k-9rUdPI.js:19
[ 1849167ms] [ERROR] Failed to load resource: net::ERR_CONNECTION_REFUSED @ http://localhost:8501/_stcore/host-config:0
[ 1853546ms] [ERROR] Failed to load resource: net::ERR_CONNECTION_REFUSED @ http://localhost:8501/_stcore/health:0
[ 1853546ms] [ERROR] Client Error in reaching server endpoint - No response received when attempting to reach /_stcore/health @ http://localhost:8501/static/js/index.k-9rUdPI.js:19
[ 1853547ms] [ERROR] Failed to load resource: net::ERR_CONNECTION_REFUSED @ http://localhost:8501/_stcore/host-config:0
[ 1857900ms] [ERROR] Failed to load resource: net::ERR_CONNECTION_REFUSED @ http://localhost:8501/_stcore/health:0
[ 1857900ms] [ERROR] Client Error in reaching server endpoint - No response received when attempting to reach /_stcore/health @ http://localhost:8501/static/js/index.k-9rUdPI.js:19
[ 1857901ms] [ERROR] Failed to load resource: net::ERR_CONNECTION_REFUSED @ http://localhost:8501/_stcore/host-config:0
[ 1862229ms] [ERROR] Failed to load resource: net::ERR_CONNECTION_REFUSED @ http://localhost:8501/_stcore/health:0
[ 1862229ms] [ERROR] Client Error in reaching server endpoint - No response received when attempting to reach /_stcore/health @ http://localhost:8501/static/js/index.k-9rUdPI.js:19
[ 1862246ms] [ERROR] Failed to load resource: net::ERR_CONNECTION_REFUSED @ http://localhost:8501/_stcore/host-config:0
[ 1866579ms] [ERROR] Failed to load resource: net::ERR_CONNECTION_REFUSED @ http://localhost:8501/_stcore/health:0
[ 1866579ms] [ERROR] Client Error in reaching server endpoint - No response received when attempting to reach /_stcore/health @ http://localhost:8501/static/js/index.k-9rUdPI.js:19
[ 1866594ms] [ERROR] Failed to load resource: net::ERR_CONNECTION_REFUSED @ http://localhost:8501/_stcore/host-config:0
[ 1870950ms] [ERROR] Failed to load resource: net::ERR_CONNECTION_REFUSED @ http://localhost:8501/_stcore/health:0
[ 1870951ms] [ERROR] Client Error in reaching server endpoint - No response received when attempting to reach /_stcore/health @ http://localhost:8501/static/js/index.k-9rUdPI.js:19
[ 1870952ms] [ERROR] Failed to load resource: net::ERR_CONNECTION_REFUSED @ http://localhost:8501/_stcore/host-config:0
[ 1875311ms] [ERROR] Failed to load resource: net::ERR_CONNECTION_REFUSED @ http://localhost:8501/_stcore/health:0
[ 1875312ms] [ERROR] Client Error in reaching server endpoint - No response received when attempting to reach /_stcore/health @ http://localhost:8501/static/js/index.k-9rUdPI.js:19
[ 1875326ms] [ERROR] Failed to load resource: net::ERR_CONNECTION_REFUSED @ http://localhost:8501/_stcore/host-config:0
[ 1879667ms] [ERROR] Failed to load resource: net::ERR_CONNECTION_REFUSED @ http://localhost:8501/_stcore/health:0
[ 1879667ms] [ERROR] Client Error in reaching server endpoint - No response received when attempting to reach /_stcore/health @ http://localhost:8501/static/js/index.k-9rUdPI.js:19
[ 1879683ms] [ERROR] Failed to load resource: net::ERR_CONNECTION_REFUSED @ http://localhost:8501/_stcore/host-config:0
[ 1884025ms] [ERROR] Failed to load resource: net::ERR_CONNECTION_REFUSED @ http://localhost:8501/_stcore/health:0
[ 1884025ms] [ERROR] Client Error in reaching server endpoint - No response received when attempting to reach /_stcore/health @ http://localhost:8501/static/js/index.k-9rUdPI.js:19
[ 1884041ms] [ERROR] Failed to load resource: net::ERR_CONNECTION_REFUSED @ http://localhost:8501/_stcore/host-config:0
[ 1888379ms] [ERROR] Failed to load resource: net::ERR_CONNECTION_REFUSED @ http://localhost:8501/_stcore/health:0
[ 1888379ms] [ERROR] Client Error in reaching server endpoint - No response received when attempting to reach /_stcore/health @ http://localhost:8501/static/js/index.k-9rUdPI.js:19
[ 1888380ms] [ERROR] Failed to load resource: net::ERR_CONNECTION_REFUSED @ http://localhost:8501/_stcore/host-config:0
[ 1892744ms] [ERROR] Failed to load resource: net::ERR_CONNECTION_REFUSED @ http://localhost:8501/_stcore/health:0
[ 1892744ms] [ERROR] Client Error in reaching server endpoint - No response received when attempting to reach /_stcore/health @ http://localhost:8501/static/js/index.k-9rUdPI.js:19
[ 1892745ms] [ERROR] Failed to load resource: net::ERR_CONNECTION_REFUSED @ http://localhost:8501/_stcore/host-config:0
[ 1897087ms] [ERROR] Failed to load resource: net::ERR_CONNECTION_REFUSED @ http://localhost:8501/_stcore/health:0
[ 1897087ms] [ERROR] Client Error in reaching server endpoint - No response received when attempting to reach /_stcore/health @ http://localhost:8501/static/js/index.k-9rUdPI.js:19
[ 1897104ms] [ERROR] Failed to load resource: net::ERR_CONNECTION_REFUSED @ http://localhost:8501/_stcore/host-config:0
[ 1901447ms] [ERROR] Failed to load resource: net::ERR_CONNECTION_REFUSED @ http://localhost:8501/_stcore/health:0
[ 1901447ms] [ERROR] Client Error in reaching server endpoint - No response received when attempting to reach /_stcore/health @ http://localhost:8501/static/js/index.k-9rUdPI.js:19
[ 1901448ms] [ERROR] Failed to load resource: net::ERR_CONNECTION_REFUSED @ http://localhost:8501/_stcore/host-config:0
[ 1905793ms] [ERROR] Failed to load resource: net::ERR_CONNECTION_REFUSED @ http://localhost:8501/_stcore/health:0
[ 1905793ms] [ERROR] Client Error in reaching server endpoint - No response received when attempting to reach /_stcore/health @ http://localhost:8501/static/js/index.k-9rUdPI.js:19
[ 1905794ms] [ERROR] Failed to load resource: net::ERR_CONNECTION_REFUSED @ http://localhost:8501/_stcore/host-config:0
[ 1910156ms] [ERROR] Failed to load resource: net::ERR_CONNECTION_REFUSED @ http://localhost:8501/_stcore/health:0
[ 1910156ms] [ERROR] Client Error in reaching server endpoint - No response received when attempting to reach /_stcore/health @ http://localhost:8501/static/js/index.k-9rUdPI.js:19
[ 1910172ms] [ERROR] Failed to load resource: net::ERR_CONNECTION_REFUSED @ http://localhost:8501/_stcore/host-config:0
[ 1914540ms] [ERROR] Failed to load resource: net::ERR_CONNECTION_REFUSED @ http://localhost:8501/_stcore/health:0
[ 1914540ms] [ERROR] Client Error in reaching server endpoint - No response received when attempting to reach /_stcore/health @ http://localhost:8501/static/js/index.k-9rUdPI.js:19
[ 1914541ms] [ERROR] Failed to load resource: net::ERR_CONNECTION_REFUSED @ http://localhost:8501/_stcore/host-config:0
[ 1918885ms] [ERROR] Failed to load resource: net::ERR_CONNECTION_REFUSED @ http://localhost:8501/_stcore/health:0
[ 1918885ms] [ERROR] Client Error in reaching server endpoint - No response received when attempting to reach /_stcore/health @ http://localhost:8501/static/js/index.k-9rUdPI.js:19
[ 1918886ms] [ERROR] Failed to load resource: net::ERR_CONNECTION_REFUSED @ http://localhost:8501/_stcore/host-config:0
[ 1923228ms] [ERROR] Failed to load resource: net::ERR_CONNECTION_REFUSED @ http://localhost:8501/_stcore/health:0
[ 1923228ms] [ERROR] Client Error in reaching server endpoint - No response received when attempting to reach /_stcore/health @ http://localhost:8501/static/js/index.k-9rUdPI.js:19
[ 1923229ms] [ERROR] Failed to load resource: net::ERR_CONNECTION_REFUSED @ http://localhost:8501/_stcore/host-config:0
[ 1927618ms] [ERROR] Failed to load resource: net::ERR_CONNECTION_REFUSED @ http://localhost:8501/_stcore/health:0
[ 1927618ms] [ERROR] Client Error in reaching server endpoint - No response received when attempting to reach /_stcore/health @ http://localhost:8501/static/js/index.k-9rUdPI.js:19
[ 1927619ms] [ERROR] Failed to load resource: net::ERR_CONNECTION_REFUSED @ http://localhost:8501/_stcore/host-config:0
[ 1931979ms] [ERROR] Failed to load resource: net::ERR_CONNECTION_REFUSED @ http://localhost:8501/_stcore/health:0
[ 1931979ms] [ERROR] Client Error in reaching server endpoint - No response received when attempting to reach /_stcore/health @ http://localhost:8501/static/js/index.k-9rUdPI.js:19
[ 1931998ms] [ERROR] Failed to load resource: net::ERR_CONNECTION_REFUSED @ http://localhost:8501/_stcore/host-config:0
[ 1936353ms] [ERROR] Failed to load resource: net::ERR_CONNECTION_REFUSED @ http://localhost:8501/_stcore/health:0
[ 1936353ms] [ERROR] Client Error in reaching server endpoint - No response received when attempting to reach /_stcore/health @ http://localhost:8501/static/js/index.k-9rUdPI.js:19
[ 1936354ms] [ERROR] Failed to load resource: net::ERR_CONNECTION_REFUSED @ http://localhost:8501/_stcore/host-config:0
[ 1940712ms] [ERROR] Failed to load resource: net::ERR_CONNECTION_REFUSED @ http://localhost:8501/_stcore/health:0
[ 1940713ms] [ERROR] Client Error in reaching server endpoint - No response received when attempting to reach /_stcore/health @ http://localhost:8501/static/js/index.k-9rUdPI.js:19
[ 1940715ms] [ERROR] Failed to load resource: net::ERR_CONNECTION_REFUSED @ http://localhost:8501/_stcore/host-config:0
[ 1945055ms] [ERROR] Failed to load resource: net::ERR_CONNECTION_REFUSED @ http://localhost:8501/_stcore/health:0
[ 1945055ms] [ERROR] Client Error in reaching server endpoint - No response received when attempting to reach /_stcore/health @ http://localhost:8501/static/js/index.k-9rUdPI.js:19
[ 1945057ms] [ERROR] Failed to load resource: net::ERR_CONNECTION_REFUSED @ http://localhost:8501/_stcore/host-config:0
[ 1949569ms] [ERROR] Failed to load resource: net::ERR_CONNECTION_REFUSED @ http://localhost:8501/_stcore/health:0
[ 1949569ms] [ERROR] Client Error in reaching server endpoint - No response received when attempting to reach /_stcore/health @ http://localhost:8501/static/js/index.k-9rUdPI.js:19
[ 1949571ms] [ERROR] Failed to load resource: net::ERR_CONNECTION_REFUSED @ http://localhost:8501/_stcore/host-config:0
[ 1953929ms] [ERROR] Failed to load resource: net::ERR_CONNECTION_REFUSED @ http://localhost:8501/_stcore/health:0
[ 1953929ms] [ERROR] Client Error in reaching server endpoint - No response received when attempting to reach /_stcore/health @ http://localhost:8501/static/js/index.k-9rUdPI.js:19
[ 1953931ms] [ERROR] Failed to load resource: net::ERR_CONNECTION_REFUSED @ http://localhost:8501/_stcore/host-config:0
[ 1958289ms] [ERROR] Failed to load resource: net::ERR_CONNECTION_REFUSED @ http://localhost:8501/_stcore/health:0
[ 1958289ms] [ERROR] Client Error in reaching server endpoint - No response received when attempting to reach /_stcore/health @ http://localhost:8501/static/js/index.k-9rUdPI.js:19
[ 1958291ms] [ERROR] Failed to load resource: net::ERR_CONNECTION_REFUSED @ http://localhost:8501/_stcore/host-config:0
[ 1962634ms] [ERROR] Failed to load resource: net::ERR_CONNECTION_REFUSED @ http://localhost:8501/_stcore/health:0
[ 1962634ms] [ERROR] Client Error in reaching server endpoint - No response received when attempting to reach /_stcore/health @ http://localhost:8501/static/js/index.k-9rUdPI.js:19
[ 1962636ms] [ERROR] Failed to load resource: net::ERR_CONNECTION_REFUSED @ http://localhost:8501/_stcore/host-config:0
[ 1966992ms] [ERROR] Failed to load resource: net::ERR_CONNECTION_REFUSED @ http://localhost:8501/_stcore/health:0
[ 1966992ms] [ERROR] Client Error in reaching server endpoint - No response received when attempting to reach /_stcore/health @ http://localhost:8501/static/js/index.k-9rUdPI.js:19
[ 1966994ms] [ERROR] Failed to load resource: net::ERR_CONNECTION_REFUSED @ http://localhost:8501/_stcore/host-config:0
[ 1971372ms] [ERROR] Failed to load resource: net::ERR_CONNECTION_REFUSED @ http://localhost:8501/_stcore/health:0
[ 1971372ms] [ERROR] Client Error in reaching server endpoint - No response received when attempting to reach /_stcore/health @ http://localhost:8501/static/js/index.k-9rUdPI.js:19
[ 1971374ms] [ERROR] Failed to load resource: net::ERR_CONNECTION_REFUSED @ http://localhost:8501/_stcore/host-config:0
[ 1975727ms] [ERROR] Failed to load resource: net::ERR_CONNECTION_REFUSED @ http://localhost:8501/_stcore/health:0
[ 1975727ms] [ERROR] Client Error in reaching server endpoint - No response received when attempting to reach /_stcore/health @ http://localhost:8501/static/js/index.k-9rUdPI.js:19
[ 1975728ms] [ERROR] Failed to load resource: net::ERR_CONNECTION_REFUSED @ http://localhost:8501/_stcore/host-config:0
[ 1980087ms] [ERROR] Failed to load resource: net::ERR_CONNECTION_REFUSED @ http://localhost:8501/_stcore/health:0
[ 1980087ms] [ERROR] Client Error in reaching server endpoint - No response received when attempting to reach /_stcore/health @ http://localhost:8501/static/js/index.k-9rUdPI.js:19
[ 1980089ms] [ERROR] Failed to load resource: net::ERR_CONNECTION_REFUSED @ http://localhost:8501/_stcore/host-config:0
[ 1984442ms] [ERROR] Failed to load resource: net::ERR_CONNECTION_REFUSED @ http://localhost:8501/_stcore/health:0
[ 1984442ms] [ERROR] Client Error in reaching server endpoint - No response received when attempting to reach /_stcore/health @ http://localhost:8501/static/js/index.k-9rUdPI.js:19
[ 1984444ms] [ERROR] Failed to load resource: net::ERR_CONNECTION_REFUSED @ http://localhost:8501/_stcore/host-config:0
[ 1988780ms] [ERROR] Failed to load resource: net::ERR_CONNECTION_REFUSED @ http://localhost:8501/_stcore/health:0
[ 1988781ms] [ERROR] Client Error in reaching server endpoint - No response received when attempting to reach /_stcore/health @ http://localhost:8501/static/js/index.k-9rUdPI.js:19
[ 1988812ms] [ERROR] Failed to load resource: net::ERR_CONNECTION_REFUSED @ http://localhost:8501/_stcore/host-config:0
[ 1993160ms] [ERROR] Failed to load resource: net::ERR_CONNECTION_REFUSED @ http://localhost:8501/_stcore/health:0
[ 1993161ms] [ERROR] Client Error in reaching server endpoint - No response received when attempting to reach /_stcore/health @ http://localhost:8501/static/js/index.k-9rUdPI.js:19
[ 1993175ms] [ERROR] Failed to load resource: net::ERR_CONNECTION_REFUSED @ http://localhost:8501/_stcore/host-config:0
[ 1997671ms] [ERROR] Failed to load resource: net::ERR_CONNECTION_REFUSED @ http://localhost:8501/_stcore/health:0
[ 1997671ms] [ERROR] Client Error in reaching server endpoint - No response received when attempting to reach /_stcore/health @ http://localhost:8501/static/js/index.k-9rUdPI.js:19
[ 1997674ms] [ERROR] Failed to load resource: net::ERR_CONNECTION_REFUSED @ http://localhost:8501/_stcore/host-config:0
[ 2002026ms] [ERROR] Failed to load resource: net::ERR_CONNECTION_REFUSED @ http://localhost:8501/_stcore/health:0
[ 2002026ms] [ERROR] Client Error in reaching server endpoint - No response received when attempting to reach /_stcore/health @ http://localhost:8501/static/js/index.k-9rUdPI.js:19
[ 2002028ms] [ERROR] Failed to load resource: net::ERR_CONNECTION_REFUSED @ http://localhost:8501/_stcore/host-config:0
[ 2006835ms] [ERROR] Failed to load resource: net::ERR_CONNECTION_REFUSED @ http://localhost:8501/_stcore/health:0
[ 2006835ms] [ERROR] Client Error in reaching server endpoint - No response received when attempting to reach /_stcore/health @ http://localhost:8501/static/js/index.k-9rUdPI.js:19
[ 2006837ms] [ERROR] Failed to load resource: net::ERR_CONNECTION_REFUSED @ http://localhost:8501/_stcore/host-config:0
[ 2011213ms] [ERROR] Failed to load resource: net::ERR_CONNECTION_REFUSED @ http://localhost:8501/_stcore/health:0
[ 2011213ms] [ERROR] Client Error in reaching server endpoint - No response received when attempting to reach /_stcore/health @ http://localhost:8501/static/js/index.k-9rUdPI.js:19
[ 2011215ms] [ERROR] Failed to load resource: net::ERR_CONNECTION_REFUSED @ http://localhost:8501/_stcore/host-config:0
[ 2015565ms] [ERROR] Failed to load resource: net::ERR_CONNECTION_REFUSED @ http://localhost:8501/_stcore/health:0
[ 2015566ms] [ERROR] Client Error in reaching server endpoint - No response received when attempting to reach /_stcore/health @ http://localhost:8501/static/js/index.k-9rUdPI.js:19
[ 2015568ms] [ERROR] Failed to load resource: net::ERR_CONNECTION_REFUSED @ http://localhost:8501/_stcore/host-config:0
[ 2019918ms] [ERROR] Failed to load resource: net::ERR_CONNECTION_REFUSED @ http://localhost:8501/_stcore/health:0
[ 2019918ms] [ERROR] Client Error in reaching server endpoint - No response received when attempting to reach /_stcore/health @ http://localhost:8501/static/js/index.k-9rUdPI.js:19
[ 2019920ms] [ERROR] Failed to load resource: net::ERR_CONNECTION_REFUSED @ http://localhost:8501/_stcore/host-config:0
[ 2024281ms] [ERROR] Failed to load resource: net::ERR_CONNECTION_REFUSED @ http://localhost:8501/_stcore/health:0
[ 2024281ms] [ERROR] Client Error in reaching server endpoint - No response received when attempting to reach /_stcore/health @ http://localhost:8501/static/js/index.k-9rUdPI.js:19
[ 2024282ms] [ERROR] Failed to load resource: net::ERR_CONNECTION_REFUSED @ http://localhost:8501/_stcore/host-config:0
[ 2028643ms] [ERROR] Failed to load resource: net::ERR_CONNECTION_REFUSED @ http://localhost:8501/_stcore/health:0
[ 2028643ms] [ERROR] Client Error in reaching server endpoint - No response received when attempting to reach /_stcore/health @ http://localhost:8501/static/js/index.k-9rUdPI.js:19
[ 2028645ms] [ERROR] Failed to load resource: net::ERR_CONNECTION_REFUSED @ http://localhost:8501/_stcore/host-config:0
[ 2033018ms] [ERROR] Failed to load resource: net::ERR_CONNECTION_REFUSED @ http://localhost:8501/_stcore/health:0
[ 2033018ms] [ERROR] Client Error in reaching server endpoint - No response received when attempting to reach /_stcore/health @ http://localhost:8501/static/js/index.k-9rUdPI.js:19
[ 2033018ms] [ERROR] Failed to load resource: net::ERR_CONNECTION_REFUSED @ http://localhost:8501/_stcore/host-config:0
[ 2037393ms] [ERROR] Failed to load resource: net::ERR_CONNECTION_REFUSED @ http://localhost:8501/_stcore/health:0
[ 2037393ms] [ERROR] Client Error in reaching server endpoint - No response received when attempting to reach /_stcore/health @ http://localhost:8501/static/js/index.k-9rUdPI.js:19
[ 2037395ms] [ERROR] Failed to load resource: net::ERR_CONNECTION_REFUSED @ http://localhost:8501/_stcore/host-config:0
[ 2041756ms] [ERROR] Failed to load resource: net::ERR_CONNECTION_REFUSED @ http://localhost:8501/_stcore/health:0
[ 2041756ms] [ERROR] Client Error in reaching server endpoint - No response received when attempting to reach /_stcore/health @ http://localhost:8501/static/js/index.k-9rUdPI.js:19
[ 2041758ms] [ERROR] Failed to load resource: net::ERR_CONNECTION_REFUSED @ http://localhost:8501/_stcore/host-config:0
[ 2046100ms] [ERROR] Failed to load resource: net::ERR_CONNECTION_REFUSED @ http://localhost:8501/_stcore/health:0
[ 2046100ms] [ERROR] Client Error in reaching server endpoint - No response received when attempting to reach /_stcore/health @ http://localhost:8501/static/js/index.k-9rUdPI.js:19
[ 2046101ms] [ERROR] Failed to load resource: net::ERR_CONNECTION_REFUSED @ http://localhost:8501/_stcore/host-config:0
[ 2050464ms] [ERROR] Failed to load resource: net::ERR_CONNECTION_REFUSED @ http://localhost:8501/_stcore/health:0
[ 2050464ms] [ERROR] Client Error in reaching server endpoint - No response received when attempting to reach /_stcore/health @ http://localhost:8501/static/js/index.k-9rUdPI.js:19
[ 2050480ms] [ERROR] Failed to load resource: net::ERR_CONNECTION_REFUSED @ http://localhost:8501/_stcore/host-config:0
[ 2054838ms] [ERROR] Failed to load resource: net::ERR_CONNECTION_REFUSED @ http://localhost:8501/_stcore/health:0
[ 2054838ms] [ERROR] Client Error in reaching server endpoint - No response received when attempting to reach /_stcore/health @ http://localhost:8501/static/js/index.k-9rUdPI.js:19
[ 2054839ms] [ERROR] Failed to load resource: net::ERR_CONNECTION_REFUSED @ http://localhost:8501/_stcore/host-config:0
[ 2059214ms] [ERROR] Failed to load resource: net::ERR_CONNECTION_REFUSED @ http://localhost:8501/_stcore/health:0
[ 2059214ms] [ERROR] Client Error in reaching server endpoint - No response received when attempting to reach /_stcore/health @ http://localhost:8501/static/js/index.k-9rUdPI.js:19
[ 2059215ms] [ERROR] Failed to load resource: net::ERR_CONNECTION_REFUSED @ http://localhost:8501/_stcore/host-config:0
[ 2063572ms] [ERROR] Failed to load resource: net::ERR_CONNECTION_REFUSED @ http://localhost:8501/_stcore/health:0
[ 2063572ms] [ERROR] Client Error in reaching server endpoint - No response received when attempting to reach /_stcore/health @ http://localhost:8501/static/js/index.k-9rUdPI.js:19
[ 2063588ms] [ERROR] Failed to load resource: net::ERR_CONNECTION_REFUSED @ http://localhost:8501/_stcore/host-config:0
[ 2067915ms] [ERROR] Failed to load resource: net::ERR_CONNECTION_REFUSED @ http://localhost:8501/_stcore/health:0
[ 2067916ms] [ERROR] Client Error in reaching server endpoint - No response received when attempting to reach /_stcore/health @ http://localhost:8501/static/js/index.k-9rUdPI.js:19
[ 2067916ms] [ERROR] Failed to load resource: net::ERR_CONNECTION_REFUSED @ http://localhost:8501/_stcore/host-config:0
[ 2072275ms] [ERROR] Failed to load resource: net::ERR_CONNECTION_REFUSED @ http://localhost:8501/_stcore/health:0
[ 2072275ms] [ERROR] Client Error in reaching server endpoint - No response received when attempting to reach /_stcore/health @ http://localhost:8501/static/js/index.k-9rUdPI.js:19
[ 2072276ms] [ERROR] Failed to load resource: net::ERR_CONNECTION_REFUSED @ http://localhost:8501/_stcore/host-config:0
[ 2076621ms] [ERROR] Failed to load resource: net::ERR_CONNECTION_REFUSED @ http://localhost:8501/_stcore/health:0
[ 2076621ms] [ERROR] Client Error in reaching server endpoint - No response received when attempting to reach /_stcore/health @ http://localhost:8501/static/js/index.k-9rUdPI.js:19
[ 2076622ms] [ERROR] Failed to load resource: net::ERR_CONNECTION_REFUSED @ http://localhost:8501/_stcore/host-config:0
[ 2080978ms] [ERROR] Failed to load resource: net::ERR_CONNECTION_REFUSED @ http://localhost:8501/_stcore/health:0
[ 2080979ms] [ERROR] Client Error in reaching server endpoint - No response received when attempting to reach /_stcore/health @ http://localhost:8501/static/js/index.k-9rUdPI.js:19
[ 2080980ms] [ERROR] Failed to load resource: net::ERR_CONNECTION_REFUSED @ http://localhost:8501/_stcore/host-config:0
[ 2085338ms] [ERROR] Failed to load resource: net::ERR_CONNECTION_REFUSED @ http://localhost:8501/_stcore/health:0
[ 2085338ms] [ERROR] Client Error in reaching server endpoint - No response received when attempting to reach /_stcore/health @ http://localhost:8501/static/js/index.k-9rUdPI.js:19
[ 2085339ms] [ERROR] Failed to load resource: net::ERR_CONNECTION_REFUSED @ http://localhost:8501/_stcore/host-config:0
[ 2089697ms] [ERROR] Failed to load resource: net::ERR_CONNECTION_REFUSED @ http://localhost:8501/_stcore/health:0
[ 2089697ms] [ERROR] Client Error in reaching server endpoint - No response received when attempting to reach /_stcore/health @ http://localhost:8501/static/js/index.k-9rUdPI.js:19
[ 2089713ms] [ERROR] Failed to load resource: net::ERR_CONNECTION_REFUSED @ http://localhost:8501/_stcore/host-config:0
[ 2094059ms] [ERROR] Failed to load resource: net::ERR_CONNECTION_REFUSED @ http://localhost:8501/_stcore/health:0
[ 2094060ms] [ERROR] Client Error in reaching server endpoint - No response received when attempting to reach /_stcore/health @ http://localhost:8501/static/js/index.k-9rUdPI.js:19
[ 2094060ms] [ERROR] Failed to load resource: net::ERR_CONNECTION_REFUSED @ http://localhost:8501/_stcore/host-config:0
[ 2098427ms] [ERROR] Failed to load resource: net::ERR_CONNECTION_REFUSED @ http://localhost:8501/_stcore/health:0
[ 2098428ms] [ERROR] Client Error in reaching server endpoint - No response received when attempting to reach /_stcore/health @ http://localhost:8501/static/js/index.k-9rUdPI.js:19
[ 2098429ms] [ERROR] Failed to load resource: net::ERR_CONNECTION_REFUSED @ http://localhost:8501/_stcore/host-config:0
[ 2102791ms] [ERROR] Failed to load resource: net::ERR_CONNECTION_REFUSED @ http://localhost:8501/_stcore/health:0
[ 2102791ms] [ERROR] Client Error in reaching server endpoint - No response received when attempting to reach /_stcore/health @ http://localhost:8501/static/js/index.k-9rUdPI.js:19
[ 2102793ms] [ERROR] Failed to load resource: net::ERR_CONNECTION_REFUSED @ http://localhost:8501/_stcore/host-config:0
[ 2107149ms] [ERROR] Failed to load resource: net::ERR_CONNECTION_REFUSED @ http://localhost:8501/_stcore/health:0
[ 2107150ms] [ERROR] Client Error in reaching server endpoint - No response received when attempting to reach /_stcore/health @ http://localhost:8501/static/js/index.k-9rUdPI.js:19
[ 2107151ms] [ERROR] Failed to load resource: net::ERR_CONNECTION_REFUSED @ http://localhost:8501/_stcore/host-config:0
[ 2111525ms] [ERROR] Failed to load resource: net::ERR_CONNECTION_REFUSED @ http://localhost:8501/_stcore/health:0
[ 2111525ms] [ERROR] Client Error in reaching server endpoint - No response received when attempting to reach /_stcore/health @ http://localhost:8501/static/js/index.k-9rUdPI.js:19
[ 2111526ms] [ERROR] Failed to load resource: net::ERR_CONNECTION_REFUSED @ http://localhost:8501/_stcore/host-config:0
[ 2115869ms] [ERROR] Failed to load resource: net::ERR_CONNECTION_REFUSED @ http://localhost:8501/_stcore/health:0
[ 2115869ms] [ERROR] Client Error in reaching server endpoint - No response received when attempting to reach /_stcore/health @ http://localhost:8501/static/js/index.k-9rUdPI.js:19
[ 2115870ms] [ERROR] Failed to load resource: net::ERR_CONNECTION_REFUSED @ http://localhost:8501/_stcore/host-config:0
[ 2120201ms] [ERROR] Failed to load resource: net::ERR_CONNECTION_REFUSED @ http://localhost:8501/_stcore/health:0
[ 2120201ms] [ERROR] Client Error in reaching server endpoint - No response received when attempting to reach /_stcore/health @ http://localhost:8501/static/js/index.k-9rUdPI.js:19
[ 2120227ms] [ERROR] Failed to load resource: net::ERR_CONNECTION_REFUSED @ http://localhost:8501/_stcore/host-config:0
[ 2124587ms] [ERROR] Failed to load resource: net::ERR_CONNECTION_REFUSED @ http://localhost:8501/_stcore/health:0
[ 2124587ms] [ERROR] Client Error in reaching server endpoint - No response received when attempting to reach /_stcore/health @ http://localhost:8501/static/js/index.k-9rUdPI.js:19
[ 2124588ms] [ERROR] Failed to load resource: net::ERR_CONNECTION_REFUSED @ http://localhost:8501/_stcore/host-config:0
[ 2129019ms] [ERROR] Failed to load resource: net::ERR_CONNECTION_REFUSED @ http://localhost:8501/_stcore/health:0
[ 2129019ms] [ERROR] Client Error in reaching server endpoint - No response received when attempting to reach /_stcore/health @ http://localhost:8501/static/js/index.k-9rUdPI.js:19
[ 2129021ms] [ERROR] Failed to load resource: net::ERR_CONNECTION_REFUSED @ http://localhost:8501/_stcore/host-config:0
[ 2133340ms] [ERROR] Failed to load resource: net::ERR_CONNECTION_REFUSED @ http://localhost:8501/_stcore/health:0
[ 2133340ms] [ERROR] Client Error in reaching server endpoint - No response received when attempting to reach /_stcore/health @ http://localhost:8501/static/js/index.k-9rUdPI.js:19
[ 2133372ms] [ERROR] Failed to load resource: net::ERR_CONNECTION_REFUSED @ http://localhost:8501/_stcore/host-config:0
[ 2137696ms] [ERROR] Failed to load resource: net::ERR_CONNECTION_REFUSED @ http://localhost:8501/_stcore/health:0
[ 2137697ms] [ERROR] Client Error in reaching server endpoint - No response received when attempting to reach /_stcore/health @ http://localhost:8501/static/js/index.k-9rUdPI.js:19
[ 2137698ms] [ERROR] Failed to load resource: net::ERR_CONNECTION_REFUSED @ http://localhost:8501/_stcore/host-config:0
[ 2142056ms] [ERROR] Failed to load resource: net::ERR_CONNECTION_REFUSED @ http://localhost:8501/_stcore/health:0
[ 2142057ms] [ERROR] Client Error in reaching server endpoint - No response received when attempting to reach /_stcore/health @ http://localhost:8501/static/js/index.k-9rUdPI.js:19
[ 2142058ms] [ERROR] Failed to load resource: net::ERR_CONNECTION_REFUSED @ http://localhost:8501/_stcore/host-config:0
[ 2146417ms] [ERROR] Failed to load resource: net::ERR_CONNECTION_REFUSED @ http://localhost:8501/_stcore/health:0
[ 2146417ms] [ERROR] Client Error in reaching server endpoint - No response received when attempting to reach /_stcore/health @ http://localhost:8501/static/js/index.k-9rUdPI.js:19
[ 2146418ms] [ERROR] Failed to load resource: net::ERR_CONNECTION_REFUSED @ http://localhost:8501/_stcore/host-config:0
[ 2150777ms] [ERROR] Failed to load resource: net::ERR_CONNECTION_REFUSED @ http://localhost:8501/_stcore/health:0
[ 2150777ms] [ERROR] Client Error in reaching server endpoint - No response received when attempting to reach /_stcore/health @ http://localhost:8501/static/js/index.k-9rUdPI.js:19
[ 2150778ms] [ERROR] Failed to load resource: net::ERR_CONNECTION_REFUSED @ http://localhost:8501/_stcore/host-config:0
[ 2155134ms] [ERROR] Failed to load resource: net::ERR_CONNECTION_REFUSED @ http://localhost:8501/_stcore/health:0
[ 2155134ms] [ERROR] Client Error in reaching server endpoint - No response received when attempting to reach /_stcore/health @ http://localhost:8501/static/js/index.k-9rUdPI.js:19
[ 2155135ms] [ERROR] Failed to load resource: net::ERR_CONNECTION_REFUSED @ http://localhost:8501/_stcore/host-config:0
[ 2159507ms] [ERROR] Failed to load resource: net::ERR_CONNECTION_REFUSED @ http://localhost:8501/_stcore/health:0
[ 2159507ms] [ERROR] Client Error in reaching server endpoint - No response received when attempting to reach /_stcore/health @ http://localhost:8501/static/js/index.k-9rUdPI.js:19
[ 2159508ms] [ERROR] Failed to load resource: net::ERR_CONNECTION_REFUSED @ http://localhost:8501/_stcore/host-config:0
[ 2163853ms] [ERROR] Failed to load resource: net::ERR_CONNECTION_REFUSED @ http://localhost:8501/_stcore/health:0
[ 2163853ms] [ERROR] Client Error in reaching server endpoint - No response received when attempting to reach /_stcore/health @ http://localhost:8501/static/js/index.k-9rUdPI.js:19
[ 2163854ms] [ERROR] Failed to load resource: net::ERR_CONNECTION_REFUSED @ http://localhost:8501/_stcore/host-config:0
[ 2168197ms] [ERROR] Failed to load resource: net::ERR_CONNECTION_REFUSED @ http://localhost:8501/_stcore/health:0
[ 2168197ms] [ERROR] Client Error in reaching server endpoint - No response received when attempting to reach /_stcore/health @ http://localhost:8501/static/js/index.k-9rUdPI.js:19
[ 2168198ms] [ERROR] Failed to load resource: net::ERR_CONNECTION_REFUSED @ http://localhost:8501/_stcore/host-config:0
[ 2172541ms] [ERROR] Failed to load resource: net::ERR_CONNECTION_REFUSED @ http://localhost:8501/_stcore/health:0
[ 2172541ms] [ERROR] Client Error in reaching server endpoint - No response received when attempting to reach /_stcore/health @ http://localhost:8501/static/js/index.k-9rUdPI.js:19
[ 2172542ms] [ERROR] Failed to load resource: net::ERR_CONNECTION_REFUSED @ http://localhost:8501/_stcore/host-config:0
[ 2176900ms] [ERROR] Failed to load resource: net::ERR_CONNECTION_REFUSED @ http://localhost:8501/_stcore/health:0
[ 2176901ms] [ERROR] Client Error in reaching server endpoint - No response received when attempting to reach /_stcore/health @ http://localhost:8501/static/js/index.k-9rUdPI.js:19
[ 2176902ms] [ERROR] Failed to load resource: net::ERR_CONNECTION_REFUSED @ http://localhost:8501/_stcore/host-config:0
[ 2181235ms] [ERROR] Failed to load resource: net::ERR_CONNECTION_REFUSED @ http://localhost:8501/_stcore/health:0
[ 2181235ms] [ERROR] Client Error in reaching server endpoint - No response received when attempting to reach /_stcore/health @ http://localhost:8501/static/js/index.k-9rUdPI.js:19
[ 2181266ms] [ERROR] Failed to load resource: net::ERR_CONNECTION_REFUSED @ http://localhost:8501/_stcore/host-config:0
[ 2185602ms] [ERROR] Failed to load resource: net::ERR_CONNECTION_REFUSED @ http://localhost:8501/_stcore/health:0
[ 2185602ms] [ERROR] Client Error in reaching server endpoint - No response received when attempting to reach /_stcore/health @ http://localhost:8501/static/js/index.k-9rUdPI.js:19
[ 2185604ms] [ERROR] Failed to load resource: net::ERR_CONNECTION_REFUSED @ http://localhost:8501/_stcore/host-config:0
[ 2189979ms] [ERROR] Failed to load resource: net::ERR_CONNECTION_REFUSED @ http://localhost:8501/_stcore/health:0
[ 2189980ms] [ERROR] Client Error in reaching server endpoint - No response received when attempting to reach /_stcore/health @ http://localhost:8501/static/js/index.k-9rUdPI.js:19
[ 2189981ms] [ERROR] Failed to load resource: net::ERR_CONNECTION_REFUSED @ http://localhost:8501/_stcore/host-config:0
[ 2194562ms] [ERROR] Failed to load resource: net::ERR_CONNECTION_REFUSED @ http://localhost:8501/_stcore/health:0
[ 2194562ms] [ERROR] Client Error in reaching server endpoint - No response received when attempting to reach /_stcore/health @ http://localhost:8501/static/js/index.k-9rUdPI.js:19
[ 2194564ms] [ERROR] Failed to load resource: net::ERR_CONNECTION_REFUSED @ http://localhost:8501/_stcore/host-config:0
[ 2198919ms] [ERROR] Failed to load resource: net::ERR_CONNECTION_REFUSED @ http://localhost:8501/_stcore/health:0
[ 2198919ms] [ERROR] Client Error in reaching server endpoint - No response received when attempting to reach /_stcore/health @ http://localhost:8501/static/js/index.k-9rUdPI.js:19
[ 2198921ms] [ERROR] Failed to load resource: net::ERR_CONNECTION_REFUSED @ http://localhost:8501/_stcore/host-config:0
[ 2203275ms] [ERROR] Failed to load resource: net::ERR_CONNECTION_REFUSED @ http://localhost:8501/_stcore/health:0
[ 2203276ms] [ERROR] Client Error in reaching server endpoint - No response received when attempting to reach /_stcore/health @ http://localhost:8501/static/js/index.k-9rUdPI.js:19
[ 2203277ms] [ERROR] Failed to load resource: net::ERR_CONNECTION_REFUSED @ http://localhost:8501/_stcore/host-config:0
[ 2207637ms] [ERROR] Failed to load resource: net::ERR_CONNECTION_REFUSED @ http://localhost:8501/_stcore/health:0
[ 2207637ms] [ERROR] Client Error in reaching server endpoint - No response received when attempting to reach /_stcore/health @ http://localhost:8501/static/js/index.k-9rUdPI.js:19
[ 2207638ms] [ERROR] Failed to load resource: net::ERR_CONNECTION_REFUSED @ http://localhost:8501/_stcore/host-config:0
[ 2212010ms] [ERROR] Failed to load resource: net::ERR_CONNECTION_REFUSED @ http://localhost:8501/_stcore/health:0
[ 2212011ms] [ERROR] Client Error in reaching server endpoint - No response received when attempting to reach /_stcore/health @ http://localhost:8501/static/js/index.k-9rUdPI.js:19
[ 2212012ms] [ERROR] Failed to load resource: net::ERR_CONNECTION_REFUSED @ http://localhost:8501/_stcore/host-config:0
[ 2216385ms] [ERROR] Failed to load resource: net::ERR_CONNECTION_REFUSED @ http://localhost:8501/_stcore/health:0
[ 2216386ms] [ERROR] Client Error in reaching server endpoint - No response received when attempting to reach /_stcore/health @ http://localhost:8501/static/js/index.k-9rUdPI.js:19
[ 2216387ms] [ERROR] Failed to load resource: net::ERR_CONNECTION_REFUSED @ http://localhost:8501/_stcore/host-config:0
[ 2220743ms] [ERROR] Failed to load resource: net::ERR_CONNECTION_REFUSED @ http://localhost:8501/_stcore/health:0
[ 2220743ms] [ERROR] Client Error in reaching server endpoint - No response received when attempting to reach /_stcore/health @ http://localhost:8501/static/js/index.k-9rUdPI.js:19
[ 2220745ms] [ERROR] Failed to load resource: net::ERR_CONNECTION_REFUSED @ http://localhost:8501/_stcore/host-config:0
[ 2225100ms] [ERROR] Failed to load resource: net::ERR_CONNECTION_REFUSED @ http://localhost:8501/_stcore/health:0
[ 2225101ms] [ERROR] Client Error in reaching server endpoint - No response received when attempting to reach /_stcore/health @ http://localhost:8501/static/js/index.k-9rUdPI.js:19
[ 2225103ms] [ERROR] Failed to load resource: net::ERR_CONNECTION_REFUSED @ http://localhost:8501/_stcore/host-config:0
[ 2229484ms] [ERROR] Failed to load resource: net::ERR_CONNECTION_REFUSED @ http://localhost:8501/_stcore/health:0
[ 2229484ms] [ERROR] Client Error in reaching server endpoint - No response received when attempting to reach /_stcore/health @ http://localhost:8501/static/js/index.k-9rUdPI.js:19
[ 2229486ms] [ERROR] Failed to load resource: net::ERR_CONNECTION_REFUSED @ http://localhost:8501/_stcore/host-config:0
[ 2233852ms] [ERROR] Failed to load resource: net::ERR_CONNECTION_REFUSED @ http://localhost:8501/_stcore/health:0
[ 2233852ms] [ERROR] Client Error in reaching server endpoint - No response received when attempting to reach /_stcore/health @ http://localhost:8501/static/js/index.k-9rUdPI.js:19
[ 2233867ms] [ERROR] Failed to load resource: net::ERR_CONNECTION_REFUSED @ http://localhost:8501/_stcore/host-config:0
[ 2238197ms] [ERROR] Failed to load resource: net::ERR_CONNECTION_REFUSED @ http://localhost:8501/_stcore/health:0
[ 2238197ms] [ERROR] Client Error in reaching server endpoint - No response received when attempting to reach /_stcore/health @ http://localhost:8501/static/js/index.k-9rUdPI.js:19
[ 2238213ms] [ERROR] Failed to load resource: net::ERR_CONNECTION_REFUSED @ http://localhost:8501/_stcore/host-config:0
[ 2242559ms] [ERROR] Failed to load resource: net::ERR_CONNECTION_REFUSED @ http://localhost:8501/_stcore/health:0
[ 2242559ms] [ERROR] Client Error in reaching server endpoint - No response received when attempting to reach /_stcore/health @ http://localhost:8501/static/js/index.k-9rUdPI.js:19
[ 2242560ms] [ERROR] Failed to load resource: net::ERR_CONNECTION_REFUSED @ http://localhost:8501/_stcore/host-config:0
[ 2246915ms] [ERROR] Failed to load resource: net::ERR_CONNECTION_REFUSED @ http://localhost:8501/_stcore/health:0
[ 2246916ms] [ERROR] Client Error in reaching server endpoint - No response received when attempting to reach /_stcore/health @ http://localhost:8501/static/js/index.k-9rUdPI.js:19
[ 2246931ms] [ERROR] Failed to load resource: net::ERR_CONNECTION_REFUSED @ http://localhost:8501/_stcore/host-config:0
[ 2251275ms] [ERROR] Failed to load resource: net::ERR_CONNECTION_REFUSED @ http://localhost:8501/_stcore/health:0
[ 2251275ms] [ERROR] Client Error in reaching server endpoint - No response received when attempting to reach /_stcore/health @ http://localhost:8501/static/js/index.k-9rUdPI.js:19
[ 2251276ms] [ERROR] Failed to load resource: net::ERR_CONNECTION_REFUSED @ http://localhost:8501/_stcore/host-config:0
[ 2255638ms] [ERROR] Failed to load resource: net::ERR_CONNECTION_REFUSED @ http://localhost:8501/_stcore/health:0
[ 2255638ms] [ERROR] Client Error in reaching server endpoint - No response received when attempting to reach /_stcore/health @ http://localhost:8501/static/js/index.k-9rUdPI.js:19
[ 2255639ms] [ERROR] Failed to load resource: net::ERR_CONNECTION_REFUSED @ http://localhost:8501/_stcore/host-config:0
[ 2259993ms] [ERROR] Failed to load resource: net::ERR_CONNECTION_REFUSED @ http://localhost:8501/_stcore/health:0
[ 2259993ms] [ERROR] Client Error in reaching server endpoint - No response received when attempting to reach /_stcore/health @ http://localhost:8501/static/js/index.k-9rUdPI.js:19
[ 2259995ms] [ERROR] Failed to load resource: net::ERR_CONNECTION_REFUSED @ http://localhost:8501/_stcore/host-config:0
[ 2264327ms] [ERROR] Failed to load resource: net::ERR_CONNECTION_REFUSED @ http://localhost:8501/_stcore/health:0
[ 2264327ms] [ERROR] Client Error in reaching server endpoint - No response received when attempting to reach /_stcore/health @ http://localhost:8501/static/js/index.k-9rUdPI.js:19
[ 2264353ms] [ERROR] Failed to load resource: net::ERR_CONNECTION_REFUSED @ http://localhost:8501/_stcore/host-config:0
[ 2268670ms] [ERROR] Failed to load resource: net::ERR_CONNECTION_REFUSED @ http://localhost:8501/_stcore/health:0
[ 2268670ms] [ERROR] Client Error in reaching server endpoint - No response received when attempting to reach /_stcore/health @ http://localhost:8501/static/js/index.k-9rUdPI.js:19
[ 2268671ms] [ERROR] Failed to load resource: net::ERR_CONNECTION_REFUSED @ http://localhost:8501/_stcore/host-config:0
[ 2273011ms] [ERROR] Failed to load resource: net::ERR_CONNECTION_REFUSED @ http://localhost:8501/_stcore/health:0
[ 2273011ms] [ERROR] Client Error in reaching server endpoint - No response received when attempting to reach /_stcore/health @ http://localhost:8501/static/js/index.k-9rUdPI.js:19
[ 2273012ms] [ERROR] Failed to load resource: net::ERR_CONNECTION_REFUSED @ http://localhost:8501/_stcore/host-config:0
[ 2277384ms] [ERROR] Failed to load resource: net::ERR_CONNECTION_REFUSED @ http://localhost:8501/_stcore/health:0
[ 2277384ms] [ERROR] Client Error in reaching server endpoint - No response received when attempting to reach /_stcore/health @ http://localhost:8501/static/js/index.k-9rUdPI.js:19
[ 2277385ms] [ERROR] Failed to load resource: net::ERR_CONNECTION_REFUSED @ http://localhost:8501/_stcore/host-config:0
[ 2281728ms] [ERROR] Failed to load resource: net::ERR_CONNECTION_REFUSED @ http://localhost:8501/_stcore/health:0
[ 2281728ms] [ERROR] Client Error in reaching server endpoint - No response received when attempting to reach /_stcore/health @ http://localhost:8501/static/js/index.k-9rUdPI.js:19
[ 2281729ms] [ERROR] Failed to load resource: net::ERR_CONNECTION_REFUSED @ http://localhost:8501/_stcore/host-config:0
[ 2286075ms] [ERROR] Failed to load resource: net::ERR_CONNECTION_REFUSED @ http://localhost:8501/_stcore/health:0
[ 2286075ms] [ERROR] Client Error in reaching server endpoint - No response received when attempting to reach /_stcore/health @ http://localhost:8501/static/js/index.k-9rUdPI.js:19
[ 2286076ms] [ERROR] Failed to load resource: net::ERR_CONNECTION_REFUSED @ http://localhost:8501/_stcore/host-config:0
[ 2290415ms] [ERROR] Failed to load resource: net::ERR_CONNECTION_REFUSED @ http://localhost:8501/_stcore/health:0
[ 2290416ms] [ERROR] Client Error in reaching server endpoint - No response received when attempting to reach /_stcore/health @ http://localhost:8501/static/js/index.k-9rUdPI.js:19
[ 2290417ms] [ERROR] Failed to load resource: net::ERR_CONNECTION_REFUSED @ http://localhost:8501/_stcore/host-config:0
[ 2294779ms] [ERROR] Failed to load resource: net::ERR_CONNECTION_REFUSED @ http://localhost:8501/_stcore/health:0
[ 2294779ms] [ERROR] Client Error in reaching server endpoint - No response received when attempting to reach /_stcore/health @ http://localhost:8501/static/js/index.k-9rUdPI.js:19
[ 2294780ms] [ERROR] Failed to load resource: net::ERR_CONNECTION_REFUSED @ http://localhost:8501/_stcore/host-config:0
[ 2299120ms] [ERROR] Failed to load resource: net::ERR_CONNECTION_REFUSED @ http://localhost:8501/_stcore/health:0
[ 2299120ms] [ERROR] Client Error in reaching server endpoint - No response received when attempting to reach /_stcore/health @ http://localhost:8501/static/js/index.k-9rUdPI.js:19
[ 2299136ms] [ERROR] Failed to load resource: net::ERR_CONNECTION_REFUSED @ http://localhost:8501/_stcore/host-config:0
[ 2303523ms] [ERROR] Failed to load resource: net::ERR_CONNECTION_REFUSED @ http://localhost:8501/_stcore/health:0
[ 2303523ms] [ERROR] Client Error in reaching server endpoint - No response received when attempting to reach /_stcore/health @ http://localhost:8501/static/js/index.k-9rUdPI.js:19
[ 2303526ms] [ERROR] Failed to load resource: net::ERR_CONNECTION_REFUSED @ http://localhost:8501/_stcore/host-config:0
[ 2307854ms] [ERROR] Failed to load resource: net::ERR_CONNECTION_REFUSED @ http://localhost:8501/_stcore/health:0
[ 2307854ms] [ERROR] Client Error in reaching server endpoint - No response received when attempting to reach /_stcore/health @ http://localhost:8501/static/js/index.k-9rUdPI.js:19
[ 2307870ms] [ERROR] Failed to load resource: net::ERR_CONNECTION_REFUSED @ http://localhost:8501/_stcore/host-config:0
[ 2312226ms] [ERROR] Failed to load resource: net::ERR_CONNECTION_REFUSED @ http://localhost:8501/_stcore/health:0
[ 2312226ms] [ERROR] Client Error in reaching server endpoint - No response received when attempting to reach /_stcore/health @ http://localhost:8501/static/js/index.k-9rUdPI.js:19
[ 2312228ms] [ERROR] Failed to load resource: net::ERR_CONNECTION_REFUSED @ http://localhost:8501/_stcore/host-config:0
[ 2316592ms] [ERROR] Failed to load resource: net::ERR_CONNECTION_REFUSED @ http://localhost:8501/_stcore/health:0
[ 2316592ms] [ERROR] Client Error in reaching server endpoint - No response received when attempting to reach /_stcore/health @ http://localhost:8501/static/js/index.k-9rUdPI.js:19
[ 2316593ms] [ERROR] Failed to load resource: net::ERR_CONNECTION_REFUSED @ http://localhost:8501/_stcore/host-config:0
[ 2320977ms] [ERROR] Failed to load resource: net::ERR_CONNECTION_REFUSED @ http://localhost:8501/_stcore/health:0
[ 2320977ms] [ERROR] Client Error in reaching server endpoint - No response received when attempting to reach /_stcore/health @ http://localhost:8501/static/js/index.k-9rUdPI.js:19
[ 2320978ms] [ERROR] Failed to load resource: net::ERR_CONNECTION_REFUSED @ http://localhost:8501/_stcore/host-config:0
[ 2325337ms] [ERROR] Failed to load resource: net::ERR_CONNECTION_REFUSED @ http://localhost:8501/_stcore/health:0
[ 2325337ms] [ERROR] Client Error in reaching server endpoint - No response received when attempting to reach /_stcore/health @ http://localhost:8501/static/js/index.k-9rUdPI.js:19
[ 2325339ms] [ERROR] Failed to load resource: net::ERR_CONNECTION_REFUSED @ http://localhost:8501/_stcore/host-config:0
[ 2329889ms] [ERROR] Failed to load resource: net::ERR_CONNECTION_REFUSED @ http://localhost:8501/_stcore/health:0
[ 2329889ms] [ERROR] Client Error in reaching server endpoint - No response received when attempting to reach /_stcore/health @ http://localhost:8501/static/js/index.k-9rUdPI.js:19
[ 2329890ms] [ERROR] Failed to load resource: net::ERR_CONNECTION_REFUSED @ http://localhost:8501/_stcore/host-config:0
[ 2334253ms] [ERROR] Failed to load resource: net::ERR_CONNECTION_REFUSED @ http://localhost:8501/_stcore/health:0
[ 2334253ms] [ERROR] Client Error in reaching server endpoint - No response received when attempting to reach /_stcore/health @ http://localhost:8501/static/js/index.k-9rUdPI.js:19
[ 2334254ms] [ERROR] Failed to load resource: net::ERR_CONNECTION_REFUSED @ http://localhost:8501/_stcore/host-config:0
[ 2338602ms] [ERROR] Failed to load resource: net::ERR_CONNECTION_REFUSED @ http://localhost:8501/_stcore/health:0
[ 2338602ms] [ERROR] Client Error in reaching server endpoint - No response received when attempting to reach /_stcore/health @ http://localhost:8501/static/js/index.k-9rUdPI.js:19
[ 2338603ms] [ERROR] Failed to load resource: net::ERR_CONNECTION_REFUSED @ http://localhost:8501/_stcore/host-config:0
[ 2342959ms] [ERROR] Failed to load resource: net::ERR_CONNECTION_REFUSED @ http://localhost:8501/_stcore/health:0
[ 2342959ms] [ERROR] Client Error in reaching server endpoint - No response received when attempting to reach /_stcore/health @ http://localhost:8501/static/js/index.k-9rUdPI.js:19
[ 2342960ms] [ERROR] Failed to load resource: net::ERR_CONNECTION_REFUSED @ http://localhost:8501/_stcore/host-config:0
[ 2347305ms] [ERROR] Failed to load resource: net::ERR_CONNECTION_REFUSED @ http://localhost:8501/_stcore/health:0
[ 2347305ms] [ERROR] Client Error in reaching server endpoint - No response received when attempting to reach /_stcore/health @ http://localhost:8501/static/js/index.k-9rUdPI.js:19
[ 2347306ms] [ERROR] Failed to load resource: net::ERR_CONNECTION_REFUSED @ http://localhost:8501/_stcore/host-config:0
[ 2351683ms] [ERROR] Failed to load resource: net::ERR_CONNECTION_REFUSED @ http://localhost:8501/_stcore/health:0
[ 2351683ms] [ERROR] Client Error in reaching server endpoint - No response received when attempting to reach /_stcore/health @ http://localhost:8501/static/js/index.k-9rUdPI.js:19
[ 2351685ms] [ERROR] Failed to load resource: net::ERR_CONNECTION_REFUSED @ http://localhost:8501/_stcore/host-config:0
[ 2356041ms] [ERROR] Failed to load resource: net::ERR_CONNECTION_REFUSED @ http://localhost:8501/_stcore/health:0
[ 2356041ms] [ERROR] Client Error in reaching server endpoint - No response received when attempting to reach /_stcore/health @ http://localhost:8501/static/js/index.k-9rUdPI.js:19
[ 2356042ms] [ERROR] Failed to load resource: net::ERR_CONNECTION_REFUSED @ http://localhost:8501/_stcore/host-config:0
[ 2360400ms] [ERROR] Failed to load resource: net::ERR_CONNECTION_REFUSED @ http://localhost:8501/_stcore/health:0
[ 2360400ms] [ERROR] Client Error in reaching server endpoint - No response received when attempting to reach /_stcore/health @ http://localhost:8501/static/js/index.k-9rUdPI.js:19
[ 2360401ms] [ERROR] Failed to load resource: net::ERR_CONNECTION_REFUSED @ http://localhost:8501/_stcore/host-config:0
[ 2364760ms] [ERROR] Failed to load resource: net::ERR_CONNECTION_REFUSED @ http://localhost:8501/_stcore/health:0
[ 2364760ms] [ERROR] Client Error in reaching server endpoint - No response received when attempting to reach /_stcore/health @ http://localhost:8501/static/js/index.k-9rUdPI.js:19
[ 2364761ms] [ERROR] Failed to load resource: net::ERR_CONNECTION_REFUSED @ http://localhost:8501/_stcore/host-config:0
[ 2369123ms] [ERROR] Failed to load resource: net::ERR_CONNECTION_REFUSED @ http://localhost:8501/_stcore/health:0
[ 2369123ms] [ERROR] Client Error in reaching server endpoint - No response received when attempting to reach /_stcore/health @ http://localhost:8501/static/js/index.k-9rUdPI.js:19
[ 2369124ms] [ERROR] Failed to load resource: net::ERR_CONNECTION_REFUSED @ http://localhost:8501/_stcore/host-config:0
[ 2373462ms] [ERROR] Failed to load resource: net::ERR_CONNECTION_REFUSED @ http://localhost:8501/_stcore/health:0
[ 2373463ms] [ERROR] Client Error in reaching server endpoint - No response received when attempting to reach /_stcore/health @ http://localhost:8501/static/js/index.k-9rUdPI.js:19
[ 2373477ms] [ERROR] Failed to load resource: net::ERR_CONNECTION_REFUSED @ http://localhost:8501/_stcore/host-config:0
[ 2377821ms] [ERROR] Failed to load resource: net::ERR_CONNECTION_REFUSED @ http://localhost:8501/_stcore/health:0
[ 2377821ms] [ERROR] Client Error in reaching server endpoint - No response received when attempting to reach /_stcore/health @ http://localhost:8501/static/js/index.k-9rUdPI.js:19
[ 2377837ms] [ERROR] Failed to load resource: net::ERR_CONNECTION_REFUSED @ http://localhost:8501/_stcore/host-config:0
[ 2382181ms] [ERROR] Failed to load resource: net::ERR_CONNECTION_REFUSED @ http://localhost:8501/_stcore/health:0
[ 2382181ms] [ERROR] Client Error in reaching server endpoint - No response received when attempting to reach /_stcore/health @ http://localhost:8501/static/js/index.k-9rUdPI.js:19
[ 2382197ms] [ERROR] Failed to load resource: net::ERR_CONNECTION_REFUSED @ http://localhost:8501/_stcore/host-config:0
[ 2386537ms] [ERROR] Failed to load resource: net::ERR_CONNECTION_REFUSED @ http://localhost:8501/_stcore/health:0
[ 2386537ms] [ERROR] Client Error in reaching server endpoint - No response received when attempting to reach /_stcore/health @ http://localhost:8501/static/js/index.k-9rUdPI.js:19
[ 2386539ms] [ERROR] Failed to load resource: net::ERR_CONNECTION_REFUSED @ http://localhost:8501/_stcore/host-config:0
[ 2390881ms] [ERROR] Failed to load resource: net::ERR_CONNECTION_REFUSED @ http://localhost:8501/_stcore/health:0
[ 2390881ms] [ERROR] Client Error in reaching server endpoint - No response received when attempting to reach /_stcore/health @ http://localhost:8501/static/js/index.k-9rUdPI.js:19
[ 2390882ms] [ERROR] Failed to load resource: net::ERR_CONNECTION_REFUSED @ http://localhost:8501/_stcore/host-config:0
[ 2395216ms] [ERROR] Failed to load resource: net::ERR_CONNECTION_REFUSED @ http://localhost:8501/_stcore/health:0
[ 2395216ms] [ERROR] Client Error in reaching server endpoint - No response received when attempting to reach /_stcore/health @ http://localhost:8501/static/js/index.k-9rUdPI.js:19
[ 2395217ms] [ERROR] Failed to load resource: net::ERR_CONNECTION_REFUSED @ http://localhost:8501/_stcore/host-config:0
[ 2399561ms] [ERROR] Failed to load resource: net::ERR_CONNECTION_REFUSED @ http://localhost:8501/_stcore/health:0
[ 2399562ms] [ERROR] Client Error in reaching server endpoint - No response received when attempting to reach /_stcore/health @ http://localhost:8501/static/js/index.k-9rUdPI.js:19
[ 2399563ms] [ERROR] Failed to load resource: net::ERR_CONNECTION_REFUSED @ http://localhost:8501/_stcore/host-config:0
[ 2403986ms] [ERROR] Failed to load resource: net::ERR_CONNECTION_REFUSED @ http://localhost:8501/_stcore/health:0
[ 2403986ms] [ERROR] Client Error in reaching server endpoint - No response received when attempting to reach /_stcore/health @ http://localhost:8501/static/js/index.k-9rUdPI.js:19
[ 2403988ms] [ERROR] Failed to load resource: net::ERR_CONNECTION_REFUSED @ http://localhost:8501/_stcore/host-config:0
[ 2408336ms] [ERROR] Failed to load resource: net::ERR_CONNECTION_REFUSED @ http://localhost:8501/_stcore/health:0
[ 2408336ms] [ERROR] Client Error in reaching server endpoint - No response received when attempting to reach /_stcore/health @ http://localhost:8501/static/js/index.k-9rUdPI.js:19
[ 2408338ms] [ERROR] Failed to load resource: net::ERR_CONNECTION_REFUSED @ http://localhost:8501/_stcore/host-config:0
[ 2412693ms] [ERROR] Failed to load resource: net::ERR_CONNECTION_REFUSED @ http://localhost:8501/_stcore/health:0
[ 2412693ms] [ERROR] Client Error in reaching server endpoint - No response received when attempting to reach /_stcore/health @ http://localhost:8501/static/js/index.k-9rUdPI.js:19
[ 2412710ms] [ERROR] Failed to load resource: net::ERR_CONNECTION_REFUSED @ http://localhost:8501/_stcore/host-config:0
[ 2417024ms] [ERROR] Failed to load resource: net::ERR_CONNECTION_REFUSED @ http://localhost:8501/_stcore/health:0
[ 2417024ms] [ERROR] Client Error in reaching server endpoint - No response received when attempting to reach /_stcore/health @ http://localhost:8501/static/js/index.k-9rUdPI.js:19
[ 2417026ms] [ERROR] Failed to load resource: net::ERR_CONNECTION_REFUSED @ http://localhost:8501/_stcore/host-config:0
[ 2421400ms] [ERROR] Failed to load resource: net::ERR_CONNECTION_REFUSED @ http://localhost:8501/_stcore/health:0
[ 2421400ms] [ERROR] Client Error in reaching server endpoint - No response received when attempting to reach /_stcore/health @ http://localhost:8501/static/js/index.k-9rUdPI.js:19
[ 2421402ms] [ERROR] Failed to load resource: net::ERR_CONNECTION_REFUSED @ http://localhost:8501/_stcore/host-config:0
[ 2425922ms] [ERROR] Failed to load resource: net::ERR_CONNECTION_REFUSED @ http://localhost:8501/_stcore/health:0
[ 2425923ms] [ERROR] Client Error in reaching server endpoint - No response received when attempting to reach /_stcore/health @ http://localhost:8501/static/js/index.k-9rUdPI.js:19
[ 2425925ms] [ERROR] Failed to load resource: net::ERR_CONNECTION_REFUSED @ http://localhost:8501/_stcore/host-config:0
[ 2430268ms] [ERROR] Failed to load resource: net::ERR_CONNECTION_REFUSED @ http://localhost:8501/_stcore/health:0
[ 2430269ms] [ERROR] Client Error in reaching server endpoint - No response received when attempting to reach /_stcore/health @ http://localhost:8501/static/js/index.k-9rUdPI.js:19
[ 2430269ms] [ERROR] Failed to load resource: net::ERR_CONNECTION_REFUSED @ http://localhost:8501/_stcore/host-config:0
[ 2434616ms] [ERROR] Failed to load resource: net::ERR_CONNECTION_REFUSED @ http://localhost:8501/_stcore/health:0
[ 2434617ms] [ERROR] Client Error in reaching server endpoint - No response received when attempting to reach /_stcore/health @ http://localhost:8501/static/js/index.k-9rUdPI.js:19
[ 2434632ms] [ERROR] Failed to load resource: net::ERR_CONNECTION_REFUSED @ http://localhost:8501/_stcore/host-config:0
[ 2439003ms] [ERROR] Failed to load resource: net::ERR_CONNECTION_REFUSED @ http://localhost:8501/_stcore/health:0
[ 2439003ms] [ERROR] Client Error in reaching server endpoint - No response received when attempting to reach /_stcore/health @ http://localhost:8501/static/js/index.k-9rUdPI.js:19
[ 2439005ms] [ERROR] Failed to load resource: net::ERR_CONNECTION_REFUSED @ http://localhost:8501/_stcore/host-config:0
[ 2443351ms] [ERROR] Failed to load resource: net::ERR_CONNECTION_REFUSED @ http://localhost:8501/_stcore/health:0
[ 2443352ms] [ERROR] Client Error in reaching server endpoint - No response received when attempting to reach /_stcore/health @ http://localhost:8501/static/js/index.k-9rUdPI.js:19
[ 2443353ms] [ERROR] Failed to load resource: net::ERR_CONNECTION_REFUSED @ http://localhost:8501/_stcore/host-config:0
[ 2447716ms] [ERROR] Failed to load resource: net::ERR_CONNECTION_REFUSED @ http://localhost:8501/_stcore/health:0
[ 2447716ms] [ERROR] Client Error in reaching server endpoint - No response received when attempting to reach /_stcore/health @ http://localhost:8501/static/js/index.k-9rUdPI.js:19
[ 2447719ms] [ERROR] Failed to load resource: net::ERR_CONNECTION_REFUSED @ http://localhost:8501/_stcore/host-config:0
[ 2452064ms] [ERROR] Failed to load resource: net::ERR_CONNECTION_REFUSED @ http://localhost:8501/_stcore/health:0
[ 2452064ms] [ERROR] Client Error in reaching server endpoint - No response received when attempting to reach /_stcore/health @ http://localhost:8501/static/js/index.k-9rUdPI.js:19
[ 2452066ms] [ERROR] Failed to load resource: net::ERR_CONNECTION_REFUSED @ http://localhost:8501/_stcore/host-config:0
[ 2456417ms] [ERROR] Failed to load resource: net::ERR_CONNECTION_REFUSED @ http://localhost:8501/_stcore/health:0
[ 2456417ms] [ERROR] Client Error in reaching server endpoint - No response received when attempting to reach /_stcore/health @ http://localhost:8501/static/js/index.k-9rUdPI.js:19
[ 2456418ms] [ERROR] Failed to load resource: net::ERR_CONNECTION_REFUSED @ http://localhost:8501/_stcore/host-config:0
[ 2460766ms] [ERROR] Failed to load resource: net::ERR_CONNECTION_REFUSED @ http://localhost:8501/_stcore/health:0
[ 2460766ms] [ERROR] Client Error in reaching server endpoint - No response received when attempting to reach /_stcore/health @ http://localhost:8501/static/js/index.k-9rUdPI.js:19
[ 2460768ms] [ERROR] Failed to load resource: net::ERR_CONNECTION_REFUSED @ http://localhost:8501/_stcore/host-config:0
[ 2465108ms] [ERROR] Failed to load resource: net::ERR_CONNECTION_REFUSED @ http://localhost:8501/_stcore/health:0
[ 2465108ms] [ERROR] Client Error in reaching server endpoint - No response received when attempting to reach /_stcore/health @ http://localhost:8501/static/js/index.k-9rUdPI.js:19
[ 2465123ms] [ERROR] Failed to load resource: net::ERR_CONNECTION_REFUSED @ http://localhost:8501/_stcore/host-config:0
[ 2469434ms] [ERROR] Failed to load resource: net::ERR_CONNECTION_REFUSED @ http://localhost:8501/_stcore/health:0
[ 2469434ms] [ERROR] Client Error in reaching server endpoint - No response received when attempting to reach /_stcore/health @ http://localhost:8501/static/js/index.k-9rUdPI.js:19
[ 2469435ms] [ERROR] Failed to load resource: net::ERR_CONNECTION_REFUSED @ http://localhost:8501/_stcore/host-config:0
[ 2473786ms] [ERROR] Failed to load resource: net::ERR_CONNECTION_REFUSED @ http://localhost:8501/_stcore/health:0
[ 2473786ms] [ERROR] Client Error in reaching server endpoint - No response received when attempting to reach /_stcore/health @ http://localhost:8501/static/js/index.k-9rUdPI.js:19
[ 2473788ms] [ERROR] Failed to load resource: net::ERR_CONNECTION_REFUSED @ http://localhost:8501/_stcore/host-config:0
[ 2478146ms] [ERROR] Failed to load resource: net::ERR_CONNECTION_REFUSED @ http://localhost:8501/_stcore/health:0
[ 2478146ms] [ERROR] Client Error in reaching server endpoint - No response received when attempting to reach /_stcore/health @ http://localhost:8501/static/js/index.k-9rUdPI.js:19
[ 2478147ms] [ERROR] Failed to load resource: net::ERR_CONNECTION_REFUSED @ http://localhost:8501/_stcore/host-config:0
[ 2482482ms] [ERROR] Failed to load resource: net::ERR_CONNECTION_REFUSED @ http://localhost:8501/_stcore/health:0
[ 2482482ms] [ERROR] Client Error in reaching server endpoint - No response received when attempting to reach /_stcore/health @ http://localhost:8501/static/js/index.k-9rUdPI.js:19
[ 2482483ms] [ERROR] Failed to load resource: net::ERR_CONNECTION_REFUSED @ http://localhost:8501/_stcore/host-config:0
[ 2486833ms] [ERROR] Failed to load resource: net::ERR_CONNECTION_REFUSED @ http://localhost:8501/_stcore/health:0
[ 2486833ms] [ERROR] Client Error in reaching server endpoint - No response received when attempting to reach /_stcore/health @ http://localhost:8501/static/js/index.k-9rUdPI.js:19
[ 2486834ms] [ERROR] Failed to load resource: net::ERR_CONNECTION_REFUSED @ http://localhost:8501/_stcore/host-config:0
[ 2491182ms] [ERROR] Failed to load resource: net::ERR_CONNECTION_REFUSED @ http://localhost:8501/_stcore/health:0
[ 2491182ms] [ERROR] Client Error in reaching server endpoint - No response received when attempting to reach /_stcore/health @ http://localhost:8501/static/js/index.k-9rUdPI.js:19
[ 2491183ms] [ERROR] Failed to load resource: net::ERR_CONNECTION_REFUSED @ http://localhost:8501/_stcore/host-config:0
[ 2495535ms] [ERROR] Failed to load resource: net::ERR_CONNECTION_REFUSED @ http://localhost:8501/_stcore/health:0
[ 2495535ms] [ERROR] Client Error in reaching server endpoint - No response received when attempting to reach /_stcore/health @ http://localhost:8501/static/js/index.k-9rUdPI.js:19
[ 2495536ms] [ERROR] Failed to load resource: net::ERR_CONNECTION_REFUSED @ http://localhost:8501/_stcore/host-config:0
[ 2499900ms] [ERROR] Failed to load resource: net::ERR_CONNECTION_REFUSED @ http://localhost:8501/_stcore/health:0
[ 2499900ms] [ERROR] Client Error in reaching server endpoint - No response received when attempting to reach /_stcore/health @ http://localhost:8501/static/js/index.k-9rUdPI.js:19
[ 2499901ms] [ERROR] Failed to load resource: net::ERR_CONNECTION_REFUSED @ http://localhost:8501/_stcore/host-config:0
[ 2504265ms] [ERROR] Failed to load resource: net::ERR_CONNECTION_REFUSED @ http://localhost:8501/_stcore/health:0
[ 2504265ms] [ERROR] Client Error in reaching server endpoint - No response received when attempting to reach /_stcore/health @ http://localhost:8501/static/js/index.k-9rUdPI.js:19
[ 2504267ms] [ERROR] Failed to load resource: net::ERR_CONNECTION_REFUSED @ http://localhost:8501/_stcore/host-config:0
[ 2508620ms] [ERROR] Failed to load resource: net::ERR_CONNECTION_REFUSED @ http://localhost:8501/_stcore/health:0
[ 2508620ms] [ERROR] Client Error in reaching server endpoint - No response received when attempting to reach /_stcore/health @ http://localhost:8501/static/js/index.k-9rUdPI.js:19
[ 2508621ms] [ERROR] Failed to load resource: net::ERR_CONNECTION_REFUSED @ http://localhost:8501/_stcore/host-config:0
[ 2512995ms] [ERROR] Failed to load resource: net::ERR_CONNECTION_REFUSED @ http://localhost:8501/_stcore/health:0
[ 2512996ms] [ERROR] Client Error in reaching server endpoint - No response received when attempting to reach /_stcore/health @ http://localhost:8501/static/js/index.k-9rUdPI.js:19
[ 2512997ms] [ERROR] Failed to load resource: net::ERR_CONNECTION_REFUSED @ http://localhost:8501/_stcore/host-config:0
[ 2517359ms] [ERROR] Failed to load resource: net::ERR_CONNECTION_REFUSED @ http://localhost:8501/_stcore/health:0
[ 2517359ms] [ERROR] Client Error in reaching server endpoint - No response received when attempting to reach /_stcore/health @ http://localhost:8501/static/js/index.k-9rUdPI.js:19
[ 2517379ms] [ERROR] Failed to load resource: net::ERR_CONNECTION_REFUSED @ http://localhost:8501/_stcore/host-config:0
[ 2521701ms] [ERROR] Failed to load resource: net::ERR_CONNECTION_REFUSED @ http://localhost:8501/_stcore/health:0
[ 2521701ms] [ERROR] Client Error in reaching server endpoint - No response received when attempting to reach /_stcore/health @ http://localhost:8501/static/js/index.k-9rUdPI.js:19
[ 2521703ms] [ERROR] Failed to load resource: net::ERR_CONNECTION_REFUSED @ http://localhost:8501/_stcore/host-config:0
[ 2526031ms] [ERROR] Failed to load resource: net::ERR_CONNECTION_REFUSED @ http://localhost:8501/_stcore/health:0
[ 2526032ms] [ERROR] Client Error in reaching server endpoint - No response received when attempting to reach /_stcore/health @ http://localhost:8501/static/js/index.k-9rUdPI.js:19
[ 2526048ms] [ERROR] Failed to load resource: net::ERR_CONNECTION_REFUSED @ http://localhost:8501/_stcore/host-config:0
[ 2530376ms] [ERROR] Failed to load resource: net::ERR_CONNECTION_REFUSED @ http://localhost:8501/_stcore/health:0
[ 2530377ms] [ERROR] Client Error in reaching server endpoint - No response received when attempting to reach /_stcore/health @ http://localhost:8501/static/js/index.k-9rUdPI.js:19
[ 2530378ms] [ERROR] Failed to load resource: net::ERR_CONNECTION_REFUSED @ http://localhost:8501/_stcore/host-config:0
[ 2534723ms] [ERROR] Failed to load resource: net::ERR_CONNECTION_REFUSED @ http://localhost:8501/_stcore/health:0
[ 2534723ms] [ERROR] Client Error in reaching server endpoint - No response received when attempting to reach /_stcore/health @ http://localhost:8501/static/js/index.k-9rUdPI.js:19
[ 2534724ms] [ERROR] Failed to load resource: net::ERR_CONNECTION_REFUSED @ http://localhost:8501/_stcore/host-config:0
[ 2539078ms] [ERROR] Failed to load resource: net::ERR_CONNECTION_REFUSED @ http://localhost:8501/_stcore/health:0
[ 2539078ms] [ERROR] Client Error in reaching server endpoint - No response received when attempting to reach /_stcore/health @ http://localhost:8501/static/js/index.k-9rUdPI.js:19
[ 2539093ms] [ERROR] Failed to load resource: net::ERR_CONNECTION_REFUSED @ http://localhost:8501/_stcore/host-config:0
[ 2543744ms] [ERROR] Failed to load resource: net::ERR_CONNECTION_REFUSED @ http://localhost:8501/_stcore/health:0
[ 2543744ms] [ERROR] Client Error in reaching server endpoint - No response received when attempting to reach /_stcore/health @ http://localhost:8501/static/js/index.k-9rUdPI.js:19
[ 2543783ms] [ERROR] Failed to load resource: net::ERR_CONNECTION_REFUSED @ http://localhost:8501/_stcore/host-config:0
[ 2548073ms] [ERROR] Failed to load resource: net::ERR_CONNECTION_REFUSED @ http://localhost:8501/_stcore/health:0
[ 2548074ms] [ERROR] Client Error in reaching server endpoint - No response received when attempting to reach /_stcore/health @ http://localhost:8501/static/js/index.k-9rUdPI.js:19
[ 2548075ms] [ERROR] Failed to load resource: net::ERR_CONNECTION_REFUSED @ http://localhost:8501/_stcore/host-config:0
[ 2552431ms] [ERROR] Failed to load resource: net::ERR_CONNECTION_REFUSED @ http://localhost:8501/_stcore/health:0
[ 2552432ms] [ERROR] Client Error in reaching server endpoint - No response received when attempting to reach /_stcore/health @ http://localhost:8501/static/js/index.k-9rUdPI.js:19
[ 2552433ms] [ERROR] Failed to load resource: net::ERR_CONNECTION_REFUSED @ http://localhost:8501/_stcore/host-config:0
[ 2556779ms] [ERROR] Failed to load resource: net::ERR_CONNECTION_REFUSED @ http://localhost:8501/_stcore/health:0
[ 2556779ms] [ERROR] Client Error in reaching server endpoint - No response received when attempting to reach /_stcore/health @ http://localhost:8501/static/js/index.k-9rUdPI.js:19
[ 2556780ms] [ERROR] Failed to load resource: net::ERR_CONNECTION_REFUSED @ http://localhost:8501/_stcore/host-config:0
[ 2561150ms] [ERROR] Failed to load resource: net::ERR_CONNECTION_REFUSED @ http://localhost:8501/_stcore/health:0
[ 2561150ms] [ERROR] Client Error in reaching server endpoint - No response received when attempting to reach /_stcore/health @ http://localhost:8501/static/js/index.k-9rUdPI.js:19
[ 2561152ms] [ERROR] Failed to load resource: net::ERR_CONNECTION_REFUSED @ http://localhost:8501/_stcore/host-config:0
[ 2565716ms] [ERROR] Failed to load resource: net::ERR_CONNECTION_REFUSED @ http://localhost:8501/_stcore/health:0
[ 2565717ms] [ERROR] Client Error in reaching server endpoint - No response received when attempting to reach /_stcore/health @ http://localhost:8501/static/js/index.k-9rUdPI.js:19
[ 2565718ms] [ERROR] Failed to load resource: net::ERR_CONNECTION_REFUSED @ http://localhost:8501/_stcore/host-config:0
[ 2570076ms] [ERROR] Failed to load resource: net::ERR_CONNECTION_REFUSED @ http://localhost:8501/_stcore/health:0
[ 2570077ms] [ERROR] Client Error in reaching server endpoint - No response received when attempting to reach /_stcore/health @ http://localhost:8501/static/js/index.k-9rUdPI.js:19
[ 2570078ms] [ERROR] Failed to load resource: net::ERR_CONNECTION_REFUSED @ http://localhost:8501/_stcore/host-config:0
[ 2574429ms] [ERROR] Failed to load resource: net::ERR_CONNECTION_REFUSED @ http://localhost:8501/_stcore/health:0
[ 2574429ms] [ERROR] Client Error in reaching server endpoint - No response received when attempting to reach /_stcore/health @ http://localhost:8501/static/js/index.k-9rUdPI.js:19
[ 2574430ms] [ERROR] Failed to load resource: net::ERR_CONNECTION_REFUSED @ http://localhost:8501/_stcore/host-config:0
[ 2578781ms] [ERROR] Failed to load resource: net::ERR_CONNECTION_REFUSED @ http://localhost:8501/_stcore/health:0
[ 2578782ms] [ERROR] Client Error in reaching server endpoint - No response received when attempting to reach /_stcore/health @ http://localhost:8501/static/js/index.k-9rUdPI.js:19
[ 2578783ms] [ERROR] Failed to load resource: net::ERR_CONNECTION_REFUSED @ http://localhost:8501/_stcore/host-config:0
[ 2583144ms] [ERROR] Failed to load resource: net::ERR_CONNECTION_REFUSED @ http://localhost:8501/_stcore/health:0
[ 2583144ms] [ERROR] Client Error in reaching server endpoint - No response received when attempting to reach /_stcore/health @ http://localhost:8501/static/js/index.k-9rUdPI.js:19
[ 2583145ms] [ERROR] Failed to load resource: net::ERR_CONNECTION_REFUSED @ http://localhost:8501/_stcore/host-config:0
[ 2587493ms] [ERROR] Failed to load resource: net::ERR_CONNECTION_REFUSED @ http://localhost:8501/_stcore/health:0
[ 2587493ms] [ERROR] Client Error in reaching server endpoint - No response received when attempting to reach /_stcore/health @ http://localhost:8501/static/js/index.k-9rUdPI.js:19
[ 2587494ms] [ERROR] Failed to load resource: net::ERR_CONNECTION_REFUSED @ http://localhost:8501/_stcore/host-config:0
[ 2591853ms] [ERROR] Failed to load resource: net::ERR_CONNECTION_REFUSED @ http://localhost:8501/_stcore/health:0
[ 2591854ms] [ERROR] Client Error in reaching server endpoint - No response received when attempting to reach /_stcore/health @ http://localhost:8501/static/js/index.k-9rUdPI.js:19
[ 2591855ms] [ERROR] Failed to load resource: net::ERR_CONNECTION_REFUSED @ http://localhost:8501/_stcore/host-config:0
[ 2596210ms] [ERROR] Failed to load resource: net::ERR_CONNECTION_REFUSED @ http://localhost:8501/_stcore/health:0
[ 2596210ms] [ERROR] Client Error in reaching server endpoint - No response received when attempting to reach /_stcore/health @ http://localhost:8501/static/js/index.k-9rUdPI.js:19
[ 2596211ms] [ERROR] Failed to load resource: net::ERR_CONNECTION_REFUSED @ http://localhost:8501/_stcore/host-config:0
[ 2600557ms] [ERROR] Failed to load resource: net::ERR_CONNECTION_REFUSED @ http://localhost:8501/_stcore/health:0
[ 2600557ms] [ERROR] Client Error in reaching server endpoint - No response received when attempting to reach /_stcore/health @ http://localhost:8501/static/js/index.k-9rUdPI.js:19
[ 2600558ms] [ERROR] Failed to load resource: net::ERR_CONNECTION_REFUSED @ http://localhost:8501/_stcore/host-config:0
[ 2604914ms] [ERROR] Failed to load resource: net::ERR_CONNECTION_REFUSED @ http://localhost:8501/_stcore/health:0
[ 2604914ms] [ERROR] Client Error in reaching server endpoint - No response received when attempting to reach /_stcore/health @ http://localhost:8501/static/js/index.k-9rUdPI.js:19
[ 2604915ms] [ERROR] Failed to load resource: net::ERR_CONNECTION_REFUSED @ http://localhost:8501/_stcore/host-config:0
[ 2609244ms] [ERROR] Failed to load resource: net::ERR_CONNECTION_REFUSED @ http://localhost:8501/_stcore/health:0
[ 2609244ms] [ERROR] Client Error in reaching server endpoint - No response received when attempting to reach /_stcore/health @ http://localhost:8501/static/js/index.k-9rUdPI.js:19
[ 2609245ms] [ERROR] Failed to load resource: net::ERR_CONNECTION_REFUSED @ http://localhost:8501/_stcore/host-config:0
[ 2613603ms] [ERROR] Failed to load resource: net::ERR_CONNECTION_REFUSED @ http://localhost:8501/_stcore/health:0
[ 2613603ms] [ERROR] Client Error in reaching server endpoint - No response received when attempting to reach /_stcore/health @ http://localhost:8501/static/js/index.k-9rUdPI.js:19
[ 2613604ms] [ERROR] Failed to load resource: net::ERR_CONNECTION_REFUSED @ http://localhost:8501/_stcore/host-config:0
[ 2617945ms] [ERROR] Failed to load resource: net::ERR_CONNECTION_REFUSED @ http://localhost:8501/_stcore/health:0
[ 2617945ms] [ERROR] Client Error in reaching server endpoint - No response received when attempting to reach /_stcore/health @ http://localhost:8501/static/js/index.k-9rUdPI.js:19
[ 2617960ms] [ERROR] Failed to load resource: net::ERR_CONNECTION_REFUSED @ http://localhost:8501/_stcore/host-config:0
[ 2622305ms] [ERROR] Failed to load resource: net::ERR_CONNECTION_REFUSED @ http://localhost:8501/_stcore/health:0
[ 2622306ms] [ERROR] Client Error in reaching server endpoint - No response received when attempting to reach /_stcore/health @ http://localhost:8501/static/js/index.k-9rUdPI.js:19
[ 2622307ms] [ERROR] Failed to load resource: net::ERR_CONNECTION_REFUSED @ http://localhost:8501/_stcore/host-config:0
[ 2626666ms] [ERROR] Failed to load resource: net::ERR_CONNECTION_REFUSED @ http://localhost:8501/_stcore/health:0
[ 2626666ms] [ERROR] Client Error in reaching server endpoint - No response received when attempting to reach /_stcore/health @ http://localhost:8501/static/js/index.k-9rUdPI.js:19
[ 2626667ms] [ERROR] Failed to load resource: net::ERR_CONNECTION_REFUSED @ http://localhost:8501/_stcore/host-config:0
[ 2631008ms] [ERROR] Failed to load resource: net::ERR_CONNECTION_REFUSED @ http://localhost:8501/_stcore/health:0
[ 2631008ms] [ERROR] Client Error in reaching server endpoint - No response received when attempting to reach /_stcore/health @ http://localhost:8501/static/js/index.k-9rUdPI.js:19
[ 2631010ms] [ERROR] Failed to load resource: net::ERR_CONNECTION_REFUSED @ http://localhost:8501/_stcore/host-config:0
[ 2635336ms] [ERROR] Failed to load resource: net::ERR_CONNECTION_REFUSED @ http://localhost:8501/_stcore/health:0
[ 2635336ms] [ERROR] Client Error in reaching server endpoint - No response received when attempting to reach /_stcore/health @ http://localhost:8501/static/js/index.k-9rUdPI.js:19
[ 2635337ms] [ERROR] Failed to load resource: net::ERR_CONNECTION_REFUSED @ http://localhost:8501/_stcore/host-config:0
[ 2639697ms] [ERROR] Failed to load resource: net::ERR_CONNECTION_REFUSED @ http://localhost:8501/_stcore/health:0
[ 2639697ms] [ERROR] Client Error in reaching server endpoint - No response received when attempting to reach /_stcore/health @ http://localhost:8501/static/js/index.k-9rUdPI.js:19
[ 2639698ms] [ERROR] Failed to load resource: net::ERR_CONNECTION_REFUSED @ http://localhost:8501/_stcore/host-config:0
[ 2644041ms] [ERROR] Failed to load resource: net::ERR_CONNECTION_REFUSED @ http://localhost:8501/_stcore/health:0
[ 2644042ms] [ERROR] Client Error in reaching server endpoint - No response received when attempting to reach /_stcore/health @ http://localhost:8501/static/js/index.k-9rUdPI.js:19
[ 2644062ms] [ERROR] Failed to load resource: net::ERR_CONNECTION_REFUSED @ http://localhost:8501/_stcore/host-config:0
[ 2648370ms] [ERROR] Failed to load resource: net::ERR_CONNECTION_REFUSED @ http://localhost:8501/_stcore/health:0
[ 2648370ms] [ERROR] Client Error in reaching server endpoint - No response received when attempting to reach /_stcore/health @ http://localhost:8501/static/js/index.k-9rUdPI.js:19
[ 2648371ms] [ERROR] Failed to load resource: net::ERR_CONNECTION_REFUSED @ http://localhost:8501/_stcore/host-config:0
[ 2652724ms] [ERROR] Failed to load resource: net::ERR_CONNECTION_REFUSED @ http://localhost:8501/_stcore/health:0
[ 2652725ms] [ERROR] Client Error in reaching server endpoint - No response received when attempting to reach /_stcore/health @ http://localhost:8501/static/js/index.k-9rUdPI.js:19
[ 2652726ms] [ERROR] Failed to load resource: net::ERR_CONNECTION_REFUSED @ http://localhost:8501/_stcore/host-config:0
[ 2657071ms] [ERROR] Failed to load resource: net::ERR_CONNECTION_REFUSED @ http://localhost:8501/_stcore/health:0
[ 2657071ms] [ERROR] Client Error in reaching server endpoint - No response received when attempting to reach /_stcore/health @ http://localhost:8501/static/js/index.k-9rUdPI.js:19
[ 2657087ms] [ERROR] Failed to load resource: net::ERR_CONNECTION_REFUSED @ http://localhost:8501/_stcore/host-config:0
[ 2661430ms] [ERROR] Failed to load resource: net::ERR_CONNECTION_REFUSED @ http://localhost:8501/_stcore/health:0
[ 2661430ms] [ERROR] Client Error in reaching server endpoint - No response received when attempting to reach /_stcore/health @ http://localhost:8501/static/js/index.k-9rUdPI.js:19
[ 2661432ms] [ERROR] Failed to load resource: net::ERR_CONNECTION_REFUSED @ http://localhost:8501/_stcore/host-config:0
[ 2665790ms] [ERROR] Failed to load resource: net::ERR_CONNECTION_REFUSED @ http://localhost:8501/_stcore/health:0
[ 2665790ms] [ERROR] Client Error in reaching server endpoint - No response received when attempting to reach /_stcore/health @ http://localhost:8501/static/js/index.k-9rUdPI.js:19
[ 2665791ms] [ERROR] Failed to load resource: net::ERR_CONNECTION_REFUSED @ http://localhost:8501/_stcore/host-config:0
[ 2670157ms] [ERROR] Failed to load resource: net::ERR_CONNECTION_REFUSED @ http://localhost:8501/_stcore/health:0
[ 2670158ms] [ERROR] Client Error in reaching server endpoint - No response received when attempting to reach /_stcore/health @ http://localhost:8501/static/js/index.k-9rUdPI.js:19
[ 2670159ms] [ERROR] Failed to load resource: net::ERR_CONNECTION_REFUSED @ http://localhost:8501/_stcore/host-config:0
[ 2674524ms] [ERROR] Failed to load resource: net::ERR_CONNECTION_REFUSED @ http://localhost:8501/_stcore/health:0
[ 2674524ms] [ERROR] Client Error in reaching server endpoint - No response received when attempting to reach /_stcore/health @ http://localhost:8501/static/js/index.k-9rUdPI.js:19
[ 2674526ms] [ERROR] Failed to load resource: net::ERR_CONNECTION_REFUSED @ http://localhost:8501/_stcore/host-config:0
[ 2678901ms] [ERROR] Failed to load resource: net::ERR_CONNECTION_REFUSED @ http://localhost:8501/_stcore/health:0
[ 2678901ms] [ERROR] Client Error in reaching server endpoint - No response received when attempting to reach /_stcore/health @ http://localhost:8501/static/js/index.k-9rUdPI.js:19
[ 2679020ms] [ERROR] Failed to load resource: net::ERR_CONNECTION_REFUSED @ http://localhost:8501/_stcore/host-config:0
[ 2683255ms] [ERROR] Failed to load resource: net::ERR_CONNECTION_REFUSED @ http://localhost:8501/_stcore/health:0
[ 2683255ms] [ERROR] Client Error in reaching server endpoint - No response received when attempting to reach /_stcore/health @ http://localhost:8501/static/js/index.k-9rUdPI.js:19
[ 2683257ms] [ERROR] Failed to load resource: net::ERR_CONNECTION_REFUSED @ http://localhost:8501/_stcore/host-config:0
[ 2687583ms] [ERROR] Failed to load resource: net::ERR_CONNECTION_REFUSED @ http://localhost:8501/_stcore/health:0
[ 2687583ms] [ERROR] Client Error in reaching server endpoint - No response received when attempting to reach /_stcore/health @ http://localhost:8501/static/js/index.k-9rUdPI.js:19
[ 2687602ms] [ERROR] Failed to load resource: net::ERR_CONNECTION_REFUSED @ http://localhost:8501/_stcore/host-config:0
[ 2691939ms] [ERROR] Failed to load resource: net::ERR_CONNECTION_REFUSED @ http://localhost:8501/_stcore/health:0
[ 2691940ms] [ERROR] Client Error in reaching server endpoint - No response received when attempting to reach /_stcore/health @ http://localhost:8501/static/js/index.k-9rUdPI.js:19
[ 2691941ms] [ERROR] Failed to load resource: net::ERR_CONNECTION_REFUSED @ http://localhost:8501/_stcore/host-config:0
[ 2696286ms] [ERROR] Failed to load resource: net::ERR_CONNECTION_REFUSED @ http://localhost:8501/_stcore/health:0
[ 2696286ms] [ERROR] Client Error in reaching server endpoint - No response received when attempting to reach /_stcore/health @ http://localhost:8501/static/js/index.k-9rUdPI.js:19
[ 2696302ms] [ERROR] Failed to load resource: net::ERR_CONNECTION_REFUSED @ http://localhost:8501/_stcore/host-config:0
[ 2700619ms] [ERROR] Failed to load resource: net::ERR_CONNECTION_REFUSED @ http://localhost:8501/_stcore/health:0
[ 2700619ms] [ERROR] Client Error in reaching server endpoint - No response received when attempting to reach /_stcore/health @ http://localhost:8501/static/js/index.k-9rUdPI.js:19
[ 2700620ms] [ERROR] Failed to load resource: net::ERR_CONNECTION_REFUSED @ http://localhost:8501/_stcore/host-config:0
[ 2704979ms] [ERROR] Failed to load resource: net::ERR_CONNECTION_REFUSED @ http://localhost:8501/_stcore/health:0
[ 2704979ms] [ERROR] Client Error in reaching server endpoint - No response received when attempting to reach /_stcore/health @ http://localhost:8501/static/js/index.k-9rUdPI.js:19
[ 2704995ms] [ERROR] Failed to load resource: net::ERR_CONNECTION_REFUSED @ http://localhost:8501/_stcore/host-config:0
[ 2709340ms] [ERROR] Failed to load resource: net::ERR_CONNECTION_REFUSED @ http://localhost:8501/_stcore/health:0
[ 2709340ms] [ERROR] Client Error in reaching server endpoint - No response received when attempting to reach /_stcore/health @ http://localhost:8501/static/js/index.k-9rUdPI.js:19
[ 2709341ms] [ERROR] Failed to load resource: net::ERR_CONNECTION_REFUSED @ http://localhost:8501/_stcore/host-config:0
[ 2713688ms] [ERROR] Failed to load resource: net::ERR_CONNECTION_REFUSED @ http://localhost:8501/_stcore/health:0
[ 2713688ms] [ERROR] Client Error in reaching server endpoint - No response received when attempting to reach /_stcore/health @ http://localhost:8501/static/js/index.k-9rUdPI.js:19
[ 2713704ms] [ERROR] Failed to load resource: net::ERR_CONNECTION_REFUSED @ http://localhost:8501/_stcore/host-config:0
[ 2718056ms] [ERROR] Failed to load resource: net::ERR_CONNECTION_REFUSED @ http://localhost:8501/_stcore/health:0
[ 2718056ms] [ERROR] Client Error in reaching server endpoint - No response received when attempting to reach /_stcore/health @ http://localhost:8501/static/js/index.k-9rUdPI.js:19
[ 2718057ms] [ERROR] Failed to load resource: net::ERR_CONNECTION_REFUSED @ http://localhost:8501/_stcore/host-config:0
[ 2722416ms] [ERROR] Failed to load resource: net::ERR_CONNECTION_REFUSED @ http://localhost:8501/_stcore/health:0
[ 2722417ms] [ERROR] Client Error in reaching server endpoint - No response received when attempting to reach /_stcore/health @ http://localhost:8501/static/js/index.k-9rUdPI.js:19
[ 2722418ms] [ERROR] Failed to load resource: net::ERR_CONNECTION_REFUSED @ http://localhost:8501/_stcore/host-config:0
[ 2726774ms] [ERROR] Failed to load resource: net::ERR_CONNECTION_REFUSED @ http://localhost:8501/_stcore/health:0
[ 2726775ms] [ERROR] Client Error in reaching server endpoint - No response received when attempting to reach /_stcore/health @ http://localhost:8501/static/js/index.k-9rUdPI.js:19
[ 2726775ms] [ERROR] Failed to load resource: net::ERR_CONNECTION_REFUSED @ http://localhost:8501/_stcore/host-config:0
[ 2731122ms] [ERROR] Failed to load resource: net::ERR_CONNECTION_REFUSED @ http://localhost:8501/_stcore/health:0
[ 2731122ms] [ERROR] Client Error in reaching server endpoint - No response received when attempting to reach /_stcore/health @ http://localhost:8501/static/js/index.k-9rUdPI.js:19
[ 2731123ms] [ERROR] Failed to load resource: net::ERR_CONNECTION_REFUSED @ http://localhost:8501/_stcore/host-config:0
[ 2735472ms] [ERROR] Failed to load resource: net::ERR_CONNECTION_REFUSED @ http://localhost:8501/_stcore/health:0
[ 2735472ms] [ERROR] Client Error in reaching server endpoint - No response received when attempting to reach /_stcore/health @ http://localhost:8501/static/js/index.k-9rUdPI.js:19
[ 2735473ms] [ERROR] Failed to load resource: net::ERR_CONNECTION_REFUSED @ http://localhost:8501/_stcore/host-config:0
[ 2739837ms] [ERROR] Failed to load resource: net::ERR_CONNECTION_REFUSED @ http://localhost:8501/_stcore/health:0
[ 2739837ms] [ERROR] Client Error in reaching server endpoint - No response received when attempting to reach /_stcore/health @ http://localhost:8501/static/js/index.k-9rUdPI.js:19
[ 2739838ms] [ERROR] Failed to load resource: net::ERR_CONNECTION_REFUSED @ http://localhost:8501/_stcore/host-config:0
[ 2744212ms] [ERROR] Failed to load resource: net::ERR_CONNECTION_REFUSED @ http://localhost:8501/_stcore/health:0
[ 2744212ms] [ERROR] Client Error in reaching server endpoint - No response received when attempting to reach /_stcore/health @ http://localhost:8501/static/js/index.k-9rUdPI.js:19
[ 2744213ms] [ERROR] Failed to load resource: net::ERR_CONNECTION_REFUSED @ http://localhost:8501/_stcore/host-config:0
[ 2748571ms] [ERROR] Failed to load resource: net::ERR_CONNECTION_REFUSED @ http://localhost:8501/_stcore/health:0
[ 2748571ms] [ERROR] Client Error in reaching server endpoint - No response received when attempting to reach /_stcore/health @ http://localhost:8501/static/js/index.k-9rUdPI.js:19
[ 2748573ms] [ERROR] Failed to load resource: net::ERR_CONNECTION_REFUSED @ http://localhost:8501/_stcore/host-config:0
[ 2752903ms] [ERROR] Failed to load resource: net::ERR_CONNECTION_REFUSED @ http://localhost:8501/_stcore/health:0
[ 2752903ms] [ERROR] Client Error in reaching server endpoint - No response received when attempting to reach /_stcore/health @ http://localhost:8501/static/js/index.k-9rUdPI.js:19
[ 2752919ms] [ERROR] Failed to load resource: net::ERR_CONNECTION_REFUSED @ http://localhost:8501/_stcore/host-config:0
[ 2757245ms] [ERROR] Failed to load resource: net::ERR_CONNECTION_REFUSED @ http://localhost:8501/_stcore/health:0
[ 2757245ms] [ERROR] Client Error in reaching server endpoint - No response received when attempting to reach /_stcore/health @ http://localhost:8501/static/js/index.k-9rUdPI.js:19
[ 2757246ms] [ERROR] Failed to load resource: net::ERR_CONNECTION_REFUSED @ http://localhost:8501/_stcore/host-config:0
[ 2761604ms] [ERROR] Failed to load resource: net::ERR_CONNECTION_REFUSED @ http://localhost:8501/_stcore/health:0
[ 2761604ms] [ERROR] Client Error in reaching server endpoint - No response received when attempting to reach /_stcore/health @ http://localhost:8501/static/js/index.k-9rUdPI.js:19
[ 2761605ms] [ERROR] Failed to load resource: net::ERR_CONNECTION_REFUSED @ http://localhost:8501/_stcore/host-config:0
[ 2765962ms] [ERROR] Failed to load resource: net::ERR_CONNECTION_REFUSED @ http://localhost:8501/_stcore/health:0
[ 2765962ms] [ERROR] Client Error in reaching server endpoint - No response received when attempting to reach /_stcore/health @ http://localhost:8501/static/js/index.k-9rUdPI.js:19
[ 2765963ms] [ERROR] Failed to load resource: net::ERR_CONNECTION_REFUSED @ http://localhost:8501/_stcore/host-config:0
[ 2770290ms] [ERROR] Failed to load resource: net::ERR_CONNECTION_REFUSED @ http://localhost:8501/_stcore/health:0
[ 2770290ms] [ERROR] Client Error in reaching server endpoint - No response received when attempting to reach /_stcore/health @ http://localhost:8501/static/js/index.k-9rUdPI.js:19
[ 2770309ms] [ERROR] Failed to load resource: net::ERR_CONNECTION_REFUSED @ http://localhost:8501/_stcore/host-config:0
[ 2774648ms] [ERROR] Failed to load resource: net::ERR_CONNECTION_REFUSED @ http://localhost:8501/_stcore/health:0
[ 2774649ms] [ERROR] Client Error in reaching server endpoint - No response received when attempting to reach /_stcore/health @ http://localhost:8501/static/js/index.k-9rUdPI.js:19
[ 2774650ms] [ERROR] Failed to load resource: net::ERR_CONNECTION_REFUSED @ http://localhost:8501/_stcore/host-config:0
[ 2779089ms] [ERROR] Failed to load resource: net::ERR_CONNECTION_REFUSED @ http://localhost:8501/_stcore/health:0
[ 2779089ms] [ERROR] Client Error in reaching server endpoint - No response received when attempting to reach /_stcore/health @ http://localhost:8501/static/js/index.k-9rUdPI.js:19
[ 2779091ms] [ERROR] Failed to load resource: net::ERR_CONNECTION_REFUSED @ http://localhost:8501/_stcore/host-config:0
[ 2783448ms] [ERROR] Failed to load resource: net::ERR_CONNECTION_REFUSED @ http://localhost:8501/_stcore/health:0
[ 2783448ms] [ERROR] Client Error in reaching server endpoint - No response received when attempting to reach /_stcore/health @ http://localhost:8501/static/js/index.k-9rUdPI.js:19
[ 2783452ms] [ERROR] Failed to load resource: net::ERR_CONNECTION_REFUSED @ http://localhost:8501/_stcore/host-config:0
[ 2787791ms] [ERROR] Failed to load resource: net::ERR_CONNECTION_REFUSED @ http://localhost:8501/_stcore/health:0
[ 2787791ms] [ERROR] Client Error in reaching server endpoint - No response received when attempting to reach /_stcore/health @ http://localhost:8501/static/js/index.k-9rUdPI.js:19
[ 2787792ms] [ERROR] Failed to load resource: net::ERR_CONNECTION_REFUSED @ http://localhost:8501/_stcore/host-config:0
[ 2792165ms] [ERROR] Failed to load resource: net::ERR_CONNECTION_REFUSED @ http://localhost:8501/_stcore/health:0
[ 2792165ms] [ERROR] Client Error in reaching server endpoint - No response received when attempting to reach /_stcore/health @ http://localhost:8501/static/js/index.k-9rUdPI.js:19
[ 2792166ms] [ERROR] Failed to load resource: net::ERR_CONNECTION_REFUSED @ http://localhost:8501/_stcore/host-config:0
[ 2796501ms] [ERROR] Failed to load resource: net::ERR_CONNECTION_REFUSED @ http://localhost:8501/_stcore/health:0
[ 2796501ms] [ERROR] Client Error in reaching server endpoint - No response received when attempting to reach /_stcore/health @ http://localhost:8501/static/js/index.k-9rUdPI.js:19
[ 2796502ms] [ERROR] Failed to load resource: net::ERR_CONNECTION_REFUSED @ http://localhost:8501/_stcore/host-config:0
[ 2800868ms] [ERROR] Failed to load resource: net::ERR_CONNECTION_REFUSED @ http://localhost:8501/_stcore/health:0
[ 2800868ms] [ERROR] Client Error in reaching server endpoint - No response received when attempting to reach /_stcore/health @ http://localhost:8501/static/js/index.k-9rUdPI.js:19
[ 2800869ms] [ERROR] Failed to load resource: net::ERR_CONNECTION_REFUSED @ http://localhost:8501/_stcore/host-config:0
[ 2805243ms] [ERROR] Failed to load resource: net::ERR_CONNECTION_REFUSED @ http://localhost:8501/_stcore/health:0
[ 2805244ms] [ERROR] Client Error in reaching server endpoint - No response received when attempting to reach /_stcore/health @ http://localhost:8501/static/js/index.k-9rUdPI.js:19
[ 2805244ms] [ERROR] Failed to load resource: net::ERR_CONNECTION_REFUSED @ http://localhost:8501/_stcore/host-config:0
[ 2809567ms] [ERROR] Failed to load resource: net::ERR_CONNECTION_REFUSED @ http://localhost:8501/_stcore/health:0
[ 2809567ms] [ERROR] Client Error in reaching server endpoint - No response received when attempting to reach /_stcore/health @ http://localhost:8501/static/js/index.k-9rUdPI.js:19
[ 2809601ms] [ERROR] Failed to load resource: net::ERR_CONNECTION_REFUSED @ http://localhost:8501/_stcore/host-config:0
[ 2813931ms] [ERROR] Failed to load resource: net::ERR_CONNECTION_REFUSED @ http://localhost:8501/_stcore/health:0
[ 2813931ms] [ERROR] Client Error in reaching server endpoint - No response received when attempting to reach /_stcore/health @ http://localhost:8501/static/js/index.k-9rUdPI.js:19
[ 2813932ms] [ERROR] Failed to load resource: net::ERR_CONNECTION_REFUSED @ http://localhost:8501/_stcore/host-config:0
[ 2818303ms] [ERROR] Failed to load resource: net::ERR_CONNECTION_REFUSED @ http://localhost:8501/_stcore/health:0
[ 2818304ms] [ERROR] Client Error in reaching server endpoint - No response received when attempting to reach /_stcore/health @ http://localhost:8501/static/js/index.k-9rUdPI.js:19
[ 2818457ms] [ERROR] Failed to load resource: net::ERR_CONNECTION_REFUSED @ http://localhost:8501/_stcore/host-config:0
[ 2822631ms] [ERROR] Failed to load resource: net::ERR_CONNECTION_REFUSED @ http://localhost:8501/_stcore/health:0
[ 2822631ms] [ERROR] Client Error in reaching server endpoint - No response received when attempting to reach /_stcore/health @ http://localhost:8501/static/js/index.k-9rUdPI.js:19
[ 2822664ms] [ERROR] Failed to load resource: net::ERR_CONNECTION_REFUSED @ http://localhost:8501/_stcore/host-config:0
[ 2826982ms] [ERROR] Failed to load resource: net::ERR_CONNECTION_REFUSED @ http://localhost:8501/_stcore/health:0
[ 2826982ms] [ERROR] Client Error in reaching server endpoint - No response received when attempting to reach /_stcore/health @ http://localhost:8501/static/js/index.k-9rUdPI.js:19
[ 2826983ms] [ERROR] Failed to load resource: net::ERR_CONNECTION_REFUSED @ http://localhost:8501/_stcore/host-config:0
[ 2831337ms] [ERROR] Failed to load resource: net::ERR_CONNECTION_REFUSED @ http://localhost:8501/_stcore/health:0
[ 2831338ms] [ERROR] Client Error in reaching server endpoint - No response received when attempting to reach /_stcore/health @ http://localhost:8501/static/js/index.k-9rUdPI.js:19
[ 2831353ms] [ERROR] Failed to load resource: net::ERR_CONNECTION_REFUSED @ http://localhost:8501/_stcore/host-config:0
[ 2835712ms] [ERROR] Failed to load resource: net::ERR_CONNECTION_REFUSED @ http://localhost:8501/_stcore/health:0
[ 2835712ms] [ERROR] Client Error in reaching server endpoint - No response received when attempting to reach /_stcore/health @ http://localhost:8501/static/js/index.k-9rUdPI.js:19
[ 2835713ms] [ERROR] Failed to load resource: net::ERR_CONNECTION_REFUSED @ http://localhost:8501/_stcore/host-config:0
[ 2840072ms] [ERROR] Failed to load resource: net::ERR_CONNECTION_REFUSED @ http://localhost:8501/_stcore/health:0
[ 2840072ms] [ERROR] Client Error in reaching server endpoint - No response received when attempting to reach /_stcore/health @ http://localhost:8501/static/js/index.k-9rUdPI.js:19
[ 2840090ms] [ERROR] Failed to load resource: net::ERR_CONNECTION_REFUSED @ http://localhost:8501/_stcore/host-config:0
[ 2844447ms] [ERROR] Failed to load resource: net::ERR_CONNECTION_REFUSED @ http://localhost:8501/_stcore/health:0
[ 2844447ms] [ERROR] Client Error in reaching server endpoint - No response received when attempting to reach /_stcore/health @ http://localhost:8501/static/js/index.k-9rUdPI.js:19
[ 2844448ms] [ERROR] Failed to load resource: net::ERR_CONNECTION_REFUSED @ http://localhost:8501/_stcore/host-config:0
[ 2848798ms] [ERROR] Failed to load resource: net::ERR_CONNECTION_REFUSED @ http://localhost:8501/_stcore/health:0
[ 2848798ms] [ERROR] Client Error in reaching server endpoint - No response received when attempting to reach /_stcore/health @ http://localhost:8501/static/js/index.k-9rUdPI.js:19
[ 2848799ms] [ERROR] Failed to load resource: net::ERR_CONNECTION_REFUSED @ http://localhost:8501/_stcore/host-config:0
[ 2853150ms] [ERROR] Failed to load resource: net::ERR_CONNECTION_REFUSED @ http://localhost:8501/_stcore/health:0
[ 2853150ms] [ERROR] Client Error in reaching server endpoint - No response received when attempting to reach /_stcore/health @ http://localhost:8501/static/js/index.k-9rUdPI.js:19
[ 2853165ms] [ERROR] Failed to load resource: net::ERR_CONNECTION_REFUSED @ http://localhost:8501/_stcore/host-config:0
[ 2857509ms] [ERROR] Failed to load resource: net::ERR_CONNECTION_REFUSED @ http://localhost:8501/_stcore/health:0
[ 2857509ms] [ERROR] Client Error in reaching server endpoint - No response received when attempting to reach /_stcore/health @ http://localhost:8501/static/js/index.k-9rUdPI.js:19
[ 2857510ms] [ERROR] Failed to load resource: net::ERR_CONNECTION_REFUSED @ http://localhost:8501/_stcore/host-config:0
[ 2861868ms] [ERROR] Failed to load resource: net::ERR_CONNECTION_REFUSED @ http://localhost:8501/_stcore/health:0
[ 2861868ms] [ERROR] Client Error in reaching server endpoint - No response received when attempting to reach /_stcore/health @ http://localhost:8501/static/js/index.k-9rUdPI.js:19
[ 2861870ms] [ERROR] Failed to load resource: net::ERR_CONNECTION_REFUSED @ http://localhost:8501/_stcore/host-config:0
[ 2866233ms] [ERROR] Failed to load resource: net::ERR_CONNECTION_REFUSED @ http://localhost:8501/_stcore/health:0
[ 2866233ms] [ERROR] Client Error in reaching server endpoint - No response received when attempting to reach /_stcore/health @ http://localhost:8501/static/js/index.k-9rUdPI.js:19
[ 2866234ms] [ERROR] Failed to load resource: net::ERR_CONNECTION_REFUSED @ http://localhost:8501/_stcore/host-config:0
[ 2870587ms] [ERROR] Failed to load resource: net::ERR_CONNECTION_REFUSED @ http://localhost:8501/_stcore/health:0
[ 2870587ms] [ERROR] Client Error in reaching server endpoint - No response received when attempting to reach /_stcore/health @ http://localhost:8501/static/js/index.k-9rUdPI.js:19
[ 2870589ms] [ERROR] Failed to load resource: net::ERR_CONNECTION_REFUSED @ http://localhost:8501/_stcore/host-config:0
[ 2874947ms] [ERROR] Failed to load resource: net::ERR_CONNECTION_REFUSED @ http://localhost:8501/_stcore/health:0
[ 2874948ms] [ERROR] Client Error in reaching server endpoint - No response received when attempting to reach /_stcore/health @ http://localhost:8501/static/js/index.k-9rUdPI.js:19
[ 2874949ms] [ERROR] Failed to load resource: net::ERR_CONNECTION_REFUSED @ http://localhost:8501/_stcore/host-config:0
[ 2879304ms] [ERROR] Failed to load resource: net::ERR_CONNECTION_REFUSED @ http://localhost:8501/_stcore/health:0
[ 2879304ms] [ERROR] Client Error in reaching server endpoint - No response received when attempting to reach /_stcore/health @ http://localhost:8501/static/js/index.k-9rUdPI.js:19
[ 2879308ms] [ERROR] Failed to load resource: net::ERR_CONNECTION_REFUSED @ http://localhost:8501/_stcore/host-config:0
[ 2883650ms] [ERROR] Failed to load resource: net::ERR_CONNECTION_REFUSED @ http://localhost:8501/_stcore/health:0
[ 2883650ms] [ERROR] Client Error in reaching server endpoint - No response received when attempting to reach /_stcore/health @ http://localhost:8501/static/js/index.k-9rUdPI.js:19
[ 2883665ms] [ERROR] Failed to load resource: net::ERR_CONNECTION_REFUSED @ http://localhost:8501/_stcore/host-config:0
[ 2887998ms] [ERROR] Failed to load resource: net::ERR_CONNECTION_REFUSED @ http://localhost:8501/_stcore/health:0
[ 2887998ms] [ERROR] Client Error in reaching server endpoint - No response received when attempting to reach /_stcore/health @ http://localhost:8501/static/js/index.k-9rUdPI.js:19
[ 2888013ms] [ERROR] Failed to load resource: net::ERR_CONNECTION_REFUSED @ http://localhost:8501/_stcore/host-config:0
[ 2892345ms] [ERROR] Failed to load resource: net::ERR_CONNECTION_REFUSED @ http://localhost:8501/_stcore/health:0
[ 2892345ms] [ERROR] Client Error in reaching server endpoint - No response received when attempting to reach /_stcore/health @ http://localhost:8501/static/js/index.k-9rUdPI.js:19
[ 2892346ms] [ERROR] Failed to load resource: net::ERR_CONNECTION_REFUSED @ http://localhost:8501/_stcore/host-config:0
[ 2896714ms] [ERROR] Failed to load resource: net::ERR_CONNECTION_REFUSED @ http://localhost:8501/_stcore/health:0
[ 2896714ms] [ERROR] Client Error in reaching server endpoint - No response received when attempting to reach /_stcore/health @ http://localhost:8501/static/js/index.k-9rUdPI.js:19
[ 2896715ms] [ERROR] Failed to load resource: net::ERR_CONNECTION_REFUSED @ http://localhost:8501/_stcore/host-config:0
[ 2901089ms] [ERROR] Failed to load resource: net::ERR_CONNECTION_REFUSED @ http://localhost:8501/_stcore/health:0
[ 2901089ms] [ERROR] Client Error in reaching server endpoint - No response received when attempting to reach /_stcore/health @ http://localhost:8501/static/js/index.k-9rUdPI.js:19
[ 2901090ms] [ERROR] Failed to load resource: net::ERR_CONNECTION_REFUSED @ http://localhost:8501/_stcore/host-config:0
[ 2905448ms] [ERROR] Failed to load resource: net::ERR_CONNECTION_REFUSED @ http://localhost:8501/_stcore/health:0
[ 2905449ms] [ERROR] Client Error in reaching server endpoint - No response received when attempting to reach /_stcore/health @ http://localhost:8501/static/js/index.k-9rUdPI.js:19
[ 2905479ms] [ERROR] Failed to load resource: net::ERR_CONNECTION_REFUSED @ http://localhost:8501/_stcore/host-config:0
[ 2909822ms] [ERROR] Failed to load resource: net::ERR_CONNECTION_REFUSED @ http://localhost:8501/_stcore/health:0
[ 2909822ms] [ERROR] Client Error in reaching server endpoint - No response received when attempting to reach /_stcore/health @ http://localhost:8501/static/js/index.k-9rUdPI.js:19
[ 2909823ms] [ERROR] Failed to load resource: net::ERR_CONNECTION_REFUSED @ http://localhost:8501/_stcore/host-config:0
[ 2914185ms] [ERROR] Failed to load resource: net::ERR_CONNECTION_REFUSED @ http://localhost:8501/_stcore/health:0
[ 2914185ms] [ERROR] Client Error in reaching server endpoint - No response received when attempting to reach /_stcore/health @ http://localhost:8501/static/js/index.k-9rUdPI.js:19
[ 2914187ms] [ERROR] Failed to load resource: net::ERR_CONNECTION_REFUSED @ http://localhost:8501/_stcore/host-config:0
[ 2918666ms] [ERROR] Failed to load resource: net::ERR_CONNECTION_REFUSED @ http://localhost:8501/_stcore/health:0
[ 2918666ms] [ERROR] Client Error in reaching server endpoint - No response received when attempting to reach /_stcore/health @ http://localhost:8501/static/js/index.k-9rUdPI.js:19
[ 2918667ms] [ERROR] Failed to load resource: net::ERR_CONNECTION_REFUSED @ http://localhost:8501/_stcore/host-config:0
[ 2923045ms] [ERROR] Failed to load resource: net::ERR_CONNECTION_REFUSED @ http://localhost:8501/_stcore/health:0
[ 2923046ms] [ERROR] Client Error in reaching server endpoint - No response received when attempting to reach /_stcore/health @ http://localhost:8501/static/js/index.k-9rUdPI.js:19
[ 2923058ms] [ERROR] Failed to load resource: net::ERR_CONNECTION_REFUSED @ http://localhost:8501/_stcore/host-config:0
[ 2927416ms] [ERROR] Failed to load resource: net::ERR_CONNECTION_REFUSED @ http://localhost:8501/_stcore/health:0
[ 2927416ms] [ERROR] Client Error in reaching server endpoint - No response received when attempting to reach /_stcore/health @ http://localhost:8501/static/js/index.k-9rUdPI.js:19
[ 2927418ms] [ERROR] Failed to load resource: net::ERR_CONNECTION_REFUSED @ http://localhost:8501/_stcore/host-config:0
[ 2931743ms] [ERROR] Failed to load resource: net::ERR_CONNECTION_REFUSED @ http://localhost:8501/_stcore/health:0
[ 2931743ms] [ERROR] Client Error in reaching server endpoint - No response received when attempting to reach /_stcore/health @ http://localhost:8501/static/js/index.k-9rUdPI.js:19
[ 2931775ms] [ERROR] Failed to load resource: net::ERR_CONNECTION_REFUSED @ http://localhost:8501/_stcore/host-config:0
[ 2936087ms] [ERROR] Failed to load resource: net::ERR_CONNECTION_REFUSED @ http://localhost:8501/_stcore/health:0
[ 2936087ms] [ERROR] Client Error in reaching server endpoint - No response received when attempting to reach /_stcore/health @ http://localhost:8501/static/js/index.k-9rUdPI.js:19
[ 2936102ms] [ERROR] Failed to load resource: net::ERR_CONNECTION_REFUSED @ http://localhost:8501/_stcore/host-config:0
[ 2940461ms] [ERROR] Failed to load resource: net::ERR_CONNECTION_REFUSED @ http://localhost:8501/_stcore/health:0
[ 2940461ms] [ERROR] Client Error in reaching server endpoint - No response received when attempting to reach /_stcore/health @ http://localhost:8501/static/js/index.k-9rUdPI.js:19
[ 2940462ms] [ERROR] Failed to load resource: net::ERR_CONNECTION_REFUSED @ http://localhost:8501/_stcore/host-config:0
[ 2944790ms] [ERROR] Failed to load resource: net::ERR_CONNECTION_REFUSED @ http://localhost:8501/_stcore/health:0
[ 2944790ms] [ERROR] Client Error in reaching server endpoint - No response received when attempting to reach /_stcore/health @ http://localhost:8501/static/js/index.k-9rUdPI.js:19
[ 2944822ms] [ERROR] Failed to load resource: net::ERR_CONNECTION_REFUSED @ http://localhost:8501/_stcore/host-config:0
[ 2949129ms] [ERROR] Failed to load resource: net::ERR_CONNECTION_REFUSED @ http://localhost:8501/_stcore/health:0
[ 2949129ms] [ERROR] Client Error in reaching server endpoint - No response received when attempting to reach /_stcore/health @ http://localhost:8501/static/js/index.k-9rUdPI.js:19
[ 2949130ms] [ERROR] Failed to load resource: net::ERR_CONNECTION_REFUSED @ http://localhost:8501/_stcore/host-config:0
[ 2953478ms] [ERROR] Failed to load resource: net::ERR_CONNECTION_REFUSED @ http://localhost:8501/_stcore/health:0
[ 2953478ms] [ERROR] Client Error in reaching server endpoint - No response received when attempting to reach /_stcore/health @ http://localhost:8501/static/js/index.k-9rUdPI.js:19
[ 2953510ms] [ERROR] Failed to load resource: net::ERR_CONNECTION_REFUSED @ http://localhost:8501/_stcore/host-config:0
[ 2957838ms] [ERROR] Failed to load resource: net::ERR_CONNECTION_REFUSED @ http://localhost:8501/_stcore/health:0
[ 2957838ms] [ERROR] Client Error in reaching server endpoint - No response received when attempting to reach /_stcore/health @ http://localhost:8501/static/js/index.k-9rUdPI.js:19
[ 2957839ms] [ERROR] Failed to load resource: net::ERR_CONNECTION_REFUSED @ http://localhost:8501/_stcore/host-config:0
[ 2962193ms] [ERROR] Failed to load resource: net::ERR_CONNECTION_REFUSED @ http://localhost:8501/_stcore/health:0
[ 2962193ms] [ERROR] Client Error in reaching server endpoint - No response received when attempting to reach /_stcore/health @ http://localhost:8501/static/js/index.k-9rUdPI.js:19
[ 2962194ms] [ERROR] Failed to load resource: net::ERR_CONNECTION_REFUSED @ http://localhost:8501/_stcore/host-config:0
[ 2966542ms] [ERROR] Failed to load resource: net::ERR_CONNECTION_REFUSED @ http://localhost:8501/_stcore/health:0
[ 2966542ms] [ERROR] Client Error in reaching server endpoint - No response received when attempting to reach /_stcore/health @ http://localhost:8501/static/js/index.k-9rUdPI.js:19
[ 2966543ms] [ERROR] Failed to load resource: net::ERR_CONNECTION_REFUSED @ http://localhost:8501/_stcore/host-config:0
[ 2970897ms] [ERROR] Failed to load resource: net::ERR_CONNECTION_REFUSED @ http://localhost:8501/_stcore/health:0
[ 2970897ms] [ERROR] Client Error in reaching server endpoint - No response received when attempting to reach /_stcore/health @ http://localhost:8501/static/js/index.k-9rUdPI.js:19
[ 2970898ms] [ERROR] Failed to load resource: net::ERR_CONNECTION_REFUSED @ http://localhost:8501/_stcore/host-config:0
[ 2975259ms] [ERROR] Failed to load resource: net::ERR_CONNECTION_REFUSED @ http://localhost:8501/_stcore/health:0
[ 2975259ms] [ERROR] Client Error in reaching server endpoint - No response received when attempting to reach /_stcore/health @ http://localhost:8501/static/js/index.k-9rUdPI.js:19
[ 2975261ms] [ERROR] Failed to load resource: net::ERR_CONNECTION_REFUSED @ http://localhost:8501/_stcore/host-config:0
[ 2979606ms] [ERROR] Failed to load resource: net::ERR_CONNECTION_REFUSED @ http://localhost:8501/_stcore/health:0
[ 2979606ms] [ERROR] Client Error in reaching server endpoint - No response received when attempting to reach /_stcore/health @ http://localhost:8501/static/js/index.k-9rUdPI.js:19
[ 2979607ms] [ERROR] Failed to load resource: net::ERR_CONNECTION_REFUSED @ http://localhost:8501/_stcore/host-config:0
[ 2983946ms] [ERROR] Failed to load resource: net::ERR_CONNECTION_REFUSED @ http://localhost:8501/_stcore/health:0
[ 2983946ms] [ERROR] Client Error in reaching server endpoint - No response received when attempting to reach /_stcore/health @ http://localhost:8501/static/js/index.k-9rUdPI.js:19
[ 2983948ms] [ERROR] Failed to load resource: net::ERR_CONNECTION_REFUSED @ http://localhost:8501/_stcore/host-config:0
[ 2988323ms] [ERROR] Failed to load resource: net::ERR_CONNECTION_REFUSED @ http://localhost:8501/_stcore/health:0
[ 2988323ms] [ERROR] Client Error in reaching server endpoint - No response received when attempting to reach /_stcore/health @ http://localhost:8501/static/js/index.k-9rUdPI.js:19
[ 2988325ms] [ERROR] Failed to load resource: net::ERR_CONNECTION_REFUSED @ http://localhost:8501/_stcore/host-config:0
[ 2992682ms] [ERROR] Failed to load resource: net::ERR_CONNECTION_REFUSED @ http://localhost:8501/_stcore/health:0
[ 2992682ms] [ERROR] Client Error in reaching server endpoint - No response received when attempting to reach /_stcore/health @ http://localhost:8501/static/js/index.k-9rUdPI.js:19
[ 2992683ms] [ERROR] Failed to load resource: net::ERR_CONNECTION_REFUSED @ http://localhost:8501/_stcore/host-config:0
[ 2997040ms] [ERROR] Failed to load resource: net::ERR_CONNECTION_REFUSED @ http://localhost:8501/_stcore/health:0
[ 2997040ms] [ERROR] Client Error in reaching server endpoint - No response received when attempting to reach /_stcore/health @ http://localhost:8501/static/js/index.k-9rUdPI.js:19
[ 2997041ms] [ERROR] Failed to load resource: net::ERR_CONNECTION_REFUSED @ http://localhost:8501/_stcore/host-config:0
[ 3001387ms] [ERROR] Failed to load resource: net::ERR_CONNECTION_REFUSED @ http://localhost:8501/_stcore/health:0
[ 3001387ms] [ERROR] Client Error in reaching server endpoint - No response received when attempting to reach /_stcore/health @ http://localhost:8501/static/js/index.k-9rUdPI.js:19
[ 3001408ms] [ERROR] Failed to load resource: net::ERR_CONNECTION_REFUSED @ http://localhost:8501/_stcore/host-config:0
[ 3005755ms] [ERROR] Failed to load resource: net::ERR_CONNECTION_REFUSED @ http://localhost:8501/_stcore/health:0
[ 3005756ms] [ERROR] Client Error in reaching server endpoint - No response received when attempting to reach /_stcore/health @ http://localhost:8501/static/js/index.k-9rUdPI.js:19
[ 3005771ms] [ERROR] Failed to load resource: net::ERR_CONNECTION_REFUSED @ http://localhost:8501/_stcore/host-config:0
[ 3010092ms] [ERROR] Failed to load resource: net::ERR_CONNECTION_REFUSED @ http://localhost:8501/_stcore/health:0
[ 3010092ms] [ERROR] Client Error in reaching server endpoint - No response received when attempting to reach /_stcore/health @ http://localhost:8501/static/js/index.k-9rUdPI.js:19
[ 3010093ms] [ERROR] Failed to load resource: net::ERR_CONNECTION_REFUSED @ http://localhost:8501/_stcore/host-config:0
[ 3014459ms] [ERROR] Failed to load resource: net::ERR_CONNECTION_REFUSED @ http://localhost:8501/_stcore/health:0
[ 3014459ms] [ERROR] Client Error in reaching server endpoint - No response received when attempting to reach /_stcore/health @ http://localhost:8501/static/js/index.k-9rUdPI.js:19
[ 3014460ms] [ERROR] Failed to load resource: net::ERR_CONNECTION_REFUSED @ http://localhost:8501/_stcore/host-config:0
[ 3018791ms] [ERROR] Failed to load resource: net::ERR_CONNECTION_REFUSED @ http://localhost:8501/_stcore/health:0
[ 3018791ms] [ERROR] Client Error in reaching server endpoint - No response received when attempting to reach /_stcore/health @ http://localhost:8501/static/js/index.k-9rUdPI.js:19
[ 3018807ms] [ERROR] Failed to load resource: net::ERR_CONNECTION_REFUSED @ http://localhost:8501/_stcore/host-config:0
[ 3023135ms] [ERROR] Failed to load resource: net::ERR_CONNECTION_REFUSED @ http://localhost:8501/_stcore/health:0
[ 3023135ms] [ERROR] Client Error in reaching server endpoint - No response received when attempting to reach /_stcore/health @ http://localhost:8501/static/js/index.k-9rUdPI.js:19
[ 3023158ms] [ERROR] Failed to load resource: net::ERR_CONNECTION_REFUSED @ http://localhost:8501/_stcore/host-config:0
[ 3027491ms] [ERROR] Failed to load resource: net::ERR_CONNECTION_REFUSED @ http://localhost:8501/_stcore/health:0
[ 3027491ms] [ERROR] Client Error in reaching server endpoint - No response received when attempting to reach /_stcore/health @ http://localhost:8501/static/js/index.k-9rUdPI.js:19
[ 3027492ms] [ERROR] Failed to load resource: net::ERR_CONNECTION_REFUSED @ http://localhost:8501/_stcore/host-config:0
[ 3031854ms] [ERROR] Failed to load resource: net::ERR_CONNECTION_REFUSED @ http://localhost:8501/_stcore/health:0
[ 3031854ms] [ERROR] Client Error in reaching server endpoint - No response received when attempting to reach /_stcore/health @ http://localhost:8501/static/js/index.k-9rUdPI.js:19
[ 3031855ms] [ERROR] Failed to load resource: net::ERR_CONNECTION_REFUSED @ http://localhost:8501/_stcore/host-config:0
[ 3036221ms] [ERROR] Failed to load resource: net::ERR_CONNECTION_REFUSED @ http://localhost:8501/_stcore/health:0
[ 3036221ms] [ERROR] Client Error in reaching server endpoint - No response received when attempting to reach /_stcore/health @ http://localhost:8501/static/js/index.k-9rUdPI.js:19
[ 3036222ms] [ERROR] Failed to load resource: net::ERR_CONNECTION_REFUSED @ http://localhost:8501/_stcore/host-config:0
[ 3040570ms] [ERROR] Failed to load resource: net::ERR_CONNECTION_REFUSED @ http://localhost:8501/_stcore/health:0
[ 3040570ms] [ERROR] Client Error in reaching server endpoint - No response received when attempting to reach /_stcore/health @ http://localhost:8501/static/js/index.k-9rUdPI.js:19
[ 3040571ms] [ERROR] Failed to load resource: net::ERR_CONNECTION_REFUSED @ http://localhost:8501/_stcore/host-config:0
[ 3044939ms] [ERROR] Failed to load resource: net::ERR_CONNECTION_REFUSED @ http://localhost:8501/_stcore/health:0
[ 3044939ms] [ERROR] Client Error in reaching server endpoint - No response received when attempting to reach /_stcore/health @ http://localhost:8501/static/js/index.k-9rUdPI.js:19
[ 3044939ms] [ERROR] Failed to load resource: net::ERR_CONNECTION_REFUSED @ http://localhost:8501/_stcore/host-config:0
[ 3049310ms] [ERROR] Failed to load resource: net::ERR_CONNECTION_REFUSED @ http://localhost:8501/_stcore/health:0
[ 3049310ms] [ERROR] Client Error in reaching server endpoint - No response received when attempting to reach /_stcore/health @ http://localhost:8501/static/js/index.k-9rUdPI.js:19
[ 3049369ms] [ERROR] Failed to load resource: net::ERR_CONNECTION_REFUSED @ http://localhost:8501/_stcore/host-config:0
[ 3053665ms] [ERROR] Failed to load resource: net::ERR_CONNECTION_REFUSED @ http://localhost:8501/_stcore/health:0
[ 3053665ms] [ERROR] Client Error in reaching server endpoint - No response received when attempting to reach /_stcore/health @ http://localhost:8501/static/js/index.k-9rUdPI.js:19
[ 3053681ms] [ERROR] Failed to load resource: net::ERR_CONNECTION_REFUSED @ http://localhost:8501/_stcore/host-config:0
[ 3058035ms] [ERROR] Failed to load resource: net::ERR_CONNECTION_REFUSED @ http://localhost:8501/_stcore/health:0
[ 3058035ms] [ERROR] Client Error in reaching server endpoint - No response received when attempting to reach /_stcore/health @ http://localhost:8501/static/js/index.k-9rUdPI.js:19
[ 3058037ms] [ERROR] Failed to load resource: net::ERR_CONNECTION_REFUSED @ http://localhost:8501/_stcore/host-config:0
[ 3062399ms] [ERROR] Failed to load resource: net::ERR_CONNECTION_REFUSED @ http://localhost:8501/_stcore/health:0
[ 3062399ms] [ERROR] Client Error in reaching server endpoint - No response received when attempting to reach /_stcore/health @ http://localhost:8501/static/js/index.k-9rUdPI.js:19
[ 3062401ms] [ERROR] Failed to load resource: net::ERR_CONNECTION_REFUSED @ http://localhost:8501/_stcore/host-config:0
[ 3066744ms] [ERROR] Failed to load resource: net::ERR_CONNECTION_REFUSED @ http://localhost:8501/_stcore/health:0
[ 3066744ms] [ERROR] Client Error in reaching server endpoint - No response received when attempting to reach /_stcore/health @ http://localhost:8501/static/js/index.k-9rUdPI.js:19
[ 3066745ms] [ERROR] Failed to load resource: net::ERR_CONNECTION_REFUSED @ http://localhost:8501/_stcore/host-config:0
[ 3071122ms] [ERROR] Failed to load resource: net::ERR_CONNECTION_REFUSED @ http://localhost:8501/_stcore/health:0
[ 3071123ms] [ERROR] Client Error in reaching server endpoint - No response received when attempting to reach /_stcore/health @ http://localhost:8501/static/js/index.k-9rUdPI.js:19
[ 3071124ms] [ERROR] Failed to load resource: net::ERR_CONNECTION_REFUSED @ http://localhost:8501/_stcore/host-config:0
[ 3075493ms] [ERROR] Failed to load resource: net::ERR_CONNECTION_REFUSED @ http://localhost:8501/_stcore/health:0
[ 3075493ms] [ERROR] Client Error in reaching server endpoint - No response received when attempting to reach /_stcore/health @ http://localhost:8501/static/js/index.k-9rUdPI.js:19
[ 3075494ms] [ERROR] Failed to load resource: net::ERR_CONNECTION_REFUSED @ http://localhost:8501/_stcore/host-config:0
[ 3079851ms] [ERROR] Failed to load resource: net::ERR_CONNECTION_REFUSED @ http://localhost:8501/_stcore/health:0
[ 3079851ms] [ERROR] Client Error in reaching server endpoint - No response received when attempting to reach /_stcore/health @ http://localhost:8501/static/js/index.k-9rUdPI.js:19
[ 3079852ms] [ERROR] Failed to load resource: net::ERR_CONNECTION_REFUSED @ http://localhost:8501/_stcore/host-config:0
[ 3084213ms] [ERROR] Failed to load resource: net::ERR_CONNECTION_REFUSED @ http://localhost:8501/_stcore/health:0
[ 3084213ms] [ERROR] Client Error in reaching server endpoint - No response received when attempting to reach /_stcore/health @ http://localhost:8501/static/js/index.k-9rUdPI.js:19
[ 3084214ms] [ERROR] Failed to load resource: net::ERR_CONNECTION_REFUSED @ http://localhost:8501/_stcore/host-config:0
[ 3088568ms] [ERROR] Failed to load resource: net::ERR_CONNECTION_REFUSED @ http://localhost:8501/_stcore/health:0
[ 3088569ms] [ERROR] Client Error in reaching server endpoint - No response received when attempting to reach /_stcore/health @ http://localhost:8501/static/js/index.k-9rUdPI.js:19
[ 3088570ms] [ERROR] Failed to load resource: net::ERR_CONNECTION_REFUSED @ http://localhost:8501/_stcore/host-config:0
[ 3092922ms] [ERROR] Failed to load resource: net::ERR_CONNECTION_REFUSED @ http://localhost:8501/_stcore/health:0
[ 3092922ms] [ERROR] Client Error in reaching server endpoint - No response received when attempting to reach /_stcore/health @ http://localhost:8501/static/js/index.k-9rUdPI.js:19
[ 3092923ms] [ERROR] Failed to load resource: net::ERR_CONNECTION_REFUSED @ http://localhost:8501/_stcore/host-config:0
[ 3097259ms] [ERROR] Failed to load resource: net::ERR_CONNECTION_REFUSED @ http://localhost:8501/_stcore/health:0
[ 3097259ms] [ERROR] Client Error in reaching server endpoint - No response received when attempting to reach /_stcore/health @ http://localhost:8501/static/js/index.k-9rUdPI.js:19
[ 3097275ms] [ERROR] Failed to load resource: net::ERR_CONNECTION_REFUSED @ http://localhost:8501/_stcore/host-config:0
[ 3101621ms] [ERROR] Failed to load resource: net::ERR_CONNECTION_REFUSED @ http://localhost:8501/_stcore/health:0
[ 3101622ms] [ERROR] Client Error in reaching server endpoint - No response received when attempting to reach /_stcore/health @ http://localhost:8501/static/js/index.k-9rUdPI.js:19
[ 3101623ms] [ERROR] Failed to load resource: net::ERR_CONNECTION_REFUSED @ http://localhost:8501/_stcore/host-config:0
[ 3105960ms] [ERROR] Failed to load resource: net::ERR_CONNECTION_REFUSED @ http://localhost:8501/_stcore/health:0
[ 3105960ms] [ERROR] Client Error in reaching server endpoint - No response received when attempting to reach /_stcore/health @ http://localhost:8501/static/js/index.k-9rUdPI.js:19
[ 3105975ms] [ERROR] Failed to load resource: net::ERR_CONNECTION_REFUSED @ http://localhost:8501/_stcore/host-config:0
[ 3110293ms] [ERROR] Failed to load resource: net::ERR_CONNECTION_REFUSED @ http://localhost:8501/_stcore/health:0
[ 3110293ms] [ERROR] Client Error in reaching server endpoint - No response received when attempting to reach /_stcore/health @ http://localhost:8501/static/js/index.k-9rUdPI.js:19
[ 3110294ms] [ERROR] Failed to load resource: net::ERR_CONNECTION_REFUSED @ http://localhost:8501/_stcore/host-config:0
[ 3114635ms] [ERROR] Failed to load resource: net::ERR_CONNECTION_REFUSED @ http://localhost:8501/_stcore/health:0
[ 3114635ms] [ERROR] Client Error in reaching server endpoint - No response received when attempting to reach /_stcore/health @ http://localhost:8501/static/js/index.k-9rUdPI.js:19
[ 3114636ms] [ERROR] Failed to load resource: net::ERR_CONNECTION_REFUSED @ http://localhost:8501/_stcore/host-config:0
[ 3118986ms] [ERROR] Failed to load resource: net::ERR_CONNECTION_REFUSED @ http://localhost:8501/_stcore/health:0
[ 3118987ms] [ERROR] Client Error in reaching server endpoint - No response received when attempting to reach /_stcore/health @ http://localhost:8501/static/js/index.k-9rUdPI.js:19
[ 3118988ms] [ERROR] Failed to load resource: net::ERR_CONNECTION_REFUSED @ http://localhost:8501/_stcore/host-config:0
[ 3123320ms] [ERROR] Failed to load resource: net::ERR_CONNECTION_REFUSED @ http://localhost:8501/_stcore/health:0
[ 3123320ms] [ERROR] Client Error in reaching server endpoint - No response received when attempting to reach /_stcore/health @ http://localhost:8501/static/js/index.k-9rUdPI.js:19
[ 3123335ms] [ERROR] Failed to load resource: net::ERR_CONNECTION_REFUSED @ http://localhost:8501/_stcore/host-config:0
[ 3127665ms] [ERROR] Failed to load resource: net::ERR_CONNECTION_REFUSED @ http://localhost:8501/_stcore/health:0
[ 3127666ms] [ERROR] Client Error in reaching server endpoint - No response received when attempting to reach /_stcore/health @ http://localhost:8501/static/js/index.k-9rUdPI.js:19
[ 3127666ms] [ERROR] Failed to load resource: net::ERR_CONNECTION_REFUSED @ http://localhost:8501/_stcore/host-config:0
[ 3132001ms] [ERROR] Failed to load resource: net::ERR_CONNECTION_REFUSED @ http://localhost:8501/_stcore/health:0
[ 3132002ms] [ERROR] Client Error in reaching server endpoint - No response received when attempting to reach /_stcore/health @ http://localhost:8501/static/js/index.k-9rUdPI.js:19
[ 3132018ms] [ERROR] Failed to load resource: net::ERR_CONNECTION_REFUSED @ http://localhost:8501/_stcore/host-config:0
[ 3136368ms] [ERROR] Failed to load resource: net::ERR_CONNECTION_REFUSED @ http://localhost:8501/_stcore/health:0
[ 3136368ms] [ERROR] Client Error in reaching server endpoint - No response received when attempting to reach /_stcore/health @ http://localhost:8501/static/js/index.k-9rUdPI.js:19
[ 3136369ms] [ERROR] Failed to load resource: net::ERR_CONNECTION_REFUSED @ http://localhost:8501/_stcore/host-config:0
[ 3140748ms] [ERROR] Failed to load resource: net::ERR_CONNECTION_REFUSED @ http://localhost:8501/_stcore/health:0
[ 3140748ms] [ERROR] Client Error in reaching server endpoint - No response received when attempting to reach /_stcore/health @ http://localhost:8501/static/js/index.k-9rUdPI.js:19
[ 3140750ms] [ERROR] Failed to load resource: net::ERR_CONNECTION_REFUSED @ http://localhost:8501/_stcore/host-config:0
[ 3145103ms] [ERROR] Failed to load resource: net::ERR_CONNECTION_REFUSED @ http://localhost:8501/_stcore/health:0
[ 3145104ms] [ERROR] Client Error in reaching server endpoint - No response received when attempting to reach /_stcore/health @ http://localhost:8501/static/js/index.k-9rUdPI.js:19
[ 3145105ms] [ERROR] Failed to load resource: net::ERR_CONNECTION_REFUSED @ http://localhost:8501/_stcore/host-config:0
[ 3149459ms] [ERROR] Failed to load resource: net::ERR_CONNECTION_REFUSED @ http://localhost:8501/_stcore/health:0
[ 3149459ms] [ERROR] Client Error in reaching server endpoint - No response received when attempting to reach /_stcore/health @ http://localhost:8501/static/js/index.k-9rUdPI.js:19
[ 3149460ms] [ERROR] Failed to load resource: net::ERR_CONNECTION_REFUSED @ http://localhost:8501/_stcore/host-config:0
[ 3153807ms] [ERROR] Failed to load resource: net::ERR_CONNECTION_REFUSED @ http://localhost:8501/_stcore/health:0
[ 3153807ms] [ERROR] Client Error in reaching server endpoint - No response received when attempting to reach /_stcore/health @ http://localhost:8501/static/js/index.k-9rUdPI.js:19
[ 3153823ms] [ERROR] Failed to load resource: net::ERR_CONNECTION_REFUSED @ http://localhost:8501/_stcore/host-config:0
[ 3158151ms] [ERROR] Failed to load resource: net::ERR_CONNECTION_REFUSED @ http://localhost:8501/_stcore/health:0
[ 3158151ms] [ERROR] Client Error in reaching server endpoint - No response received when attempting to reach /_stcore/health @ http://localhost:8501/static/js/index.k-9rUdPI.js:19
[ 3158152ms] [ERROR] Failed to load resource: net::ERR_CONNECTION_REFUSED @ http://localhost:8501/_stcore/host-config:0
[ 3162500ms] [ERROR] Failed to load resource: net::ERR_CONNECTION_REFUSED @ http://localhost:8501/_stcore/health:0
[ 3162501ms] [ERROR] Client Error in reaching server endpoint - No response received when attempting to reach /_stcore/health @ http://localhost:8501/static/js/index.k-9rUdPI.js:19
[ 3162502ms] [ERROR] Failed to load resource: net::ERR_CONNECTION_REFUSED @ http://localhost:8501/_stcore/host-config:0
[ 3166864ms] [ERROR] Failed to load resource: net::ERR_CONNECTION_REFUSED @ http://localhost:8501/_stcore/health:0
[ 3166864ms] [ERROR] Client Error in reaching server endpoint - No response received when attempting to reach /_stcore/health @ http://localhost:8501/static/js/index.k-9rUdPI.js:19
[ 3166865ms] [ERROR] Failed to load resource: net::ERR_CONNECTION_REFUSED @ http://localhost:8501/_stcore/host-config:0
[ 3171217ms] [ERROR] Failed to load resource: net::ERR_CONNECTION_REFUSED @ http://localhost:8501/_stcore/health:0
[ 3171217ms] [ERROR] Client Error in reaching server endpoint - No response received when attempting to reach /_stcore/health @ http://localhost:8501/static/js/index.k-9rUdPI.js:19
[ 3171219ms] [ERROR] Failed to load resource: net::ERR_CONNECTION_REFUSED @ http://localhost:8501/_stcore/host-config:0
[ 3175595ms] [ERROR] Failed to load resource: net::ERR_CONNECTION_REFUSED @ http://localhost:8501/_stcore/health:0
[ 3175595ms] [ERROR] Client Error in reaching server endpoint - No response received when attempting to reach /_stcore/health @ http://localhost:8501/static/js/index.k-9rUdPI.js:19
[ 3175596ms] [ERROR] Failed to load resource: net::ERR_CONNECTION_REFUSED @ http://localhost:8501/_stcore/host-config:0
[ 3179962ms] [ERROR] Failed to load resource: net::ERR_CONNECTION_REFUSED @ http://localhost:8501/_stcore/health:0
[ 3179962ms] [ERROR] Client Error in reaching server endpoint - No response received when attempting to reach /_stcore/health @ http://localhost:8501/static/js/index.k-9rUdPI.js:19
[ 3179965ms] [ERROR] Failed to load resource: net::ERR_CONNECTION_REFUSED @ http://localhost:8501/_stcore/host-config:0
[ 3184321ms] [ERROR] Failed to load resource: net::ERR_CONNECTION_REFUSED @ http://localhost:8501/_stcore/health:0
[ 3184321ms] [ERROR] Client Error in reaching server endpoint - No response received when attempting to reach /_stcore/health @ http://localhost:8501/static/js/index.k-9rUdPI.js:19
[ 3184322ms] [ERROR] Failed to load resource: net::ERR_CONNECTION_REFUSED @ http://localhost:8501/_stcore/host-config:0
[ 3188678ms] [ERROR] Failed to load resource: net::ERR_CONNECTION_REFUSED @ http://localhost:8501/_stcore/health:0
[ 3188679ms] [ERROR] Client Error in reaching server endpoint - No response received when attempting to reach /_stcore/health @ http://localhost:8501/static/js/index.k-9rUdPI.js:19
[ 3188680ms] [ERROR] Failed to load resource: net::ERR_CONNECTION_REFUSED @ http://localhost:8501/_stcore/host-config:0
[ 3193037ms] [ERROR] Failed to load resource: net::ERR_CONNECTION_REFUSED @ http://localhost:8501/_stcore/health:0
[ 3193037ms] [ERROR] Client Error in reaching server endpoint - No response received when attempting to reach /_stcore/health @ http://localhost:8501/static/js/index.k-9rUdPI.js:19
[ 3193038ms] [ERROR] Failed to load resource: net::ERR_CONNECTION_REFUSED @ http://localhost:8501/_stcore/host-config:0
[ 3197384ms] [ERROR] Failed to load resource: net::ERR_CONNECTION_REFUSED @ http://localhost:8501/_stcore/health:0
[ 3197384ms] [ERROR] Client Error in reaching server endpoint - No response received when attempting to reach /_stcore/health @ http://localhost:8501/static/js/index.k-9rUdPI.js:19
[ 3197415ms] [ERROR] Failed to load resource: net::ERR_CONNECTION_REFUSED @ http://localhost:8501/_stcore/host-config:0
[ 3201729ms] [ERROR] Failed to load resource: net::ERR_CONNECTION_REFUSED @ http://localhost:8501/_stcore/health:0
[ 3201730ms] [ERROR] Client Error in reaching server endpoint - No response received when attempting to reach /_stcore/health @ http://localhost:8501/static/js/index.k-9rUdPI.js:19
[ 3201731ms] [ERROR] Failed to load resource: net::ERR_CONNECTION_REFUSED @ http://localhost:8501/_stcore/host-config:0
[ 3206082ms] [ERROR] Failed to load resource: net::ERR_CONNECTION_REFUSED @ http://localhost:8501/_stcore/health:0
[ 3206082ms] [ERROR] Client Error in reaching server endpoint - No response received when attempting to reach /_stcore/health @ http://localhost:8501/static/js/index.k-9rUdPI.js:19
[ 3206083ms] [ERROR] Failed to load resource: net::ERR_CONNECTION_REFUSED @ http://localhost:8501/_stcore/host-config:0
[ 3210431ms] [ERROR] Failed to load resource: net::ERR_CONNECTION_REFUSED @ http://localhost:8501/_stcore/health:0
[ 3210431ms] [ERROR] Client Error in reaching server endpoint - No response received when attempting to reach /_stcore/health @ http://localhost:8501/static/js/index.k-9rUdPI.js:19
[ 3210432ms] [ERROR] Failed to load resource: net::ERR_CONNECTION_REFUSED @ http://localhost:8501/_stcore/host-config:0
[ 3214791ms] [ERROR] Failed to load resource: net::ERR_CONNECTION_REFUSED @ http://localhost:8501/_stcore/health:0
[ 3214791ms] [ERROR] Client Error in reaching server endpoint - No response received when attempting to reach /_stcore/health @ http://localhost:8501/static/js/index.k-9rUdPI.js:19
[ 3214807ms] [ERROR] Failed to load resource: net::ERR_CONNECTION_REFUSED @ http://localhost:8501/_stcore/host-config:0
[ 3219163ms] [ERROR] Failed to load resource: net::ERR_CONNECTION_REFUSED @ http://localhost:8501/_stcore/health:0
[ 3219163ms] [ERROR] Client Error in reaching server endpoint - No response received when attempting to reach /_stcore/health @ http://localhost:8501/static/js/index.k-9rUdPI.js:19
[ 3219164ms] [ERROR] Failed to load resource: net::ERR_CONNECTION_REFUSED @ http://localhost:8501/_stcore/host-config:0
[ 3223541ms] [ERROR] Failed to load resource: net::ERR_CONNECTION_REFUSED @ http://localhost:8501/_stcore/health:0
[ 3223541ms] [ERROR] Client Error in reaching server endpoint - No response received when attempting to reach /_stcore/health @ http://localhost:8501/static/js/index.k-9rUdPI.js:19
[ 3223542ms] [ERROR] Failed to load resource: net::ERR_CONNECTION_REFUSED @ http://localhost:8501/_stcore/host-config:0
[ 3227909ms] [ERROR] Failed to load resource: net::ERR_CONNECTION_REFUSED @ http://localhost:8501/_stcore/health:0
[ 3227909ms] [ERROR] Client Error in reaching server endpoint - No response received when attempting to reach /_stcore/health @ http://localhost:8501/static/js/index.k-9rUdPI.js:19
[ 3227911ms] [ERROR] Failed to load resource: net::ERR_CONNECTION_REFUSED @ http://localhost:8501/_stcore/host-config:0
[ 3232275ms] [ERROR] Failed to load resource: net::ERR_CONNECTION_REFUSED @ http://localhost:8501/_stcore/health:0
[ 3232275ms] [ERROR] Client Error in reaching server endpoint - No response received when attempting to reach /_stcore/health @ http://localhost:8501/static/js/index.k-9rUdPI.js:19
[ 3232277ms] [ERROR] Failed to load resource: net::ERR_CONNECTION_REFUSED @ http://localhost:8501/_stcore/host-config:0
[ 3236638ms] [ERROR] Failed to load resource: net::ERR_CONNECTION_REFUSED @ http://localhost:8501/_stcore/health:0
[ 3236638ms] [ERROR] Client Error in reaching server endpoint - No response received when attempting to reach /_stcore/health @ http://localhost:8501/static/js/index.k-9rUdPI.js:19
[ 3236639ms] [ERROR] Failed to load resource: net::ERR_CONNECTION_REFUSED @ http://localhost:8501/_stcore/host-config:0
[ 3241009ms] [ERROR] Failed to load resource: net::ERR_CONNECTION_REFUSED @ http://localhost:8501/_stcore/health:0
[ 3241009ms] [ERROR] Client Error in reaching server endpoint - No response received when attempting to reach /_stcore/health @ http://localhost:8501/static/js/index.k-9rUdPI.js:19
[ 3241010ms] [ERROR] Failed to load resource: net::ERR_CONNECTION_REFUSED @ http://localhost:8501/_stcore/host-config:0
[ 3245470ms] [ERROR] Failed to load resource: net::ERR_CONNECTION_REFUSED @ http://localhost:8501/_stcore/health:0
[ 3245470ms] [ERROR] Client Error in reaching server endpoint - No response received when attempting to reach /_stcore/health @ http://localhost:8501/static/js/index.k-9rUdPI.js:19
[ 3245472ms] [ERROR] Failed to load resource: net::ERR_CONNECTION_REFUSED @ http://localhost:8501/_stcore/host-config:0
[ 3249822ms] [ERROR] Failed to load resource: net::ERR_CONNECTION_REFUSED @ http://localhost:8501/_stcore/health:0
[ 3249822ms] [ERROR] Client Error in reaching server endpoint - No response received when attempting to reach /_stcore/health @ http://localhost:8501/static/js/index.k-9rUdPI.js:19
[ 3249823ms] [ERROR] Failed to load resource: net::ERR_CONNECTION_REFUSED @ http://localhost:8501/_stcore/host-config:0
[ 3254195ms] [ERROR] Failed to load resource: net::ERR_CONNECTION_REFUSED @ http://localhost:8501/_stcore/health:0
[ 3254195ms] [ERROR] Client Error in reaching server endpoint - No response received when attempting to reach /_stcore/health @ http://localhost:8501/static/js/index.k-9rUdPI.js:19
[ 3254197ms] [ERROR] Failed to load resource: net::ERR_CONNECTION_REFUSED @ http://localhost:8501/_stcore/host-config:0
[ 3258540ms] [ERROR] Failed to load resource: net::ERR_CONNECTION_REFUSED @ http://localhost:8501/_stcore/health:0
[ 3258540ms] [ERROR] Client Error in reaching server endpoint - No response received when attempting to reach /_stcore/health @ http://localhost:8501/static/js/index.k-9rUdPI.js:19
[ 3258541ms] [ERROR] Failed to load resource: net::ERR_CONNECTION_REFUSED @ http://localhost:8501/_stcore/host-config:0
[ 3262878ms] [ERROR] Failed to load resource: net::ERR_CONNECTION_REFUSED @ http://localhost:8501/_stcore/health:0
[ 3262878ms] [ERROR] Client Error in reaching server endpoint - No response received when attempting to reach /_stcore/health @ http://localhost:8501/static/js/index.k-9rUdPI.js:19
[ 3262899ms] [ERROR] Failed to load resource: net::ERR_CONNECTION_REFUSED @ http://localhost:8501/_stcore/host-config:0
[ 3267213ms] [ERROR] Failed to load resource: net::ERR_CONNECTION_REFUSED @ http://localhost:8501/_stcore/health:0
[ 3267214ms] [ERROR] Client Error in reaching server endpoint - No response received when attempting to reach /_stcore/health @ http://localhost:8501/static/js/index.k-9rUdPI.js:19
[ 3267215ms] [ERROR] Failed to load resource: net::ERR_CONNECTION_REFUSED @ http://localhost:8501/_stcore/host-config:0
[ 3271589ms] [ERROR] Failed to load resource: net::ERR_CONNECTION_REFUSED @ http://localhost:8501/_stcore/health:0
[ 3271589ms] [ERROR] Client Error in reaching server endpoint - No response received when attempting to reach /_stcore/health @ http://localhost:8501/static/js/index.k-9rUdPI.js:19
[ 3271590ms] [ERROR] Failed to load resource: net::ERR_CONNECTION_REFUSED @ http://localhost:8501/_stcore/host-config:0
[ 3275916ms] [ERROR] Failed to load resource: net::ERR_CONNECTION_REFUSED @ http://localhost:8501/_stcore/health:0
[ 3275916ms] [ERROR] Client Error in reaching server endpoint - No response received when attempting to reach /_stcore/health @ http://localhost:8501/static/js/index.k-9rUdPI.js:19
[ 3275931ms] [ERROR] Failed to load resource: net::ERR_CONNECTION_REFUSED @ http://localhost:8501/_stcore/host-config:0
[ 3280278ms] [ERROR] Failed to load resource: net::ERR_CONNECTION_REFUSED @ http://localhost:8501/_stcore/health:0
[ 3280278ms] [ERROR] Client Error in reaching server endpoint - No response received when attempting to reach /_stcore/health @ http://localhost:8501/static/js/index.k-9rUdPI.js:19
[ 3280279ms] [ERROR] Failed to load resource: net::ERR_CONNECTION_REFUSED @ http://localhost:8501/_stcore/host-config:0
[ 3284618ms] [ERROR] Failed to load resource: net::ERR_CONNECTION_REFUSED @ http://localhost:8501/_stcore/health:0
[ 3284618ms] [ERROR] Client Error in reaching server endpoint - No response received when attempting to reach /_stcore/health @ http://localhost:8501/static/js/index.k-9rUdPI.js:19
[ 3284634ms] [ERROR] Failed to load resource: net::ERR_CONNECTION_REFUSED @ http://localhost:8501/_stcore/host-config:0
[ 3288976ms] [ERROR] Failed to load resource: net::ERR_CONNECTION_REFUSED @ http://localhost:8501/_stcore/health:0
[ 3288976ms] [ERROR] Client Error in reaching server endpoint - No response received when attempting to reach /_stcore/health @ http://localhost:8501/static/js/index.k-9rUdPI.js:19
[ 3288977ms] [ERROR] Failed to load resource: net::ERR_CONNECTION_REFUSED @ http://localhost:8501/_stcore/host-config:0
[ 3293323ms] [ERROR] Failed to load resource: net::ERR_CONNECTION_REFUSED @ http://localhost:8501/_stcore/health:0
[ 3293323ms] [ERROR] Client Error in reaching server endpoint - No response received when attempting to reach /_stcore/health @ http://localhost:8501/static/js/index.k-9rUdPI.js:19
[ 3293324ms] [ERROR] Failed to load resource: net::ERR_CONNECTION_REFUSED @ http://localhost:8501/_stcore/host-config:0
[ 3297665ms] [ERROR] Failed to load resource: net::ERR_CONNECTION_REFUSED @ http://localhost:8501/_stcore/health:0
[ 3297666ms] [ERROR] Client Error in reaching server endpoint - No response received when attempting to reach /_stcore/health @ http://localhost:8501/static/js/index.k-9rUdPI.js:19
[ 3297679ms] [ERROR] Failed to load resource: net::ERR_CONNECTION_REFUSED @ http://localhost:8501/_stcore/host-config:0
[ 3302025ms] [ERROR] Failed to load resource: net::ERR_CONNECTION_REFUSED @ http://localhost:8501/_stcore/health:0
[ 3302025ms] [ERROR] Client Error in reaching server endpoint - No response received when attempting to reach /_stcore/health @ http://localhost:8501/static/js/index.k-9rUdPI.js:19
[ 3302027ms] [ERROR] Failed to load resource: net::ERR_CONNECTION_REFUSED @ http://localhost:8501/_stcore/host-config:0
[ 3306384ms] [ERROR] Failed to load resource: net::ERR_CONNECTION_REFUSED @ http://localhost:8501/_stcore/health:0
[ 3306384ms] [ERROR] Client Error in reaching server endpoint - No response received when attempting to reach /_stcore/health @ http://localhost:8501/static/js/index.k-9rUdPI.js:19
[ 3306400ms] [ERROR] Failed to load resource: net::ERR_CONNECTION_REFUSED @ http://localhost:8501/_stcore/host-config:0
[ 3310743ms] [ERROR] Failed to load resource: net::ERR_CONNECTION_REFUSED @ http://localhost:8501/_stcore/health:0
[ 3310743ms] [ERROR] Client Error in reaching server endpoint - No response received when attempting to reach /_stcore/health @ http://localhost:8501/static/js/index.k-9rUdPI.js:19
[ 3310744ms] [ERROR] Failed to load resource: net::ERR_CONNECTION_REFUSED @ http://localhost:8501/_stcore/host-config:0
[ 3315102ms] [ERROR] Failed to load resource: net::ERR_CONNECTION_REFUSED @ http://localhost:8501/_stcore/health:0
[ 3315103ms] [ERROR] Client Error in reaching server endpoint - No response received when attempting to reach /_stcore/health @ http://localhost:8501/static/js/index.k-9rUdPI.js:19
[ 3315104ms] [ERROR] Failed to load resource: net::ERR_CONNECTION_REFUSED @ http://localhost:8501/_stcore/host-config:0
[ 3319472ms] [ERROR] Failed to load resource: net::ERR_CONNECTION_REFUSED @ http://localhost:8501/_stcore/health:0
[ 3319472ms] [ERROR] Client Error in reaching server endpoint - No response received when attempting to reach /_stcore/health @ http://localhost:8501/static/js/index.k-9rUdPI.js:19
[ 3319473ms] [ERROR] Failed to load resource: net::ERR_CONNECTION_REFUSED @ http://localhost:8501/_stcore/host-config:0
[ 3323824ms] [ERROR] Failed to load resource: net::ERR_CONNECTION_REFUSED @ http://localhost:8501/_stcore/health:0
[ 3323824ms] [ERROR] Client Error in reaching server endpoint - No response received when attempting to reach /_stcore/health @ http://localhost:8501/static/js/index.k-9rUdPI.js:19
[ 3323826ms] [ERROR] Failed to load resource: net::ERR_CONNECTION_REFUSED @ http://localhost:8501/_stcore/host-config:0
[ 3328181ms] [ERROR] Failed to load resource: net::ERR_CONNECTION_REFUSED @ http://localhost:8501/_stcore/health:0
[ 3328181ms] [ERROR] Client Error in reaching server endpoint - No response received when attempting to reach /_stcore/health @ http://localhost:8501/static/js/index.k-9rUdPI.js:19
[ 3328186ms] [ERROR] Failed to load resource: net::ERR_CONNECTION_REFUSED @ http://localhost:8501/_stcore/host-config:0
[ 3332542ms] [ERROR] Failed to load resource: net::ERR_CONNECTION_REFUSED @ http://localhost:8501/_stcore/health:0
[ 3332542ms] [ERROR] Client Error in reaching server endpoint - No response received when attempting to reach /_stcore/health @ http://localhost:8501/static/js/index.k-9rUdPI.js:19
[ 3332543ms] [ERROR] Failed to load resource: net::ERR_CONNECTION_REFUSED @ http://localhost:8501/_stcore/host-config:0
[ 3336931ms] [ERROR] Failed to load resource: net::ERR_CONNECTION_REFUSED @ http://localhost:8501/_stcore/health:0
[ 3336931ms] [ERROR] Client Error in reaching server endpoint - No response received when attempting to reach /_stcore/health @ http://localhost:8501/static/js/index.k-9rUdPI.js:19
[ 3336932ms] [ERROR] Failed to load resource: net::ERR_CONNECTION_REFUSED @ http://localhost:8501/_stcore/host-config:0
[ 3341305ms] [ERROR] Failed to load resource: net::ERR_CONNECTION_REFUSED @ http://localhost:8501/_stcore/health:0
[ 3341305ms] [ERROR] Client Error in reaching server endpoint - No response received when attempting to reach /_stcore/health @ http://localhost:8501/static/js/index.k-9rUdPI.js:19
[ 3341306ms] [ERROR] Failed to load resource: net::ERR_CONNECTION_REFUSED @ http://localhost:8501/_stcore/host-config:0
[ 3345650ms] [ERROR] Failed to load resource: net::ERR_CONNECTION_REFUSED @ http://localhost:8501/_stcore/health:0
[ 3345650ms] [ERROR] Client Error in reaching server endpoint - No response received when attempting to reach /_stcore/health @ http://localhost:8501/static/js/index.k-9rUdPI.js:19
[ 3345666ms] [ERROR] Failed to load resource: net::ERR_CONNECTION_REFUSED @ http://localhost:8501/_stcore/host-config:0
[ 3350010ms] [ERROR] Failed to load resource: net::ERR_CONNECTION_REFUSED @ http://localhost:8501/_stcore/health:0
[ 3350010ms] [ERROR] Client Error in reaching server endpoint - No response received when attempting to reach /_stcore/health @ http://localhost:8501/static/js/index.k-9rUdPI.js:19
[ 3350011ms] [ERROR] Failed to load resource: net::ERR_CONNECTION_REFUSED @ http://localhost:8501/_stcore/host-config:0
[ 3354426ms] [ERROR] Failed to load resource: net::ERR_CONNECTION_REFUSED @ http://localhost:8501/_stcore/health:0
[ 3354426ms] [ERROR] Client Error in reaching server endpoint - No response received when attempting to reach /_stcore/health @ http://localhost:8501/static/js/index.k-9rUdPI.js:19
[ 3354556ms] [ERROR] Failed to load resource: net::ERR_CONNECTION_REFUSED @ http://localhost:8501/_stcore/host-config:0
[ 3358771ms] [ERROR] Failed to load resource: net::ERR_CONNECTION_REFUSED @ http://localhost:8501/_stcore/health:0
[ 3358771ms] [ERROR] Client Error in reaching server endpoint - No response received when attempting to reach /_stcore/health @ http://localhost:8501/static/js/index.k-9rUdPI.js:19
[ 3358802ms] [ERROR] Failed to load resource: net::ERR_CONNECTION_REFUSED @ http://localhost:8501/_stcore/host-config:0
[ 3363122ms] [ERROR] Failed to load resource: net::ERR_CONNECTION_REFUSED @ http://localhost:8501/_stcore/health:0
[ 3363122ms] [ERROR] Client Error in reaching server endpoint - No response received when attempting to reach /_stcore/health @ http://localhost:8501/static/js/index.k-9rUdPI.js:19
[ 3363123ms] [ERROR] Failed to load resource: net::ERR_CONNECTION_REFUSED @ http://localhost:8501/_stcore/host-config:0
[ 3367476ms] [ERROR] Failed to load resource: net::ERR_CONNECTION_REFUSED @ http://localhost:8501/_stcore/health:0
[ 3367476ms] [ERROR] Client Error in reaching server endpoint - No response received when attempting to reach /_stcore/health @ http://localhost:8501/static/js/index.k-9rUdPI.js:19
[ 3367477ms] [ERROR] Failed to load resource: net::ERR_CONNECTION_REFUSED @ http://localhost:8501/_stcore/host-config:0
[ 3371823ms] [ERROR] Failed to load resource: net::ERR_CONNECTION_REFUSED @ http://localhost:8501/_stcore/health:0
[ 3371823ms] [ERROR] Client Error in reaching server endpoint - No response received when attempting to reach /_stcore/health @ http://localhost:8501/static/js/index.k-9rUdPI.js:19
[ 3371824ms] [ERROR] Failed to load resource: net::ERR_CONNECTION_REFUSED @ http://localhost:8501/_stcore/host-config:0
[ 3376174ms] [ERROR] Failed to load resource: net::ERR_CONNECTION_REFUSED @ http://localhost:8501/_stcore/health:0
[ 3376174ms] [ERROR] Client Error in reaching server endpoint - No response received when attempting to reach /_stcore/health @ http://localhost:8501/static/js/index.k-9rUdPI.js:19
[ 3376175ms] [ERROR] Failed to load resource: net::ERR_CONNECTION_REFUSED @ http://localhost:8501/_stcore/host-config:0
[ 3380508ms] [ERROR] Failed to load resource: net::ERR_CONNECTION_REFUSED @ http://localhost:8501/_stcore/health:0
[ 3380508ms] [ERROR] Client Error in reaching server endpoint - No response received when attempting to reach /_stcore/health @ http://localhost:8501/static/js/index.k-9rUdPI.js:19
[ 3380524ms] [ERROR] Failed to load resource: net::ERR_CONNECTION_REFUSED @ http://localhost:8501/_stcore/host-config:0
[ 3384870ms] [ERROR] Failed to load resource: net::ERR_CONNECTION_REFUSED @ http://localhost:8501/_stcore/health:0
[ 3384870ms] [ERROR] Client Error in reaching server endpoint - No response received when attempting to reach /_stcore/health @ http://localhost:8501/static/js/index.k-9rUdPI.js:19
[ 3384871ms] [ERROR] Failed to load resource: net::ERR_CONNECTION_REFUSED @ http://localhost:8501/_stcore/host-config:0
[ 3389214ms] [ERROR] Failed to load resource: net::ERR_CONNECTION_REFUSED @ http://localhost:8501/_stcore/health:0
[ 3389215ms] [ERROR] Client Error in reaching server endpoint - No response received when attempting to reach /_stcore/health @ http://localhost:8501/static/js/index.k-9rUdPI.js:19
[ 3389216ms] [ERROR] Failed to load resource: net::ERR_CONNECTION_REFUSED @ http://localhost:8501/_stcore/host-config:0
[ 3393857ms] [ERROR] Failed to load resource: net::ERR_CONNECTION_REFUSED @ http://localhost:8501/_stcore/health:0
[ 3393857ms] [ERROR] Client Error in reaching server endpoint - No response received when attempting to reach /_stcore/health @ http://localhost:8501/static/js/index.k-9rUdPI.js:19
[ 3393859ms] [ERROR] Failed to load resource: net::ERR_CONNECTION_REFUSED @ http://localhost:8501/_stcore/host-config:0
[ 3398196ms] [ERROR] Failed to load resource: net::ERR_CONNECTION_REFUSED @ http://localhost:8501/_stcore/health:0
[ 3398197ms] [ERROR] Client Error in reaching server endpoint - No response received when attempting to reach /_stcore/health @ http://localhost:8501/static/js/index.k-9rUdPI.js:19
[ 3398199ms] [ERROR] Failed to load resource: net::ERR_CONNECTION_REFUSED @ http://localhost:8501/_stcore/host-config:0
[ 3402552ms] [ERROR] Failed to load resource: net::ERR_CONNECTION_REFUSED @ http://localhost:8501/_stcore/health:0
[ 3402552ms] [ERROR] Client Error in reaching server endpoint - No response received when attempting to reach /_stcore/health @ http://localhost:8501/static/js/index.k-9rUdPI.js:19
[ 3402558ms] [ERROR] Failed to load resource: net::ERR_CONNECTION_REFUSED @ http://localhost:8501/_stcore/host-config:0
[ 3406899ms] [ERROR] Failed to load resource: net::ERR_CONNECTION_REFUSED @ http://localhost:8501/_stcore/health:0
[ 3406899ms] [ERROR] Client Error in reaching server endpoint - No response received when attempting to reach /_stcore/health @ http://localhost:8501/static/js/index.k-9rUdPI.js:19
[ 3406901ms] [ERROR] Failed to load resource: net::ERR_CONNECTION_REFUSED @ http://localhost:8501/_stcore/host-config:0
[ 3411243ms] [ERROR] Failed to load resource: net::ERR_CONNECTION_REFUSED @ http://localhost:8501/_stcore/health:0
[ 3411244ms] [ERROR] Client Error in reaching server endpoint - No response received when attempting to reach /_stcore/health @ http://localhost:8501/static/js/index.k-9rUdPI.js:19
[ 3411245ms] [ERROR] Failed to load resource: net::ERR_CONNECTION_REFUSED @ http://localhost:8501/_stcore/host-config:0
[ 3415587ms] [ERROR] Failed to load resource: net::ERR_CONNECTION_REFUSED @ http://localhost:8501/_stcore/health:0
[ 3415587ms] [ERROR] Client Error in reaching server endpoint - No response received when attempting to reach /_stcore/health @ http://localhost:8501/static/js/index.k-9rUdPI.js:19
[ 3415588ms] [ERROR] Failed to load resource: net::ERR_CONNECTION_REFUSED @ http://localhost:8501/_stcore/host-config:0
[ 3419932ms] [ERROR] Failed to load resource: net::ERR_CONNECTION_REFUSED @ http://localhost:8501/_stcore/health:0
[ 3419933ms] [ERROR] Client Error in reaching server endpoint - No response received when attempting to reach /_stcore/health @ http://localhost:8501/static/js/index.k-9rUdPI.js:19
[ 3419934ms] [ERROR] Failed to load resource: net::ERR_CONNECTION_REFUSED @ http://localhost:8501/_stcore/host-config:0
[ 3424276ms] [ERROR] Failed to load resource: net::ERR_CONNECTION_REFUSED @ http://localhost:8501/_stcore/health:0
[ 3424276ms] [ERROR] Client Error in reaching server endpoint - No response received when attempting to reach /_stcore/health @ http://localhost:8501/static/js/index.k-9rUdPI.js:19
[ 3424277ms] [ERROR] Failed to load resource: net::ERR_CONNECTION_REFUSED @ http://localhost:8501/_stcore/host-config:0
[ 3428639ms] [ERROR] Failed to load resource: net::ERR_CONNECTION_REFUSED @ http://localhost:8501/_stcore/health:0
[ 3428639ms] [ERROR] Client Error in reaching server endpoint - No response received when attempting to reach /_stcore/health @ http://localhost:8501/static/js/index.k-9rUdPI.js:19
[ 3428640ms] [ERROR] Failed to load resource: net::ERR_CONNECTION_REFUSED @ http://localhost:8501/_stcore/host-config:0
[ 3433005ms] [ERROR] Failed to load resource: net::ERR_CONNECTION_REFUSED @ http://localhost:8501/_stcore/health:0
[ 3433005ms] [ERROR] Client Error in reaching server endpoint - No response received when attempting to reach /_stcore/health @ http://localhost:8501/static/js/index.k-9rUdPI.js:19
[ 3433021ms] [ERROR] Failed to load resource: net::ERR_CONNECTION_REFUSED @ http://localhost:8501/_stcore/host-config:0
[ 3437369ms] [ERROR] Failed to load resource: net::ERR_CONNECTION_REFUSED @ http://localhost:8501/_stcore/health:0
[ 3437369ms] [ERROR] Client Error in reaching server endpoint - No response received when attempting to reach /_stcore/health @ http://localhost:8501/static/js/index.k-9rUdPI.js:19
[ 3437370ms] [ERROR] Failed to load resource: net::ERR_CONNECTION_REFUSED @ http://localhost:8501/_stcore/host-config:0
[ 3441744ms] [ERROR] Failed to load resource: net::ERR_CONNECTION_REFUSED @ http://localhost:8501/_stcore/health:0
[ 3441744ms] [ERROR] Client Error in reaching server endpoint - No response received when attempting to reach /_stcore/health @ http://localhost:8501/static/js/index.k-9rUdPI.js:19
[ 3441745ms] [ERROR] Failed to load resource: net::ERR_CONNECTION_REFUSED @ http://localhost:8501/_stcore/host-config:0
[ 3446106ms] [ERROR] Failed to load resource: net::ERR_CONNECTION_REFUSED @ http://localhost:8501/_stcore/health:0
[ 3446106ms] [ERROR] Client Error in reaching server endpoint - No response received when attempting to reach /_stcore/health @ http://localhost:8501/static/js/index.k-9rUdPI.js:19
[ 3446107ms] [ERROR] Failed to load resource: net::ERR_CONNECTION_REFUSED @ http://localhost:8501/_stcore/host-config:0
[ 3450449ms] [ERROR] Failed to load resource: net::ERR_CONNECTION_REFUSED @ http://localhost:8501/_stcore/health:0
[ 3450449ms] [ERROR] Client Error in reaching server endpoint - No response received when attempting to reach /_stcore/health @ http://localhost:8501/static/js/index.k-9rUdPI.js:19
[ 3450455ms] [ERROR] Failed to load resource: net::ERR_CONNECTION_REFUSED @ http://localhost:8501/_stcore/host-config:0
[ 3454805ms] [ERROR] Failed to load resource: net::ERR_CONNECTION_REFUSED @ http://localhost:8501/_stcore/health:0
[ 3454805ms] [ERROR] Client Error in reaching server endpoint - No response received when attempting to reach /_stcore/health @ http://localhost:8501/static/js/index.k-9rUdPI.js:19
[ 3454807ms] [ERROR] Failed to load resource: net::ERR_CONNECTION_REFUSED @ http://localhost:8501/_stcore/host-config:0
[ 3459155ms] [ERROR] Failed to load resource: net::ERR_CONNECTION_REFUSED @ http://localhost:8501/_stcore/health:0
[ 3459156ms] [ERROR] Client Error in reaching server endpoint - No response received when attempting to reach /_stcore/health @ http://localhost:8501/static/js/index.k-9rUdPI.js:19
[ 3459157ms] [ERROR] Failed to load resource: net::ERR_CONNECTION_REFUSED @ http://localhost:8501/_stcore/host-config:0
[ 3463502ms] [ERROR] Failed to load resource: net::ERR_CONNECTION_REFUSED @ http://localhost:8501/_stcore/health:0
[ 3463503ms] [ERROR] Client Error in reaching server endpoint - No response received when attempting to reach /_stcore/health @ http://localhost:8501/static/js/index.k-9rUdPI.js:19
[ 3463504ms] [ERROR] Failed to load resource: net::ERR_CONNECTION_REFUSED @ http://localhost:8501/_stcore/host-config:0
[ 3467855ms] [ERROR] Failed to load resource: net::ERR_CONNECTION_REFUSED @ http://localhost:8501/_stcore/health:0
[ 3467855ms] [ERROR] Client Error in reaching server endpoint - No response received when attempting to reach /_stcore/health @ http://localhost:8501/static/js/index.k-9rUdPI.js:19
[ 3467856ms] [ERROR] Failed to load resource: net::ERR_CONNECTION_REFUSED @ http://localhost:8501/_stcore/host-config:0
[ 3472197ms] [ERROR] Failed to load resource: net::ERR_CONNECTION_REFUSED @ http://localhost:8501/_stcore/health:0
[ 3472197ms] [ERROR] Client Error in reaching server endpoint - No response received when attempting to reach /_stcore/health @ http://localhost:8501/static/js/index.k-9rUdPI.js:19
[ 3472198ms] [ERROR] Failed to load resource: net::ERR_CONNECTION_REFUSED @ http://localhost:8501/_stcore/host-config:0
[ 3476550ms] [ERROR] Failed to load resource: net::ERR_CONNECTION_REFUSED @ http://localhost:8501/_stcore/health:0
[ 3476550ms] [ERROR] Client Error in reaching server endpoint - No response received when attempting to reach /_stcore/health @ http://localhost:8501/static/js/index.k-9rUdPI.js:19
[ 3476551ms] [ERROR] Failed to load resource: net::ERR_CONNECTION_REFUSED @ http://localhost:8501/_stcore/host-config:0
[ 3480916ms] [ERROR] Failed to load resource: net::ERR_CONNECTION_REFUSED @ http://localhost:8501/_stcore/health:0
[ 3480916ms] [ERROR] Client Error in reaching server endpoint - No response received when attempting to reach /_stcore/health @ http://localhost:8501/static/js/index.k-9rUdPI.js:19
[ 3480917ms] [ERROR] Failed to load resource: net::ERR_CONNECTION_REFUSED @ http://localhost:8501/_stcore/host-config:0
[ 3485260ms] [ERROR] Failed to load resource: net::ERR_CONNECTION_REFUSED @ http://localhost:8501/_stcore/health:0
[ 3485260ms] [ERROR] Client Error in reaching server endpoint - No response received when attempting to reach /_stcore/health @ http://localhost:8501/static/js/index.k-9rUdPI.js:19
[ 3485262ms] [ERROR] Failed to load resource: net::ERR_CONNECTION_REFUSED @ http://localhost:8501/_stcore/host-config:0
[ 3489606ms] [ERROR] Failed to load resource: net::ERR_CONNECTION_REFUSED @ http://localhost:8501/_stcore/health:0
[ 3489607ms] [ERROR] Client Error in reaching server endpoint - No response received when attempting to reach /_stcore/health @ http://localhost:8501/static/js/index.k-9rUdPI.js:19
[ 3489625ms] [ERROR] Failed to load resource: net::ERR_CONNECTION_REFUSED @ http://localhost:8501/_stcore/host-config:0
[ 3493968ms] [ERROR] Failed to load resource: net::ERR_CONNECTION_REFUSED @ http://localhost:8501/_stcore/health:0
[ 3493969ms] [ERROR] Client Error in reaching server endpoint - No response received when attempting to reach /_stcore/health @ http://localhost:8501/static/js/index.k-9rUdPI.js:19
[ 3493970ms] [ERROR] Failed to load resource: net::ERR_CONNECTION_REFUSED @ http://localhost:8501/_stcore/host-config:0
[ 3498319ms] [ERROR] Failed to load resource: net::ERR_CONNECTION_REFUSED @ http://localhost:8501/_stcore/health:0
[ 3498319ms] [ERROR] Client Error in reaching server endpoint - No response received when attempting to reach /_stcore/health @ http://localhost:8501/static/js/index.k-9rUdPI.js:19
[ 3498334ms] [ERROR] Failed to load resource: net::ERR_CONNECTION_REFUSED @ http://localhost:8501/_stcore/host-config:0
[ 3502677ms] [ERROR] Failed to load resource: net::ERR_CONNECTION_REFUSED @ http://localhost:8501/_stcore/health:0
[ 3502677ms] [ERROR] Client Error in reaching server endpoint - No response received when attempting to reach /_stcore/health @ http://localhost:8501/static/js/index.k-9rUdPI.js:19
[ 3502678ms] [ERROR] Failed to load resource: net::ERR_CONNECTION_REFUSED @ http://localhost:8501/_stcore/host-config:0
[ 3507003ms] [ERROR] Failed to load resource: net::ERR_CONNECTION_REFUSED @ http://localhost:8501/_stcore/health:0
[ 3507003ms] [ERROR] Client Error in reaching server endpoint - No response received when attempting to reach /_stcore/health @ http://localhost:8501/static/js/index.k-9rUdPI.js:19
[ 3507004ms] [ERROR] Failed to load resource: net::ERR_CONNECTION_REFUSED @ http://localhost:8501/_stcore/host-config:0
[ 3511369ms] [ERROR] Failed to load resource: net::ERR_CONNECTION_REFUSED @ http://localhost:8501/_stcore/health:0
[ 3511369ms] [ERROR] Client Error in reaching server endpoint - No response received when attempting to reach /_stcore/health @ http://localhost:8501/static/js/index.k-9rUdPI.js:19
[ 3511371ms] [ERROR] Failed to load resource: net::ERR_CONNECTION_REFUSED @ http://localhost:8501/_stcore/host-config:0
[ 3515729ms] [ERROR] Failed to load resource: net::ERR_CONNECTION_REFUSED @ http://localhost:8501/_stcore/health:0
[ 3515729ms] [ERROR] Client Error in reaching server endpoint - No response received when attempting to reach /_stcore/health @ http://localhost:8501/static/js/index.k-9rUdPI.js:19
[ 3515730ms] [ERROR] Failed to load resource: net::ERR_CONNECTION_REFUSED @ http://localhost:8501/_stcore/host-config:0
[ 3520086ms] [ERROR] Failed to load resource: net::ERR_CONNECTION_REFUSED @ http://localhost:8501/_stcore/health:0
[ 3520086ms] [ERROR] Client Error in reaching server endpoint - No response received when attempting to reach /_stcore/health @ http://localhost:8501/static/js/index.k-9rUdPI.js:19
[ 3520087ms] [ERROR] Failed to load resource: net::ERR_CONNECTION_REFUSED @ http://localhost:8501/_stcore/host-config:0
[ 3524432ms] [ERROR] Failed to load resource: net::ERR_CONNECTION_REFUSED @ http://localhost:8501/_stcore/health:0
[ 3524432ms] [ERROR] Client Error in reaching server endpoint - No response received when attempting to reach /_stcore/health @ http://localhost:8501/static/js/index.k-9rUdPI.js:19
[ 3524434ms] [ERROR] Failed to load resource: net::ERR_CONNECTION_REFUSED @ http://localhost:8501/_stcore/host-config:0
[ 3528774ms] [ERROR] Failed to load resource: net::ERR_CONNECTION_REFUSED @ http://localhost:8501/_stcore/health:0
[ 3528774ms] [ERROR] Client Error in reaching server endpoint - No response received when attempting to reach /_stcore/health @ http://localhost:8501/static/js/index.k-9rUdPI.js:19
[ 3528784ms] [ERROR] Failed to load resource: net::ERR_CONNECTION_REFUSED @ http://localhost:8501/_stcore/host-config:0
[ 3533135ms] [ERROR] Failed to load resource: net::ERR_CONNECTION_REFUSED @ http://localhost:8501/_stcore/health:0
[ 3533135ms] [ERROR] Client Error in reaching server endpoint - No response received when attempting to reach /_stcore/health @ http://localhost:8501/static/js/index.k-9rUdPI.js:19
[ 3533137ms] [ERROR] Failed to load resource: net::ERR_CONNECTION_REFUSED @ http://localhost:8501/_stcore/host-config:0
[ 3537484ms] [ERROR] Failed to load resource: net::ERR_CONNECTION_REFUSED @ http://localhost:8501/_stcore/health:0
[ 3537484ms] [ERROR] Client Error in reaching server endpoint - No response received when attempting to reach /_stcore/health @ http://localhost:8501/static/js/index.k-9rUdPI.js:19
[ 3537499ms] [ERROR] Failed to load resource: net::ERR_CONNECTION_REFUSED @ http://localhost:8501/_stcore/host-config:0
[ 3541838ms] [ERROR] Failed to load resource: net::ERR_CONNECTION_REFUSED @ http://localhost:8501/_stcore/health:0
[ 3541838ms] [ERROR] Client Error in reaching server endpoint - No response received when attempting to reach /_stcore/health @ http://localhost:8501/static/js/index.k-9rUdPI.js:19
[ 3541839ms] [ERROR] Failed to load resource: net::ERR_CONNECTION_REFUSED @ http://localhost:8501/_stcore/host-config:0
[ 3546212ms] [ERROR] Failed to load resource: net::ERR_CONNECTION_REFUSED @ http://localhost:8501/_stcore/health:0
[ 3546212ms] [ERROR] Client Error in reaching server endpoint - No response received when attempting to reach /_stcore/health @ http://localhost:8501/static/js/index.k-9rUdPI.js:19
[ 3546213ms] [ERROR] Failed to load resource: net::ERR_CONNECTION_REFUSED @ http://localhost:8501/_stcore/host-config:0
[ 3550595ms] [ERROR] Failed to load resource: net::ERR_CONNECTION_REFUSED @ http://localhost:8501/_stcore/health:0
[ 3550595ms] [ERROR] Client Error in reaching server endpoint - No response received when attempting to reach /_stcore/health @ http://localhost:8501/static/js/index.k-9rUdPI.js:19
[ 3550596ms] [ERROR] Failed to load resource: net::ERR_CONNECTION_REFUSED @ http://localhost:8501/_stcore/host-config:0
[ 3554949ms] [ERROR] Failed to load resource: net::ERR_CONNECTION_REFUSED @ http://localhost:8501/_stcore/health:0
[ 3554950ms] [ERROR] Client Error in reaching server endpoint - No response received when attempting to reach /_stcore/health @ http://localhost:8501/static/js/index.k-9rUdPI.js:19
[ 3554951ms] [ERROR] Failed to load resource: net::ERR_CONNECTION_REFUSED @ http://localhost:8501/_stcore/host-config:0
[ 3559308ms] [ERROR] Failed to load resource: net::ERR_CONNECTION_REFUSED @ http://localhost:8501/_stcore/health:0
[ 3559308ms] [ERROR] Client Error in reaching server endpoint - No response received when attempting to reach /_stcore/health @ http://localhost:8501/static/js/index.k-9rUdPI.js:19
[ 3559309ms] [ERROR] Failed to load resource: net::ERR_CONNECTION_REFUSED @ http://localhost:8501/_stcore/host-config:0
[ 3563665ms] [ERROR] Failed to load resource: net::ERR_CONNECTION_REFUSED @ http://localhost:8501/_stcore/health:0
[ 3563665ms] [ERROR] Client Error in reaching server endpoint - No response received when attempting to reach /_stcore/health @ http://localhost:8501/static/js/index.k-9rUdPI.js:19
[ 3563667ms] [ERROR] Failed to load resource: net::ERR_CONNECTION_REFUSED @ http://localhost:8501/_stcore/host-config:0
[ 3567995ms] [ERROR] Failed to load resource: net::ERR_CONNECTION_REFUSED @ http://localhost:8501/_stcore/health:0
[ 3567996ms] [ERROR] Client Error in reaching server endpoint - No response received when attempting to reach /_stcore/health @ http://localhost:8501/static/js/index.k-9rUdPI.js:19
[ 3567997ms] [ERROR] Failed to load resource: net::ERR_CONNECTION_REFUSED @ http://localhost:8501/_stcore/host-config:0
[ 3572346ms] [ERROR] Failed to load resource: net::ERR_CONNECTION_REFUSED @ http://localhost:8501/_stcore/health:0
[ 3572346ms] [ERROR] Client Error in reaching server endpoint - No response received when attempting to reach /_stcore/health @ http://localhost:8501/static/js/index.k-9rUdPI.js:19
[ 3572347ms] [ERROR] Failed to load resource: net::ERR_CONNECTION_REFUSED @ http://localhost:8501/_stcore/host-config:0
[ 3576682ms] [ERROR] Failed to load resource: net::ERR_CONNECTION_REFUSED @ http://localhost:8501/_stcore/health:0
[ 3576682ms] [ERROR] Client Error in reaching server endpoint - No response received when attempting to reach /_stcore/health @ http://localhost:8501/static/js/index.k-9rUdPI.js:19
[ 3576698ms] [ERROR] Failed to load resource: net::ERR_CONNECTION_REFUSED @ http://localhost:8501/_stcore/host-config:0
[ 3581046ms] [ERROR] Failed to load resource: net::ERR_CONNECTION_REFUSED @ http://localhost:8501/_stcore/health:0
[ 3581046ms] [ERROR] Client Error in reaching server endpoint - No response received when attempting to reach /_stcore/health @ http://localhost:8501/static/js/index.k-9rUdPI.js:19
[ 3581047ms] [ERROR] Failed to load resource: net::ERR_CONNECTION_REFUSED @ http://localhost:8501/_stcore/host-config:0
[ 3585387ms] [ERROR] Failed to load resource: net::ERR_CONNECTION_REFUSED @ http://localhost:8501/_stcore/health:0
[ 3585387ms] [ERROR] Client Error in reaching server endpoint - No response received when attempting to reach /_stcore/health @ http://localhost:8501/static/js/index.k-9rUdPI.js:19
[ 3585388ms] [ERROR] Failed to load resource: net::ERR_CONNECTION_REFUSED @ http://localhost:8501/_stcore/host-config:0
[ 3589744ms] [ERROR] Failed to load resource: net::ERR_CONNECTION_REFUSED @ http://localhost:8501/_stcore/health:0
[ 3589744ms] [ERROR] Client Error in reaching server endpoint - No response received when attempting to reach /_stcore/health @ http://localhost:8501/static/js/index.k-9rUdPI.js:19
[ 3589745ms] [ERROR] Failed to load resource: net::ERR_CONNECTION_REFUSED @ http://localhost:8501/_stcore/host-config:0
[ 3594093ms] [ERROR] Failed to load resource: net::ERR_CONNECTION_REFUSED @ http://localhost:8501/_stcore/health:0
[ 3594093ms] [ERROR] Client Error in reaching server endpoint - No response received when attempting to reach /_stcore/health @ http://localhost:8501/static/js/index.k-9rUdPI.js:19
[ 3594094ms] [ERROR] Failed to load resource: net::ERR_CONNECTION_REFUSED @ http://localhost:8501/_stcore/host-config:0
[ 3598446ms] [ERROR] Failed to load resource: net::ERR_CONNECTION_REFUSED @ http://localhost:8501/_stcore/health:0
[ 3598446ms] [ERROR] Client Error in reaching server endpoint - No response received when attempting to reach /_stcore/health @ http://localhost:8501/static/js/index.k-9rUdPI.js:19
[ 3598451ms] [ERROR] Failed to load resource: net::ERR_CONNECTION_REFUSED @ http://localhost:8501/_stcore/host-config:0
[ 3602793ms] [ERROR] Failed to load resource: net::ERR_CONNECTION_REFUSED @ http://localhost:8501/_stcore/health:0
[ 3602793ms] [ERROR] Client Error in reaching server endpoint - No response received when attempting to reach /_stcore/health @ http://localhost:8501/static/js/index.k-9rUdPI.js:19
[ 3602808ms] [ERROR] Failed to load resource: net::ERR_CONNECTION_REFUSED @ http://localhost:8501/_stcore/host-config:0
[ 3607181ms] [ERROR] Failed to load resource: net::ERR_CONNECTION_REFUSED @ http://localhost:8501/_stcore/health:0
[ 3607182ms] [ERROR] Client Error in reaching server endpoint - No response received when attempting to reach /_stcore/health @ http://localhost:8501/static/js/index.k-9rUdPI.js:19
[ 3607183ms] [ERROR] Failed to load resource: net::ERR_CONNECTION_REFUSED @ http://localhost:8501/_stcore/host-config:0
[ 3611555ms] [ERROR] Failed to load resource: net::ERR_CONNECTION_REFUSED @ http://localhost:8501/_stcore/health:0
[ 3611556ms] [ERROR] Client Error in reaching server endpoint - No response received when attempting to reach /_stcore/health @ http://localhost:8501/static/js/index.k-9rUdPI.js:19
[ 3611557ms] [ERROR] Failed to load resource: net::ERR_CONNECTION_REFUSED @ http://localhost:8501/_stcore/host-config:0
[ 3615904ms] [ERROR] Failed to load resource: net::ERR_CONNECTION_REFUSED @ http://localhost:8501/_stcore/health:0
[ 3615904ms] [ERROR] Client Error in reaching server endpoint - No response received when attempting to reach /_stcore/health @ http://localhost:8501/static/js/index.k-9rUdPI.js:19
[ 3615931ms] [ERROR] Failed to load resource: net::ERR_CONNECTION_REFUSED @ http://localhost:8501/_stcore/host-config:0
[ 3620274ms] [ERROR] Failed to load resource: net::ERR_CONNECTION_REFUSED @ http://localhost:8501/_stcore/health:0
[ 3620274ms] [ERROR] Client Error in reaching server endpoint - No response received when attempting to reach /_stcore/health @ http://localhost:8501/static/js/index.k-9rUdPI.js:19
[ 3620275ms] [ERROR] Failed to load resource: net::ERR_CONNECTION_REFUSED @ http://localhost:8501/_stcore/host-config:0
[ 3624649ms] [ERROR] Failed to load resource: net::ERR_CONNECTION_REFUSED @ http://localhost:8501/_stcore/health:0
[ 3624649ms] [ERROR] Client Error in reaching server endpoint - No response received when attempting to reach /_stcore/health @ http://localhost:8501/static/js/index.k-9rUdPI.js:19
[ 3624654ms] [ERROR] Failed to load resource: net::ERR_CONNECTION_REFUSED @ http://localhost:8501/_stcore/host-config:0
[ 3628992ms] [ERROR] Failed to load resource: net::ERR_CONNECTION_REFUSED @ http://localhost:8501/_stcore/health:0
[ 3628992ms] [ERROR] Client Error in reaching server endpoint - No response received when attempting to reach /_stcore/health @ http://localhost:8501/static/js/index.k-9rUdPI.js:19
[ 3628993ms] [ERROR] Failed to load resource: net::ERR_CONNECTION_REFUSED @ http://localhost:8501/_stcore/host-config:0
[ 3633344ms] [ERROR] Failed to load resource: net::ERR_CONNECTION_REFUSED @ http://localhost:8501/_stcore/health:0
[ 3633345ms] [ERROR] Client Error in reaching server endpoint - No response received when attempting to reach /_stcore/health @ http://localhost:8501/static/js/index.k-9rUdPI.js:19
[ 3633345ms] [ERROR] Failed to load resource: net::ERR_CONNECTION_REFUSED @ http://localhost:8501/_stcore/host-config:0
[ 3637696ms] [ERROR] Failed to load resource: net::ERR_CONNECTION_REFUSED @ http://localhost:8501/_stcore/health:0
[ 3637696ms] [ERROR] Client Error in reaching server endpoint - No response received when attempting to reach /_stcore/health @ http://localhost:8501/static/js/index.k-9rUdPI.js:19
[ 3637698ms] [ERROR] Failed to load resource: net::ERR_CONNECTION_REFUSED @ http://localhost:8501/_stcore/host-config:0
[ 3642057ms] [ERROR] Failed to load resource: net::ERR_CONNECTION_REFUSED @ http://localhost:8501/_stcore/health:0
[ 3642057ms] [ERROR] Client Error in reaching server endpoint - No response received when attempting to reach /_stcore/health @ http://localhost:8501/static/js/index.k-9rUdPI.js:19
[ 3642057ms] [ERROR] Failed to load resource: net::ERR_CONNECTION_REFUSED @ http://localhost:8501/_stcore/host-config:0
[ 3646415ms] [ERROR] Failed to load resource: net::ERR_CONNECTION_REFUSED @ http://localhost:8501/_stcore/health:0
[ 3646415ms] [ERROR] Client Error in reaching server endpoint - No response received when attempting to reach /_stcore/health @ http://localhost:8501/static/js/index.k-9rUdPI.js:19
[ 3646416ms] [ERROR] Failed to load resource: net::ERR_CONNECTION_REFUSED @ http://localhost:8501/_stcore/host-config:0
[ 3650779ms] [ERROR] Failed to load resource: net::ERR_CONNECTION_REFUSED @ http://localhost:8501/_stcore/health:0
[ 3650779ms] [ERROR] Client Error in reaching server endpoint - No response received when attempting to reach /_stcore/health @ http://localhost:8501/static/js/index.k-9rUdPI.js:19
[ 3650781ms] [ERROR] Failed to load resource: net::ERR_CONNECTION_REFUSED @ http://localhost:8501/_stcore/host-config:0
[ 3655149ms] [ERROR] Failed to load resource: net::ERR_CONNECTION_REFUSED @ http://localhost:8501/_stcore/health:0
[ 3655149ms] [ERROR] Client Error in reaching server endpoint - No response received when attempting to reach /_stcore/health @ http://localhost:8501/static/js/index.k-9rUdPI.js:19
[ 3655150ms] [ERROR] Failed to load resource: net::ERR_CONNECTION_REFUSED @ http://localhost:8501/_stcore/host-config:0
[ 3659510ms] [ERROR] Failed to load resource: net::ERR_CONNECTION_REFUSED @ http://localhost:8501/_stcore/health:0
[ 3659511ms] [ERROR] Client Error in reaching server endpoint - No response received when attempting to reach /_stcore/health @ http://localhost:8501/static/js/index.k-9rUdPI.js:19
[ 3659511ms] [ERROR] Failed to load resource: net::ERR_CONNECTION_REFUSED @ http://localhost:8501/_stcore/host-config:0
[ 3663854ms] [ERROR] Failed to load resource: net::ERR_CONNECTION_REFUSED @ http://localhost:8501/_stcore/health:0
[ 3663854ms] [ERROR] Client Error in reaching server endpoint - No response received when attempting to reach /_stcore/health @ http://localhost:8501/static/js/index.k-9rUdPI.js:19
[ 3663855ms] [ERROR] Failed to load resource: net::ERR_CONNECTION_REFUSED @ http://localhost:8501/_stcore/host-config:0
[ 3668226ms] [ERROR] Failed to load resource: net::ERR_CONNECTION_REFUSED @ http://localhost:8501/_stcore/health:0
[ 3668226ms] [ERROR] Client Error in reaching server endpoint - No response received when attempting to reach /_stcore/health @ http://localhost:8501/static/js/index.k-9rUdPI.js:19
[ 3668227ms] [ERROR] Failed to load resource: net::ERR_CONNECTION_REFUSED @ http://localhost:8501/_stcore/host-config:0
[ 3672588ms] [ERROR] Failed to load resource: net::ERR_CONNECTION_REFUSED @ http://localhost:8501/_stcore/health:0
[ 3672588ms] [ERROR] Client Error in reaching server endpoint - No response received when attempting to reach /_stcore/health @ http://localhost:8501/static/js/index.k-9rUdPI.js:19
[ 3672588ms] [ERROR] Failed to load resource: net::ERR_CONNECTION_REFUSED @ http://localhost:8501/_stcore/host-config:0
[ 3676946ms] [ERROR] Failed to load resource: net::ERR_CONNECTION_REFUSED @ http://localhost:8501/_stcore/health:0
[ 3676946ms] [ERROR] Client Error in reaching server endpoint - No response received when attempting to reach /_stcore/health @ http://localhost:8501/static/js/index.k-9rUdPI.js:19
[ 3676948ms] [ERROR] Failed to load resource: net::ERR_CONNECTION_REFUSED @ http://localhost:8501/_stcore/host-config:0
[ 3681293ms] [ERROR] Failed to load resource: net::ERR_CONNECTION_REFUSED @ http://localhost:8501/_stcore/health:0
[ 3681293ms] [ERROR] Client Error in reaching server endpoint - No response received when attempting to reach /_stcore/health @ http://localhost:8501/static/js/index.k-9rUdPI.js:19
[ 3681294ms] [ERROR] Failed to load resource: net::ERR_CONNECTION_REFUSED @ http://localhost:8501/_stcore/host-config:0
[ 3685652ms] [ERROR] Failed to load resource: net::ERR_CONNECTION_REFUSED @ http://localhost:8501/_stcore/health:0
[ 3685652ms] [ERROR] Client Error in reaching server endpoint - No response received when attempting to reach /_stcore/health @ http://localhost:8501/static/js/index.k-9rUdPI.js:19
[ 3685653ms] [ERROR] Failed to load resource: net::ERR_CONNECTION_REFUSED @ http://localhost:8501/_stcore/host-config:0
[ 3690241ms] [ERROR] Failed to load resource: net::ERR_CONNECTION_REFUSED @ http://localhost:8501/_stcore/health:0
[ 3690241ms] [ERROR] Client Error in reaching server endpoint - No response received when attempting to reach /_stcore/health @ http://localhost:8501/static/js/index.k-9rUdPI.js:19
[ 3690243ms] [ERROR] Failed to load resource: net::ERR_CONNECTION_REFUSED @ http://localhost:8501/_stcore/host-config:0
[ 3694617ms] [ERROR] Failed to load resource: net::ERR_CONNECTION_REFUSED @ http://localhost:8501/_stcore/health:0
[ 3694617ms] [ERROR] Client Error in reaching server endpoint - No response received when attempting to reach /_stcore/health @ http://localhost:8501/static/js/index.k-9rUdPI.js:19
[ 3694618ms] [ERROR] Failed to load resource: net::ERR_CONNECTION_REFUSED @ http://localhost:8501/_stcore/host-config:0
[ 3698991ms] [ERROR] Failed to load resource: net::ERR_CONNECTION_REFUSED @ http://localhost:8501/_stcore/health:0
[ 3698992ms] [ERROR] Client Error in reaching server endpoint - No response received when attempting to reach /_stcore/health @ http://localhost:8501/static/js/index.k-9rUdPI.js:19
[ 3698993ms] [ERROR] Failed to load resource: net::ERR_CONNECTION_REFUSED @ http://localhost:8501/_stcore/host-config:0
[ 3703353ms] [ERROR] Failed to load resource: net::ERR_CONNECTION_REFUSED @ http://localhost:8501/_stcore/health:0
[ 3703353ms] [ERROR] Client Error in reaching server endpoint - No response received when attempting to reach /_stcore/health @ http://localhost:8501/static/js/index.k-9rUdPI.js:19
[ 3703354ms] [ERROR] Failed to load resource: net::ERR_CONNECTION_REFUSED @ http://localhost:8501/_stcore/host-config:0
[ 3707712ms] [ERROR] Failed to load resource: net::ERR_CONNECTION_REFUSED @ http://localhost:8501/_stcore/health:0
[ 3707712ms] [ERROR] Client Error in reaching server endpoint - No response received when attempting to reach /_stcore/health @ http://localhost:8501/static/js/index.k-9rUdPI.js:19
[ 3707713ms] [ERROR] Failed to load resource: net::ERR_CONNECTION_REFUSED @ http://localhost:8501/_stcore/host-config:0
[ 3712071ms] [ERROR] Failed to load resource: net::ERR_CONNECTION_REFUSED @ http://localhost:8501/_stcore/health:0
[ 3712072ms] [ERROR] Client Error in reaching server endpoint - No response received when attempting to reach /_stcore/health @ http://localhost:8501/static/js/index.k-9rUdPI.js:19
[ 3712087ms] [ERROR] Failed to load resource: net::ERR_CONNECTION_REFUSED @ http://localhost:8501/_stcore/host-config:0
[ 3716439ms] [ERROR] Failed to load resource: net::ERR_CONNECTION_REFUSED @ http://localhost:8501/_stcore/health:0
[ 3716439ms] [ERROR] Client Error in reaching server endpoint - No response received when attempting to reach /_stcore/health @ http://localhost:8501/static/js/index.k-9rUdPI.js:19
[ 3716440ms] [ERROR] Failed to load resource: net::ERR_CONNECTION_REFUSED @ http://localhost:8501/_stcore/host-config:0
[ 3720802ms] [ERROR] Failed to load resource: net::ERR_CONNECTION_REFUSED @ http://localhost:8501/_stcore/health:0
[ 3720802ms] [ERROR] Client Error in reaching server endpoint - No response received when attempting to reach /_stcore/health @ http://localhost:8501/static/js/index.k-9rUdPI.js:19
[ 3720803ms] [ERROR] Failed to load resource: net::ERR_CONNECTION_REFUSED @ http://localhost:8501/_stcore/host-config:0
[ 3725151ms] [ERROR] Failed to load resource: net::ERR_CONNECTION_REFUSED @ http://localhost:8501/_stcore/health:0
[ 3725151ms] [ERROR] Client Error in reaching server endpoint - No response received when attempting to reach /_stcore/health @ http://localhost:8501/static/js/index.k-9rUdPI.js:19
[ 3725167ms] [ERROR] Failed to load resource: net::ERR_CONNECTION_REFUSED @ http://localhost:8501/_stcore/host-config:0
[ 3729492ms] [ERROR] Failed to load resource: net::ERR_CONNECTION_REFUSED @ http://localhost:8501/_stcore/health:0
[ 3729492ms] [ERROR] Client Error in reaching server endpoint - No response received when attempting to reach /_stcore/health @ http://localhost:8501/static/js/index.k-9rUdPI.js:19
[ 3729508ms] [ERROR] Failed to load resource: net::ERR_CONNECTION_REFUSED @ http://localhost:8501/_stcore/host-config:0
[ 3733842ms] [ERROR] Failed to load resource: net::ERR_CONNECTION_REFUSED @ http://localhost:8501/_stcore/health:0
[ 3733842ms] [ERROR] Client Error in reaching server endpoint - No response received when attempting to reach /_stcore/health @ http://localhost:8501/static/js/index.k-9rUdPI.js:19
[ 3733843ms] [ERROR] Failed to load resource: net::ERR_CONNECTION_REFUSED @ http://localhost:8501/_stcore/host-config:0
[ 3738206ms] [ERROR] Failed to load resource: net::ERR_CONNECTION_REFUSED @ http://localhost:8501/_stcore/health:0
[ 3738206ms] [ERROR] Client Error in reaching server endpoint - No response received when attempting to reach /_stcore/health @ http://localhost:8501/static/js/index.k-9rUdPI.js:19
[ 3738207ms] [ERROR] Failed to load resource: net::ERR_CONNECTION_REFUSED @ http://localhost:8501/_stcore/host-config:0
[ 3742571ms] [ERROR] Failed to load resource: net::ERR_CONNECTION_REFUSED @ http://localhost:8501/_stcore/health:0
[ 3742571ms] [ERROR] Client Error in reaching server endpoint - No response received when attempting to reach /_stcore/health @ http://localhost:8501/static/js/index.k-9rUdPI.js:19
[ 3742572ms] [ERROR] Failed to load resource: net::ERR_CONNECTION_REFUSED @ http://localhost:8501/_stcore/host-config:0
[ 3746934ms] [ERROR] Failed to load resource: net::ERR_CONNECTION_REFUSED @ http://localhost:8501/_stcore/health:0
[ 3746934ms] [ERROR] Client Error in reaching server endpoint - No response received when attempting to reach /_stcore/health @ http://localhost:8501/static/js/index.k-9rUdPI.js:19
[ 3746935ms] [ERROR] Failed to load resource: net::ERR_CONNECTION_REFUSED @ http://localhost:8501/_stcore/host-config:0
[ 3751305ms] [ERROR] Failed to load resource: net::ERR_CONNECTION_REFUSED @ http://localhost:8501/_stcore/health:0
[ 3751305ms] [ERROR] Client Error in reaching server endpoint - No response received when attempting to reach /_stcore/health @ http://localhost:8501/static/js/index.k-9rUdPI.js:19
[ 3751306ms] [ERROR] Failed to load resource: net::ERR_CONNECTION_REFUSED @ http://localhost:8501/_stcore/host-config:0
[ 3755669ms] [ERROR] Failed to load resource: net::ERR_CONNECTION_REFUSED @ http://localhost:8501/_stcore/health:0
[ 3755669ms] [ERROR] Client Error in reaching server endpoint - No response received when attempting to reach /_stcore/health @ http://localhost:8501/static/js/index.k-9rUdPI.js:19
[ 3755685ms] [ERROR] Failed to load resource: net::ERR_CONNECTION_REFUSED @ http://localhost:8501/_stcore/host-config:0
[ 3760025ms] [ERROR] Failed to load resource: net::ERR_CONNECTION_REFUSED @ http://localhost:8501/_stcore/health:0
[ 3760025ms] [ERROR] Client Error in reaching server endpoint - No response received when attempting to reach /_stcore/health @ http://localhost:8501/static/js/index.k-9rUdPI.js:19
[ 3760027ms] [ERROR] Failed to load resource: net::ERR_CONNECTION_REFUSED @ http://localhost:8501/_stcore/host-config:0
[ 3764382ms] [ERROR] Failed to load resource: net::ERR_CONNECTION_REFUSED @ http://localhost:8501/_stcore/health:0
[ 3764383ms] [ERROR] Client Error in reaching server endpoint - No response received when attempting to reach /_stcore/health @ http://localhost:8501/static/js/index.k-9rUdPI.js:19
[ 3764384ms] [ERROR] Failed to load resource: net::ERR_CONNECTION_REFUSED @ http://localhost:8501/_stcore/host-config:0
[ 3768743ms] [ERROR] Failed to load resource: net::ERR_CONNECTION_REFUSED @ http://localhost:8501/_stcore/health:0
[ 3768743ms] [ERROR] Client Error in reaching server endpoint - No response received when attempting to reach /_stcore/health @ http://localhost:8501/static/js/index.k-9rUdPI.js:19
[ 3768744ms] [ERROR] Failed to load resource: net::ERR_CONNECTION_REFUSED @ http://localhost:8501/_stcore/host-config:0
[ 3773090ms] [ERROR] Failed to load resource: net::ERR_CONNECTION_REFUSED @ http://localhost:8501/_stcore/health:0
[ 3773090ms] [ERROR] Client Error in reaching server endpoint - No response received when attempting to reach /_stcore/health @ http://localhost:8501/static/js/index.k-9rUdPI.js:19
[ 3773132ms] [ERROR] Failed to load resource: net::ERR_CONNECTION_REFUSED @ http://localhost:8501/_stcore/host-config:0
[ 3777596ms] [ERROR] Failed to load resource: net::ERR_CONNECTION_REFUSED @ http://localhost:8501/_stcore/health:0
[ 3777596ms] [ERROR] Client Error in reaching server endpoint - No response received when attempting to reach /_stcore/health @ http://localhost:8501/static/js/index.k-9rUdPI.js:19
[ 3777597ms] [ERROR] Failed to load resource: net::ERR_CONNECTION_REFUSED @ http://localhost:8501/_stcore/host-config:0
[ 3781948ms] [ERROR] Failed to load resource: net::ERR_CONNECTION_REFUSED @ http://localhost:8501/_stcore/health:0
[ 3781948ms] [ERROR] Client Error in reaching server endpoint - No response received when attempting to reach /_stcore/health @ http://localhost:8501/static/js/index.k-9rUdPI.js:19
[ 3781949ms] [ERROR] Failed to load resource: net::ERR_CONNECTION_REFUSED @ http://localhost:8501/_stcore/host-config:0
[ 3786289ms] [ERROR] Failed to load resource: net::ERR_CONNECTION_REFUSED @ http://localhost:8501/_stcore/health:0
[ 3786290ms] [ERROR] Client Error in reaching server endpoint - No response received when attempting to reach /_stcore/health @ http://localhost:8501/static/js/index.k-9rUdPI.js:19
[ 3786291ms] [ERROR] Failed to load resource: net::ERR_CONNECTION_REFUSED @ http://localhost:8501/_stcore/host-config:0
[ 3790638ms] [ERROR] Failed to load resource: net::ERR_CONNECTION_REFUSED @ http://localhost:8501/_stcore/health:0
[ 3790638ms] [ERROR] Client Error in reaching server endpoint - No response received when attempting to reach /_stcore/health @ http://localhost:8501/static/js/index.k-9rUdPI.js:19
[ 3790640ms] [ERROR] Failed to load resource: net::ERR_CONNECTION_REFUSED @ http://localhost:8501/_stcore/host-config:0
[ 3794994ms] [ERROR] Failed to load resource: net::ERR_CONNECTION_REFUSED @ http://localhost:8501/_stcore/health:0
[ 3794994ms] [ERROR] Client Error in reaching server endpoint - No response received when attempting to reach /_stcore/health @ http://localhost:8501/static/js/index.k-9rUdPI.js:19
[ 3795009ms] [ERROR] Failed to load resource: net::ERR_CONNECTION_REFUSED @ http://localhost:8501/_stcore/host-config:0
[ 3799336ms] [ERROR] Failed to load resource: net::ERR_CONNECTION_REFUSED @ http://localhost:8501/_stcore/health:0
[ 3799336ms] [ERROR] Client Error in reaching server endpoint - No response received when attempting to reach /_stcore/health @ http://localhost:8501/static/js/index.k-9rUdPI.js:19
[ 3799351ms] [ERROR] Failed to load resource: net::ERR_CONNECTION_REFUSED @ http://localhost:8501/_stcore/host-config:0
[ 3803710ms] [ERROR] Failed to load resource: net::ERR_CONNECTION_REFUSED @ http://localhost:8501/_stcore/health:0
[ 3803710ms] [ERROR] Client Error in reaching server endpoint - No response received when attempting to reach /_stcore/health @ http://localhost:8501/static/js/index.k-9rUdPI.js:19
[ 3803712ms] [ERROR] Failed to load resource: net::ERR_CONNECTION_REFUSED @ http://localhost:8501/_stcore/host-config:0
[ 3808057ms] [ERROR] Failed to load resource: net::ERR_CONNECTION_REFUSED @ http://localhost:8501/_stcore/health:0
[ 3808057ms] [ERROR] Client Error in reaching server endpoint - No response received when attempting to reach /_stcore/health @ http://localhost:8501/static/js/index.k-9rUdPI.js:19
[ 3808072ms] [ERROR] Failed to load resource: net::ERR_CONNECTION_REFUSED @ http://localhost:8501/_stcore/host-config:0
[ 3812401ms] [ERROR] Failed to load resource: net::ERR_CONNECTION_REFUSED @ http://localhost:8501/_stcore/health:0
[ 3812401ms] [ERROR] Client Error in reaching server endpoint - No response received when attempting to reach /_stcore/health @ http://localhost:8501/static/js/index.k-9rUdPI.js:19
[ 3812404ms] [ERROR] Failed to load resource: net::ERR_CONNECTION_REFUSED @ http://localhost:8501/_stcore/host-config:0
[ 3816837ms] [ERROR] Failed to load resource: net::ERR_CONNECTION_REFUSED @ http://localhost:8501/_stcore/health:0
[ 3816837ms] [ERROR] Client Error in reaching server endpoint - No response received when attempting to reach /_stcore/health @ http://localhost:8501/static/js/index.k-9rUdPI.js:19
[ 3816916ms] [ERROR] Failed to load resource: net::ERR_CONNECTION_REFUSED @ http://localhost:8501/_stcore/host-config:0
[ 3821181ms] [ERROR] Failed to load resource: net::ERR_CONNECTION_REFUSED @ http://localhost:8501/_stcore/health:0
[ 3821181ms] [ERROR] Client Error in reaching server endpoint - No response received when attempting to reach /_stcore/health @ http://localhost:8501/static/js/index.k-9rUdPI.js:19
[ 3821182ms] [ERROR] Failed to load resource: net::ERR_CONNECTION_REFUSED @ http://localhost:8501/_stcore/host-config:0
[ 3825540ms] [ERROR] Failed to load resource: net::ERR_CONNECTION_REFUSED @ http://localhost:8501/_stcore/health:0
[ 3825540ms] [ERROR] Client Error in reaching server endpoint - No response received when attempting to reach /_stcore/health @ http://localhost:8501/static/js/index.k-9rUdPI.js:19
[ 3825541ms] [ERROR] Failed to load resource: net::ERR_CONNECTION_REFUSED @ http://localhost:8501/_stcore/host-config:0
[ 3829915ms] [ERROR] Failed to load resource: net::ERR_CONNECTION_REFUSED @ http://localhost:8501/_stcore/health:0
[ 3829915ms] [ERROR] Client Error in reaching server endpoint - No response received when attempting to reach /_stcore/health @ http://localhost:8501/static/js/index.k-9rUdPI.js:19
[ 3829917ms] [ERROR] Failed to load resource: net::ERR_CONNECTION_REFUSED @ http://localhost:8501/_stcore/host-config:0
[ 3834287ms] [ERROR] Failed to load resource: net::ERR_CONNECTION_REFUSED @ http://localhost:8501/_stcore/health:0
[ 3834287ms] [ERROR] Client Error in reaching server endpoint - No response received when attempting to reach /_stcore/health @ http://localhost:8501/static/js/index.k-9rUdPI.js:19
[ 3834288ms] [ERROR] Failed to load resource: net::ERR_CONNECTION_REFUSED @ http://localhost:8501/_stcore/host-config:0
[ 3838629ms] [ERROR] Failed to load resource: net::ERR_CONNECTION_REFUSED @ http://localhost:8501/_stcore/health:0
[ 3838629ms] [ERROR] Client Error in reaching server endpoint - No response received when attempting to reach /_stcore/health @ http://localhost:8501/static/js/index.k-9rUdPI.js:19
[ 3838630ms] [ERROR] Failed to load resource: net::ERR_CONNECTION_REFUSED @ http://localhost:8501/_stcore/host-config:0
[ 3842971ms] [ERROR] Failed to load resource: net::ERR_CONNECTION_REFUSED @ http://localhost:8501/_stcore/health:0
[ 3842971ms] [ERROR] Client Error in reaching server endpoint - No response received when attempting to reach /_stcore/health @ http://localhost:8501/static/js/index.k-9rUdPI.js:19
[ 3842986ms] [ERROR] Failed to load resource: net::ERR_CONNECTION_REFUSED @ http://localhost:8501/_stcore/host-config:0
[ 3847321ms] [ERROR] Failed to load resource: net::ERR_CONNECTION_REFUSED @ http://localhost:8501/_stcore/health:0
[ 3847321ms] [ERROR] Client Error in reaching server endpoint - No response received when attempting to reach /_stcore/health @ http://localhost:8501/static/js/index.k-9rUdPI.js:19
[ 3847322ms] [ERROR] Failed to load resource: net::ERR_CONNECTION_REFUSED @ http://localhost:8501/_stcore/host-config:0
[ 3851673ms] [ERROR] Failed to load resource: net::ERR_CONNECTION_REFUSED @ http://localhost:8501/_stcore/health:0
[ 3851673ms] [ERROR] Client Error in reaching server endpoint - No response received when attempting to reach /_stcore/health @ http://localhost:8501/static/js/index.k-9rUdPI.js:19
[ 3851674ms] [ERROR] Failed to load resource: net::ERR_CONNECTION_REFUSED @ http://localhost:8501/_stcore/host-config:0
[ 3856051ms] [ERROR] Failed to load resource: net::ERR_CONNECTION_REFUSED @ http://localhost:8501/_stcore/health:0
[ 3856051ms] [ERROR] Client Error in reaching server endpoint - No response received when attempting to reach /_stcore/health @ http://localhost:8501/static/js/index.k-9rUdPI.js:19
[ 3856053ms] [ERROR] Failed to load resource: net::ERR_CONNECTION_REFUSED @ http://localhost:8501/_stcore/host-config:0
[ 3860415ms] [ERROR] Failed to load resource: net::ERR_CONNECTION_REFUSED @ http://localhost:8501/_stcore/health:0
[ 3860415ms] [ERROR] Client Error in reaching server endpoint - No response received when attempting to reach /_stcore/health @ http://localhost:8501/static/js/index.k-9rUdPI.js:19
[ 3860417ms] [ERROR] Failed to load resource: net::ERR_CONNECTION_REFUSED @ http://localhost:8501/_stcore/host-config:0
[ 3864770ms] [ERROR] Failed to load resource: net::ERR_CONNECTION_REFUSED @ http://localhost:8501/_stcore/health:0
[ 3864770ms] [ERROR] Client Error in reaching server endpoint - No response received when attempting to reach /_stcore/health @ http://localhost:8501/static/js/index.k-9rUdPI.js:19
[ 3864772ms] [ERROR] Failed to load resource: net::ERR_CONNECTION_REFUSED @ http://localhost:8501/_stcore/host-config:0
[ 3869132ms] [ERROR] Failed to load resource: net::ERR_CONNECTION_REFUSED @ http://localhost:8501/_stcore/health:0
[ 3869133ms] [ERROR] Client Error in reaching server endpoint - No response received when attempting to reach /_stcore/health @ http://localhost:8501/static/js/index.k-9rUdPI.js:19
[ 3869134ms] [ERROR] Failed to load resource: net::ERR_CONNECTION_REFUSED @ http://localhost:8501/_stcore/host-config:0
[ 3873485ms] [ERROR] Failed to load resource: net::ERR_CONNECTION_REFUSED @ http://localhost:8501/_stcore/health:0
[ 3873485ms] [ERROR] Client Error in reaching server endpoint - No response received when attempting to reach /_stcore/health @ http://localhost:8501/static/js/index.k-9rUdPI.js:19
[ 3873487ms] [ERROR] Failed to load resource: net::ERR_CONNECTION_REFUSED @ http://localhost:8501/_stcore/host-config:0
[ 3877834ms] [ERROR] Failed to load resource: net::ERR_CONNECTION_REFUSED @ http://localhost:8501/_stcore/health:0
[ 3877834ms] [ERROR] Client Error in reaching server endpoint - No response received when attempting to reach /_stcore/health @ http://localhost:8501/static/js/index.k-9rUdPI.js:19
[ 3877836ms] [ERROR] Failed to load resource: net::ERR_CONNECTION_REFUSED @ http://localhost:8501/_stcore/host-config:0
[ 3882197ms] [ERROR] Failed to load resource: net::ERR_CONNECTION_REFUSED @ http://localhost:8501/_stcore/health:0
[ 3882197ms] [ERROR] Client Error in reaching server endpoint - No response received when attempting to reach /_stcore/health @ http://localhost:8501/static/js/index.k-9rUdPI.js:19
[ 3882213ms] [ERROR] Failed to load resource: net::ERR_CONNECTION_REFUSED @ http://localhost:8501/_stcore/host-config:0
[ 3886569ms] [ERROR] Failed to load resource: net::ERR_CONNECTION_REFUSED @ http://localhost:8501/_stcore/health:0
[ 3886569ms] [ERROR] Client Error in reaching server endpoint - No response received when attempting to reach /_stcore/health @ http://localhost:8501/static/js/index.k-9rUdPI.js:19
[ 3886570ms] [ERROR] Failed to load resource: net::ERR_CONNECTION_REFUSED @ http://localhost:8501/_stcore/host-config:0
[ 3890926ms] [ERROR] Failed to load resource: net::ERR_CONNECTION_REFUSED @ http://localhost:8501/_stcore/health:0
[ 3890926ms] [ERROR] Client Error in reaching server endpoint - No response received when attempting to reach /_stcore/health @ http://localhost:8501/static/js/index.k-9rUdPI.js:19
[ 3890928ms] [ERROR] Failed to load resource: net::ERR_CONNECTION_REFUSED @ http://localhost:8501/_stcore/host-config:0
[ 3895276ms] [ERROR] Failed to load resource: net::ERR_CONNECTION_REFUSED @ http://localhost:8501/_stcore/health:0
[ 3895276ms] [ERROR] Client Error in reaching server endpoint - No response received when attempting to reach /_stcore/health @ http://localhost:8501/static/js/index.k-9rUdPI.js:19
[ 3895292ms] [ERROR] Failed to load resource: net::ERR_CONNECTION_REFUSED @ http://localhost:8501/_stcore/host-config:0
[ 3899619ms] [ERROR] Failed to load resource: net::ERR_CONNECTION_REFUSED @ http://localhost:8501/_stcore/health:0
[ 3899619ms] [ERROR] Client Error in reaching server endpoint - No response received when attempting to reach /_stcore/health @ http://localhost:8501/static/js/index.k-9rUdPI.js:19
[ 3899620ms] [ERROR] Failed to load resource: net::ERR_CONNECTION_REFUSED @ http://localhost:8501/_stcore/host-config:0
[ 3903964ms] [ERROR] Failed to load resource: net::ERR_CONNECTION_REFUSED @ http://localhost:8501/_stcore/health:0
[ 3903964ms] [ERROR] Client Error in reaching server endpoint - No response received when attempting to reach /_stcore/health @ http://localhost:8501/static/js/index.k-9rUdPI.js:19
[ 3903965ms] [ERROR] Failed to load resource: net::ERR_CONNECTION_REFUSED @ http://localhost:8501/_stcore/host-config:0
[ 3908320ms] [ERROR] Failed to load resource: net::ERR_CONNECTION_REFUSED @ http://localhost:8501/_stcore/health:0
[ 3908320ms] [ERROR] Client Error in reaching server endpoint - No response received when attempting to reach /_stcore/health @ http://localhost:8501/static/js/index.k-9rUdPI.js:19
[ 3908321ms] [ERROR] Failed to load resource: net::ERR_CONNECTION_REFUSED @ http://localhost:8501/_stcore/host-config:0
[ 3912653ms] [ERROR] Failed to load resource: net::ERR_CONNECTION_REFUSED @ http://localhost:8501/_stcore/health:0
[ 3912653ms] [ERROR] Client Error in reaching server endpoint - No response received when attempting to reach /_stcore/health @ http://localhost:8501/static/js/index.k-9rUdPI.js:19
[ 3912654ms] [ERROR] Failed to load resource: net::ERR_CONNECTION_REFUSED @ http://localhost:8501/_stcore/host-config:0
[ 3917020ms] [ERROR] Failed to load resource: net::ERR_CONNECTION_REFUSED @ http://localhost:8501/_stcore/health:0
[ 3917020ms] [ERROR] Client Error in reaching server endpoint - No response received when attempting to reach /_stcore/health @ http://localhost:8501/static/js/index.k-9rUdPI.js:19
[ 3917021ms] [ERROR] Failed to load resource: net::ERR_CONNECTION_REFUSED @ http://localhost:8501/_stcore/host-config:0
[ 3921369ms] [ERROR] Failed to load resource: net::ERR_CONNECTION_REFUSED @ http://localhost:8501/_stcore/health:0
[ 3921369ms] [ERROR] Client Error in reaching server endpoint - No response received when attempting to reach /_stcore/health @ http://localhost:8501/static/js/index.k-9rUdPI.js:19
[ 3921370ms] [ERROR] Failed to load resource: net::ERR_CONNECTION_REFUSED @ http://localhost:8501/_stcore/host-config:0
[ 3925733ms] [ERROR] Failed to load resource: net::ERR_CONNECTION_REFUSED @ http://localhost:8501/_stcore/health:0
[ 3925733ms] [ERROR] Client Error in reaching server endpoint - No response received when attempting to reach /_stcore/health @ http://localhost:8501/static/js/index.k-9rUdPI.js:19
[ 3925734ms] [ERROR] Failed to load resource: net::ERR_CONNECTION_REFUSED @ http://localhost:8501/_stcore/host-config:0
[ 3930103ms] [ERROR] Failed to load resource: net::ERR_CONNECTION_REFUSED @ http://localhost:8501/_stcore/health:0
[ 3930103ms] [ERROR] Client Error in reaching server endpoint - No response received when attempting to reach /_stcore/health @ http://localhost:8501/static/js/index.k-9rUdPI.js:19
[ 3930104ms] [ERROR] Failed to load resource: net::ERR_CONNECTION_REFUSED @ http://localhost:8501/_stcore/host-config:0
[ 3934463ms] [ERROR] Failed to load resource: net::ERR_CONNECTION_REFUSED @ http://localhost:8501/_stcore/health:0
[ 3934464ms] [ERROR] Client Error in reaching server endpoint - No response received when attempting to reach /_stcore/health @ http://localhost:8501/static/js/index.k-9rUdPI.js:19
[ 3934465ms] [ERROR] Failed to load resource: net::ERR_CONNECTION_REFUSED @ http://localhost:8501/_stcore/host-config:0
[ 3938820ms] [ERROR] Failed to load resource: net::ERR_CONNECTION_REFUSED @ http://localhost:8501/_stcore/health:0
[ 3938820ms] [ERROR] Client Error in reaching server endpoint - No response received when attempting to reach /_stcore/health @ http://localhost:8501/static/js/index.k-9rUdPI.js:19
[ 3938821ms] [ERROR] Failed to load resource: net::ERR_CONNECTION_REFUSED @ http://localhost:8501/_stcore/host-config:0
[ 3943180ms] [ERROR] Failed to load resource: net::ERR_CONNECTION_REFUSED @ http://localhost:8501/_stcore/health:0
[ 3943180ms] [ERROR] Client Error in reaching server endpoint - No response received when attempting to reach /_stcore/health @ http://localhost:8501/static/js/index.k-9rUdPI.js:19
[ 3943197ms] [ERROR] Failed to load resource: net::ERR_CONNECTION_REFUSED @ http://localhost:8501/_stcore/host-config:0
[ 3947562ms] [ERROR] Failed to load resource: net::ERR_CONNECTION_REFUSED @ http://localhost:8501/_stcore/health:0
[ 3947562ms] [ERROR] Client Error in reaching server endpoint - No response received when attempting to reach /_stcore/health @ http://localhost:8501/static/js/index.k-9rUdPI.js:19
[ 3947563ms] [ERROR] Failed to load resource: net::ERR_CONNECTION_REFUSED @ http://localhost:8501/_stcore/host-config:0
[ 3951918ms] [ERROR] Failed to load resource: net::ERR_CONNECTION_REFUSED @ http://localhost:8501/_stcore/health:0
[ 3951918ms] [ERROR] Client Error in reaching server endpoint - No response received when attempting to reach /_stcore/health @ http://localhost:8501/static/js/index.k-9rUdPI.js:19
[ 3951934ms] [ERROR] Failed to load resource: net::ERR_CONNECTION_REFUSED @ http://localhost:8501/_stcore/host-config:0
[ 3956270ms] [ERROR] Failed to load resource: net::ERR_CONNECTION_REFUSED @ http://localhost:8501/_stcore/health:0
[ 3956270ms] [ERROR] Client Error in reaching server endpoint - No response received when attempting to reach /_stcore/health @ http://localhost:8501/static/js/index.k-9rUdPI.js:19
[ 3956286ms] [ERROR] Failed to load resource: net::ERR_CONNECTION_REFUSED @ http://localhost:8501/_stcore/host-config:0
[ 3960633ms] [ERROR] Failed to load resource: net::ERR_CONNECTION_REFUSED @ http://localhost:8501/_stcore/health:0
[ 3960634ms] [ERROR] Client Error in reaching server endpoint - No response received when attempting to reach /_stcore/health @ http://localhost:8501/static/js/index.k-9rUdPI.js:19
[ 3960635ms] [ERROR] Failed to load resource: net::ERR_CONNECTION_REFUSED @ http://localhost:8501/_stcore/host-config:0
[ 3964997ms] [ERROR] Failed to load resource: net::ERR_CONNECTION_REFUSED @ http://localhost:8501/_stcore/health:0
[ 3964998ms] [ERROR] Client Error in reaching server endpoint - No response received when attempting to reach /_stcore/health @ http://localhost:8501/static/js/index.k-9rUdPI.js:19
[ 3965013ms] [ERROR] Failed to load resource: net::ERR_CONNECTION_REFUSED @ http://localhost:8501/_stcore/host-config:0
[ 3969368ms] [ERROR] Failed to load resource: net::ERR_CONNECTION_REFUSED @ http://localhost:8501/_stcore/health:0
[ 3969368ms] [ERROR] Client Error in reaching server endpoint - No response received when attempting to reach /_stcore/health @ http://localhost:8501/static/js/index.k-9rUdPI.js:19
[ 3969383ms] [ERROR] Failed to load resource: net::ERR_CONNECTION_REFUSED @ http://localhost:8501/_stcore/host-config:0
[ 3973731ms] [ERROR] Failed to load resource: net::ERR_CONNECTION_REFUSED @ http://localhost:8501/_stcore/health:0
[ 3973731ms] [ERROR] Client Error in reaching server endpoint - No response received when attempting to reach /_stcore/health @ http://localhost:8501/static/js/index.k-9rUdPI.js:19
[ 3973732ms] [ERROR] Failed to load resource: net::ERR_CONNECTION_REFUSED @ http://localhost:8501/_stcore/host-config:0
[ 3978088ms] [ERROR] Failed to load resource: net::ERR_CONNECTION_REFUSED @ http://localhost:8501/_stcore/health:0
[ 3978088ms] [ERROR] Client Error in reaching server endpoint - No response received when attempting to reach /_stcore/health @ http://localhost:8501/static/js/index.k-9rUdPI.js:19
[ 3978089ms] [ERROR] Failed to load resource: net::ERR_CONNECTION_REFUSED @ http://localhost:8501/_stcore/host-config:0
[ 3982447ms] [ERROR] Failed to load resource: net::ERR_CONNECTION_REFUSED @ http://localhost:8501/_stcore/health:0
[ 3982447ms] [ERROR] Client Error in reaching server endpoint - No response received when attempting to reach /_stcore/health @ http://localhost:8501/static/js/index.k-9rUdPI.js:19
[ 3982448ms] [ERROR] Failed to load resource: net::ERR_CONNECTION_REFUSED @ http://localhost:8501/_stcore/host-config:0
[ 3986808ms] [ERROR] Failed to load resource: net::ERR_CONNECTION_REFUSED @ http://localhost:8501/_stcore/health:0
[ 3986809ms] [ERROR] Client Error in reaching server endpoint - No response received when attempting to reach /_stcore/health @ http://localhost:8501/static/js/index.k-9rUdPI.js:19
[ 3986809ms] [ERROR] Failed to load resource: net::ERR_CONNECTION_REFUSED @ http://localhost:8501/_stcore/host-config:0
[ 3991524ms] [ERROR] Failed to load resource: net::ERR_CONNECTION_REFUSED @ http://localhost:8501/_stcore/health:0
[ 3991524ms] [ERROR] Client Error in reaching server endpoint - No response received when attempting to reach /_stcore/health @ http://localhost:8501/static/js/index.k-9rUdPI.js:19
[ 3991603ms] [ERROR] Failed to load resource: net::ERR_CONNECTION_REFUSED @ http://localhost:8501/_stcore/host-config:0
[ 3995883ms] [ERROR] Failed to load resource: net::ERR_CONNECTION_REFUSED @ http://localhost:8501/_stcore/health:0
[ 3995883ms] [ERROR] Client Error in reaching server endpoint - No response received when attempting to reach /_stcore/health @ http://localhost:8501/static/js/index.k-9rUdPI.js:19
[ 3995884ms] [ERROR] Failed to load resource: net::ERR_CONNECTION_REFUSED @ http://localhost:8501/_stcore/host-config:0
[ 4000248ms] [ERROR] Failed to load resource: net::ERR_CONNECTION_REFUSED @ http://localhost:8501/_stcore/health:0
[ 4000248ms] [ERROR] Client Error in reaching server endpoint - No response received when attempting to reach /_stcore/health @ http://localhost:8501/static/js/index.k-9rUdPI.js:19
[ 4000249ms] [ERROR] Failed to load resource: net::ERR_CONNECTION_REFUSED @ http://localhost:8501/_stcore/host-config:0
[ 4004596ms] [ERROR] Failed to load resource: net::ERR_CONNECTION_REFUSED @ http://localhost:8501/_stcore/health:0
[ 4004596ms] [ERROR] Client Error in reaching server endpoint - No response received when attempting to reach /_stcore/health @ http://localhost:8501/static/js/index.k-9rUdPI.js:19
[ 4004597ms] [ERROR] Failed to load resource: net::ERR_CONNECTION_REFUSED @ http://localhost:8501/_stcore/host-config:0
[ 4008963ms] [ERROR] Failed to load resource: net::ERR_CONNECTION_REFUSED @ http://localhost:8501/_stcore/health:0
[ 4008963ms] [ERROR] Client Error in reaching server endpoint - No response received when attempting to reach /_stcore/health @ http://localhost:8501/static/js/index.k-9rUdPI.js:19
[ 4008964ms] [ERROR] Failed to load resource: net::ERR_CONNECTION_REFUSED @ http://localhost:8501/_stcore/host-config:0
[ 4013319ms] [ERROR] Failed to load resource: net::ERR_CONNECTION_REFUSED @ http://localhost:8501/_stcore/health:0
[ 4013319ms] [ERROR] Client Error in reaching server endpoint - No response received when attempting to reach /_stcore/health @ http://localhost:8501/static/js/index.k-9rUdPI.js:19
[ 4013325ms] [ERROR] Failed to load resource: net::ERR_CONNECTION_REFUSED @ http://localhost:8501/_stcore/host-config:0
[ 4017668ms] [ERROR] Failed to load resource: net::ERR_CONNECTION_REFUSED @ http://localhost:8501/_stcore/health:0
[ 4017668ms] [ERROR] Client Error in reaching server endpoint - No response received when attempting to reach /_stcore/health @ http://localhost:8501/static/js/index.k-9rUdPI.js:19
[ 4017685ms] [ERROR] Failed to load resource: net::ERR_CONNECTION_REFUSED @ http://localhost:8501/_stcore/host-config:0
[ 4021997ms] [ERROR] Failed to load resource: net::ERR_CONNECTION_REFUSED @ http://localhost:8501/_stcore/health:0
[ 4021997ms] [ERROR] Client Error in reaching server endpoint - No response received when attempting to reach /_stcore/health @ http://localhost:8501/static/js/index.k-9rUdPI.js:19
[ 4021998ms] [ERROR] Failed to load resource: net::ERR_CONNECTION_REFUSED @ http://localhost:8501/_stcore/host-config:0
[ 4026350ms] [ERROR] Failed to load resource: net::ERR_CONNECTION_REFUSED @ http://localhost:8501/_stcore/health:0
[ 4026350ms] [ERROR] Client Error in reaching server endpoint - No response received when attempting to reach /_stcore/health @ http://localhost:8501/static/js/index.k-9rUdPI.js:19
[ 4026355ms] [ERROR] Failed to load resource: net::ERR_CONNECTION_REFUSED @ http://localhost:8501/_stcore/host-config:0
[ 4030727ms] [ERROR] Failed to load resource: net::ERR_CONNECTION_REFUSED @ http://localhost:8501/_stcore/health:0
[ 4030727ms] [ERROR] Client Error in reaching server endpoint - No response received when attempting to reach /_stcore/health @ http://localhost:8501/static/js/index.k-9rUdPI.js:19
[ 4030728ms] [ERROR] Failed to load resource: net::ERR_CONNECTION_REFUSED @ http://localhost:8501/_stcore/host-config:0
[ 4035103ms] [ERROR] Failed to load resource: net::ERR_CONNECTION_REFUSED @ http://localhost:8501/_stcore/health:0
[ 4035104ms] [ERROR] Client Error in reaching server endpoint - No response received when attempting to reach /_stcore/health @ http://localhost:8501/static/js/index.k-9rUdPI.js:19
[ 4035105ms] [ERROR] Failed to load resource: net::ERR_CONNECTION_REFUSED @ http://localhost:8501/_stcore/host-config:0
[ 4039447ms] [ERROR] Failed to load resource: net::ERR_CONNECTION_REFUSED @ http://localhost:8501/_stcore/health:0
[ 4039447ms] [ERROR] Client Error in reaching server endpoint - No response received when attempting to reach /_stcore/health @ http://localhost:8501/static/js/index.k-9rUdPI.js:19
[ 4039448ms] [ERROR] Failed to load resource: net::ERR_CONNECTION_REFUSED @ http://localhost:8501/_stcore/host-config:0
[ 4043791ms] [ERROR] Failed to load resource: net::ERR_CONNECTION_REFUSED @ http://localhost:8501/_stcore/health:0
[ 4043792ms] [ERROR] Client Error in reaching server endpoint - No response received when attempting to reach /_stcore/health @ http://localhost:8501/static/js/index.k-9rUdPI.js:19
[ 4043814ms] [ERROR] Failed to load resource: net::ERR_CONNECTION_REFUSED @ http://localhost:8501/_stcore/host-config:0
[ 4048145ms] [ERROR] Failed to load resource: net::ERR_CONNECTION_REFUSED @ http://localhost:8501/_stcore/health:0
[ 4048145ms] [ERROR] Client Error in reaching server endpoint - No response received when attempting to reach /_stcore/health @ http://localhost:8501/static/js/index.k-9rUdPI.js:19
[ 4048146ms] [ERROR] Failed to load resource: net::ERR_CONNECTION_REFUSED @ http://localhost:8501/_stcore/host-config:0
[ 4052508ms] [ERROR] Failed to load resource: net::ERR_CONNECTION_REFUSED @ http://localhost:8501/_stcore/health:0
[ 4052508ms] [ERROR] Client Error in reaching server endpoint - No response received when attempting to reach /_stcore/health @ http://localhost:8501/static/js/index.k-9rUdPI.js:19
[ 4052509ms] [ERROR] Failed to load resource: net::ERR_CONNECTION_REFUSED @ http://localhost:8501/_stcore/host-config:0
[ 4056844ms] [ERROR] Failed to load resource: net::ERR_CONNECTION_REFUSED @ http://localhost:8501/_stcore/health:0
[ 4056844ms] [ERROR] Client Error in reaching server endpoint - No response received when attempting to reach /_stcore/health @ http://localhost:8501/static/js/index.k-9rUdPI.js:19
[ 4056875ms] [ERROR] Failed to load resource: net::ERR_CONNECTION_REFUSED @ http://localhost:8501/_stcore/host-config:0
[ 4061198ms] [ERROR] Failed to load resource: net::ERR_CONNECTION_REFUSED @ http://localhost:8501/_stcore/health:0
[ 4061198ms] [ERROR] Client Error in reaching server endpoint - No response received when attempting to reach /_stcore/health @ http://localhost:8501/static/js/index.k-9rUdPI.js:19
[ 4061201ms] [ERROR] Failed to load resource: net::ERR_CONNECTION_REFUSED @ http://localhost:8501/_stcore/host-config:0
[ 4065526ms] [ERROR] Failed to load resource: net::ERR_CONNECTION_REFUSED @ http://localhost:8501/_stcore/health:0
[ 4065526ms] [ERROR] Client Error in reaching server endpoint - No response received when attempting to reach /_stcore/health @ http://localhost:8501/static/js/index.k-9rUdPI.js:19
[ 4065558ms] [ERROR] Failed to load resource: net::ERR_CONNECTION_REFUSED @ http://localhost:8501/_stcore/host-config:0
[ 4069877ms] [ERROR] Failed to load resource: net::ERR_CONNECTION_REFUSED @ http://localhost:8501/_stcore/health:0
[ 4069877ms] [ERROR] Client Error in reaching server endpoint - No response received when attempting to reach /_stcore/health @ http://localhost:8501/static/js/index.k-9rUdPI.js:19
[ 4069878ms] [ERROR] Failed to load resource: net::ERR_CONNECTION_REFUSED @ http://localhost:8501/_stcore/host-config:0
[ 4074229ms] [ERROR] Failed to load resource: net::ERR_CONNECTION_REFUSED @ http://localhost:8501/_stcore/health:0
[ 4074229ms] [ERROR] Client Error in reaching server endpoint - No response received when attempting to reach /_stcore/health @ http://localhost:8501/static/js/index.k-9rUdPI.js:19
[ 4074244ms] [ERROR] Failed to load resource: net::ERR_CONNECTION_REFUSED @ http://localhost:8501/_stcore/host-config:0
[ 4078588ms] [ERROR] Failed to load resource: net::ERR_CONNECTION_REFUSED @ http://localhost:8501/_stcore/health:0
[ 4078588ms] [ERROR] Client Error in reaching server endpoint - No response received when attempting to reach /_stcore/health @ http://localhost:8501/static/js/index.k-9rUdPI.js:19
[ 4078604ms] [ERROR] Failed to load resource: net::ERR_CONNECTION_REFUSED @ http://localhost:8501/_stcore/host-config:0
[ 4082946ms] [ERROR] Failed to load resource: net::ERR_CONNECTION_REFUSED @ http://localhost:8501/_stcore/health:0
[ 4082946ms] [ERROR] Client Error in reaching server endpoint - No response received when attempting to reach /_stcore/health @ http://localhost:8501/static/js/index.k-9rUdPI.js:19
[ 4082947ms] [ERROR] Failed to load resource: net::ERR_CONNECTION_REFUSED @ http://localhost:8501/_stcore/host-config:0
[ 4087307ms] [ERROR] Failed to load resource: net::ERR_CONNECTION_REFUSED @ http://localhost:8501/_stcore/health:0
[ 4087307ms] [ERROR] Client Error in reaching server endpoint - No response received when attempting to reach /_stcore/health @ http://localhost:8501/static/js/index.k-9rUdPI.js:19
[ 4087308ms] [ERROR] Failed to load resource: net::ERR_CONNECTION_REFUSED @ http://localhost:8501/_stcore/host-config:0
[ 4091659ms] [ERROR] Failed to load resource: net::ERR_CONNECTION_REFUSED @ http://localhost:8501/_stcore/health:0
[ 4091659ms] [ERROR] Client Error in reaching server endpoint - No response received when attempting to reach /_stcore/health @ http://localhost:8501/static/js/index.k-9rUdPI.js:19
[ 4091661ms] [ERROR] Failed to load resource: net::ERR_CONNECTION_REFUSED @ http://localhost:8501/_stcore/host-config:0
[ 4096023ms] [ERROR] Failed to load resource: net::ERR_CONNECTION_REFUSED @ http://localhost:8501/_stcore/health:0
[ 4096023ms] [ERROR] Client Error in reaching server endpoint - No response received when attempting to reach /_stcore/health @ http://localhost:8501/static/js/index.k-9rUdPI.js:19
[ 4096024ms] [ERROR] Failed to load resource: net::ERR_CONNECTION_REFUSED @ http://localhost:8501/_stcore/host-config:0
[ 4100384ms] [ERROR] Failed to load resource: net::ERR_CONNECTION_REFUSED @ http://localhost:8501/_stcore/health:0
[ 4100385ms] [ERROR] Client Error in reaching server endpoint - No response received when attempting to reach /_stcore/health @ http://localhost:8501/static/js/index.k-9rUdPI.js:19
[ 4100385ms] [ERROR] Failed to load resource: net::ERR_CONNECTION_REFUSED @ http://localhost:8501/_stcore/host-config:0
[ 4104742ms] [ERROR] Failed to load resource: net::ERR_CONNECTION_REFUSED @ http://localhost:8501/_stcore/health:0
[ 4104742ms] [ERROR] Client Error in reaching server endpoint - No response received when attempting to reach /_stcore/health @ http://localhost:8501/static/js/index.k-9rUdPI.js:19
[ 4104744ms] [ERROR] Failed to load resource: net::ERR_CONNECTION_REFUSED @ http://localhost:8501/_stcore/host-config:0
[ 4109125ms] [ERROR] Failed to load resource: net::ERR_CONNECTION_REFUSED @ http://localhost:8501/_stcore/health:0
[ 4109125ms] [ERROR] Client Error in reaching server endpoint - No response received when attempting to reach /_stcore/health @ http://localhost:8501/static/js/index.k-9rUdPI.js:19
[ 4109126ms] [ERROR] Failed to load resource: net::ERR_CONNECTION_REFUSED @ http://localhost:8501/_stcore/host-config:0
[ 4113501ms] [ERROR] Failed to load resource: net::ERR_CONNECTION_REFUSED @ http://localhost:8501/_stcore/health:0
[ 4113501ms] [ERROR] Client Error in reaching server endpoint - No response received when attempting to reach /_stcore/health @ http://localhost:8501/static/js/index.k-9rUdPI.js:19
[ 4113502ms] [ERROR] Failed to load resource: net::ERR_CONNECTION_REFUSED @ http://localhost:8501/_stcore/host-config:0
[ 4117839ms] [ERROR] Failed to load resource: net::ERR_CONNECTION_REFUSED @ http://localhost:8501/_stcore/health:0
[ 4117839ms] [ERROR] Client Error in reaching server endpoint - No response received when attempting to reach /_stcore/health @ http://localhost:8501/static/js/index.k-9rUdPI.js:19
[ 4117840ms] [ERROR] Failed to load resource: net::ERR_CONNECTION_REFUSED @ http://localhost:8501/_stcore/host-config:0
[ 4122198ms] [ERROR] Failed to load resource: net::ERR_CONNECTION_REFUSED @ http://localhost:8501/_stcore/health:0
[ 4122198ms] [ERROR] Client Error in reaching server endpoint - No response received when attempting to reach /_stcore/health @ http://localhost:8501/static/js/index.k-9rUdPI.js:19
[ 4122213ms] [ERROR] Failed to load resource: net::ERR_CONNECTION_REFUSED @ http://localhost:8501/_stcore/host-config:0
[ 4126570ms] [ERROR] Failed to load resource: net::ERR_CONNECTION_REFUSED @ http://localhost:8501/_stcore/health:0
[ 4126570ms] [ERROR] Client Error in reaching server endpoint - No response received when attempting to reach /_stcore/health @ http://localhost:8501/static/js/index.k-9rUdPI.js:19
[ 4126571ms] [ERROR] Failed to load resource: net::ERR_CONNECTION_REFUSED @ http://localhost:8501/_stcore/host-config:0
[ 4130947ms] [ERROR] Failed to load resource: net::ERR_CONNECTION_REFUSED @ http://localhost:8501/_stcore/health:0
[ 4130947ms] [ERROR] Client Error in reaching server endpoint - No response received when attempting to reach /_stcore/health @ http://localhost:8501/static/js/index.k-9rUdPI.js:19
[ 4130948ms] [ERROR] Failed to load resource: net::ERR_CONNECTION_REFUSED @ http://localhost:8501/_stcore/host-config:0
[ 4135306ms] [ERROR] Failed to load resource: net::ERR_CONNECTION_REFUSED @ http://localhost:8501/_stcore/health:0
[ 4135307ms] [ERROR] Client Error in reaching server endpoint - No response received when attempting to reach /_stcore/health @ http://localhost:8501/static/js/index.k-9rUdPI.js:19
[ 4135308ms] [ERROR] Failed to load resource: net::ERR_CONNECTION_REFUSED @ http://localhost:8501/_stcore/host-config:0
[ 4139680ms] [ERROR] Failed to load resource: net::ERR_CONNECTION_REFUSED @ http://localhost:8501/_stcore/health:0
[ 4139681ms] [ERROR] Client Error in reaching server endpoint - No response received when attempting to reach /_stcore/health @ http://localhost:8501/static/js/index.k-9rUdPI.js:19
[ 4139682ms] [ERROR] Failed to load resource: net::ERR_CONNECTION_REFUSED @ http://localhost:8501/_stcore/host-config:0
[ 4144037ms] [ERROR] Failed to load resource: net::ERR_CONNECTION_REFUSED @ http://localhost:8501/_stcore/health:0
[ 4144037ms] [ERROR] Client Error in reaching server endpoint - No response received when attempting to reach /_stcore/health @ http://localhost:8501/static/js/index.k-9rUdPI.js:19
[ 4144038ms] [ERROR] Failed to load resource: net::ERR_CONNECTION_REFUSED @ http://localhost:8501/_stcore/host-config:0
[ 4148356ms] [ERROR] Failed to load resource: net::ERR_CONNECTION_REFUSED @ http://localhost:8501/_stcore/health:0
[ 4148357ms] [ERROR] Client Error in reaching server endpoint - No response received when attempting to reach /_stcore/health @ http://localhost:8501/static/js/index.k-9rUdPI.js:19
[ 4148373ms] [ERROR] Failed to load resource: net::ERR_CONNECTION_REFUSED @ http://localhost:8501/_stcore/host-config:0
[ 4152729ms] [ERROR] Failed to load resource: net::ERR_CONNECTION_REFUSED @ http://localhost:8501/_stcore/health:0
[ 4152729ms] [ERROR] Client Error in reaching server endpoint - No response received when attempting to reach /_stcore/health @ http://localhost:8501/static/js/index.k-9rUdPI.js:19
[ 4152730ms] [ERROR] Failed to load resource: net::ERR_CONNECTION_REFUSED @ http://localhost:8501/_stcore/host-config:0
[ 4157054ms] [ERROR] Failed to load resource: net::ERR_CONNECTION_REFUSED @ http://localhost:8501/_stcore/health:0
[ 4157054ms] [ERROR] Client Error in reaching server endpoint - No response received when attempting to reach /_stcore/health @ http://localhost:8501/static/js/index.k-9rUdPI.js:19
[ 4157070ms] [ERROR] Failed to load resource: net::ERR_CONNECTION_REFUSED @ http://localhost:8501/_stcore/host-config:0
[ 4161400ms] [ERROR] Failed to load resource: net::ERR_CONNECTION_REFUSED @ http://localhost:8501/_stcore/health:0
[ 4161400ms] [ERROR] Client Error in reaching server endpoint - No response received when attempting to reach /_stcore/health @ http://localhost:8501/static/js/index.k-9rUdPI.js:19
[ 4161401ms] [ERROR] Failed to load resource: net::ERR_CONNECTION_REFUSED @ http://localhost:8501/_stcore/host-config:0
[ 4165774ms] [ERROR] Failed to load resource: net::ERR_CONNECTION_REFUSED @ http://localhost:8501/_stcore/health:0
[ 4165774ms] [ERROR] Client Error in reaching server endpoint - No response received when attempting to reach /_stcore/health @ http://localhost:8501/static/js/index.k-9rUdPI.js:19
[ 4165776ms] [ERROR] Failed to load resource: net::ERR_CONNECTION_REFUSED @ http://localhost:8501/_stcore/host-config:0
[ 4170121ms] [ERROR] Failed to load resource: net::ERR_CONNECTION_REFUSED @ http://localhost:8501/_stcore/health:0
[ 4170121ms] [ERROR] Client Error in reaching server endpoint - No response received when attempting to reach /_stcore/health @ http://localhost:8501/static/js/index.k-9rUdPI.js:19
[ 4170137ms] [ERROR] Failed to load resource: net::ERR_CONNECTION_REFUSED @ http://localhost:8501/_stcore/host-config:0
[ 4174449ms] [ERROR] Failed to load resource: net::ERR_CONNECTION_REFUSED @ http://localhost:8501/_stcore/health:0
[ 4174450ms] [ERROR] Client Error in reaching server endpoint - No response received when attempting to reach /_stcore/health @ http://localhost:8501/static/js/index.k-9rUdPI.js:19
[ 4174451ms] [ERROR] Failed to load resource: net::ERR_CONNECTION_REFUSED @ http://localhost:8501/_stcore/host-config:0
[ 4178787ms] [ERROR] Failed to load resource: net::ERR_CONNECTION_REFUSED @ http://localhost:8501/_stcore/health:0
[ 4178787ms] [ERROR] Client Error in reaching server endpoint - No response received when attempting to reach /_stcore/health @ http://localhost:8501/static/js/index.k-9rUdPI.js:19
[ 4178789ms] [ERROR] Failed to load resource: net::ERR_CONNECTION_REFUSED @ http://localhost:8501/_stcore/host-config:0
[ 4183150ms] [ERROR] Failed to load resource: net::ERR_CONNECTION_REFUSED @ http://localhost:8501/_stcore/health:0
[ 4183150ms] [ERROR] Client Error in reaching server endpoint - No response received when attempting to reach /_stcore/health @ http://localhost:8501/static/js/index.k-9rUdPI.js:19
[ 4183152ms] [ERROR] Failed to load resource: net::ERR_CONNECTION_REFUSED @ http://localhost:8501/_stcore/host-config:0
[ 4187534ms] [ERROR] Failed to load resource: net::ERR_CONNECTION_REFUSED @ http://localhost:8501/_stcore/health:0
[ 4187534ms] [ERROR] Client Error in reaching server endpoint - No response received when attempting to reach /_stcore/health @ http://localhost:8501/static/js/index.k-9rUdPI.js:19
[ 4187535ms] [ERROR] Failed to load resource: net::ERR_CONNECTION_REFUSED @ http://localhost:8501/_stcore/host-config:0
[ 4191868ms] [ERROR] Failed to load resource: net::ERR_CONNECTION_REFUSED @ http://localhost:8501/_stcore/health:0
[ 4191868ms] [ERROR] Client Error in reaching server endpoint - No response received when attempting to reach /_stcore/health @ http://localhost:8501/static/js/index.k-9rUdPI.js:19
[ 4191869ms] [ERROR] Failed to load resource: net::ERR_CONNECTION_REFUSED @ http://localhost:8501/_stcore/host-config:0
[ 4196227ms] [ERROR] Failed to load resource: net::ERR_CONNECTION_REFUSED @ http://localhost:8501/_stcore/health:0
[ 4196227ms] [ERROR] Client Error in reaching server endpoint - No response received when attempting to reach /_stcore/health @ http://localhost:8501/static/js/index.k-9rUdPI.js:19
[ 4196229ms] [ERROR] Failed to load resource: net::ERR_CONNECTION_REFUSED @ http://localhost:8501/_stcore/host-config:0
[ 4200564ms] [ERROR] Failed to load resource: net::ERR_CONNECTION_REFUSED @ http://localhost:8501/_stcore/health:0
[ 4200564ms] [ERROR] Client Error in reaching server endpoint - No response received when attempting to reach /_stcore/health @ http://localhost:8501/static/js/index.k-9rUdPI.js:19
[ 4200596ms] [ERROR] Failed to load resource: net::ERR_CONNECTION_REFUSED @ http://localhost:8501/_stcore/host-config:0
[ 4204917ms] [ERROR] Failed to load resource: net::ERR_CONNECTION_REFUSED @ http://localhost:8501/_stcore/health:0
[ 4204917ms] [ERROR] Client Error in reaching server endpoint - No response received when attempting to reach /_stcore/health @ http://localhost:8501/static/js/index.k-9rUdPI.js:19
[ 4204918ms] [ERROR] Failed to load resource: net::ERR_CONNECTION_REFUSED @ http://localhost:8501/_stcore/host-config:0
[ 4209604ms] [ERROR] Failed to load resource: net::ERR_CONNECTION_REFUSED @ http://localhost:8501/_stcore/health:0
[ 4209604ms] [ERROR] Client Error in reaching server endpoint - No response received when attempting to reach /_stcore/health @ http://localhost:8501/static/js/index.k-9rUdPI.js:19
[ 4209605ms] [ERROR] Failed to load resource: net::ERR_CONNECTION_REFUSED @ http://localhost:8501/_stcore/host-config:0
[ 4213963ms] [ERROR] Failed to load resource: net::ERR_CONNECTION_REFUSED @ http://localhost:8501/_stcore/health:0
[ 4213963ms] [ERROR] Client Error in reaching server endpoint - No response received when attempting to reach /_stcore/health @ http://localhost:8501/static/js/index.k-9rUdPI.js:19
[ 4213978ms] [ERROR] Failed to load resource: net::ERR_CONNECTION_REFUSED @ http://localhost:8501/_stcore/host-config:0
[ 4218288ms] [ERROR] Failed to load resource: net::ERR_CONNECTION_REFUSED @ http://localhost:8501/_stcore/health:0
[ 4218288ms] [ERROR] Client Error in reaching server endpoint - No response received when attempting to reach /_stcore/health @ http://localhost:8501/static/js/index.k-9rUdPI.js:19
[ 4218289ms] [ERROR] Failed to load resource: net::ERR_CONNECTION_REFUSED @ http://localhost:8501/_stcore/host-config:0
[ 4222650ms] [ERROR] Failed to load resource: net::ERR_CONNECTION_REFUSED @ http://localhost:8501/_stcore/health:0
[ 4222650ms] [ERROR] Client Error in reaching server endpoint - No response received when attempting to reach /_stcore/health @ http://localhost:8501/static/js/index.k-9rUdPI.js:19
[ 4222651ms] [ERROR] Failed to load resource: net::ERR_CONNECTION_REFUSED @ http://localhost:8501/_stcore/host-config:0
[ 4227001ms] [ERROR] Failed to load resource: net::ERR_CONNECTION_REFUSED @ http://localhost:8501/_stcore/health:0
[ 4227001ms] [ERROR] Client Error in reaching server endpoint - No response received when attempting to reach /_stcore/health @ http://localhost:8501/static/js/index.k-9rUdPI.js:19
[ 4227002ms] [ERROR] Failed to load resource: net::ERR_CONNECTION_REFUSED @ http://localhost:8501/_stcore/host-config:0
[ 4231339ms] [ERROR] Failed to load resource: net::ERR_CONNECTION_REFUSED @ http://localhost:8501/_stcore/health:0
[ 4231339ms] [ERROR] Client Error in reaching server endpoint - No response received when attempting to reach /_stcore/health @ http://localhost:8501/static/js/index.k-9rUdPI.js:19
[ 4231340ms] [ERROR] Failed to load resource: net::ERR_CONNECTION_REFUSED @ http://localhost:8501/_stcore/host-config:0
[ 4235702ms] [ERROR] Failed to load resource: net::ERR_CONNECTION_REFUSED @ http://localhost:8501/_stcore/health:0
[ 4235702ms] [ERROR] Client Error in reaching server endpoint - No response received when attempting to reach /_stcore/health @ http://localhost:8501/static/js/index.k-9rUdPI.js:19
[ 4235703ms] [ERROR] Failed to load resource: net::ERR_CONNECTION_REFUSED @ http://localhost:8501/_stcore/host-config:0
[ 4240185ms] [ERROR] Failed to load resource: net::ERR_CONNECTION_REFUSED @ http://localhost:8501/_stcore/health:0
[ 4240185ms] [ERROR] Client Error in reaching server endpoint - No response received when attempting to reach /_stcore/health @ http://localhost:8501/static/js/index.k-9rUdPI.js:19
[ 4240187ms] [ERROR] Failed to load resource: net::ERR_CONNECTION_REFUSED @ http://localhost:8501/_stcore/host-config:0
[ 4244530ms] [ERROR] Failed to load resource: net::ERR_CONNECTION_REFUSED @ http://localhost:8501/_stcore/health:0
[ 4244530ms] [ERROR] Client Error in reaching server endpoint - No response received when attempting to reach /_stcore/health @ http://localhost:8501/static/js/index.k-9rUdPI.js:19
[ 4244531ms] [ERROR] Failed to load resource: net::ERR_CONNECTION_REFUSED @ http://localhost:8501/_stcore/host-config:0
[ 4248869ms] [ERROR] Failed to load resource: net::ERR_CONNECTION_REFUSED @ http://localhost:8501/_stcore/health:0
[ 4248869ms] [ERROR] Client Error in reaching server endpoint - No response received when attempting to reach /_stcore/health @ http://localhost:8501/static/js/index.k-9rUdPI.js:19
[ 4248870ms] [ERROR] Failed to load resource: net::ERR_CONNECTION_REFUSED @ http://localhost:8501/_stcore/host-config:0
[ 4253220ms] [ERROR] Failed to load resource: net::ERR_CONNECTION_REFUSED @ http://localhost:8501/_stcore/health:0
[ 4253220ms] [ERROR] Client Error in reaching server endpoint - No response received when attempting to reach /_stcore/health @ http://localhost:8501/static/js/index.k-9rUdPI.js:19
[ 4253221ms] [ERROR] Failed to load resource: net::ERR_CONNECTION_REFUSED @ http://localhost:8501/_stcore/host-config:0
[ 4257574ms] [ERROR] Failed to load resource: net::ERR_CONNECTION_REFUSED @ http://localhost:8501/_stcore/health:0
[ 4257574ms] [ERROR] Client Error in reaching server endpoint - No response received when attempting to reach /_stcore/health @ http://localhost:8501/static/js/index.k-9rUdPI.js:19
[ 4257576ms] [ERROR] Failed to load resource: net::ERR_CONNECTION_REFUSED @ http://localhost:8501/_stcore/host-config:0
[ 4261916ms] [ERROR] Failed to load resource: net::ERR_CONNECTION_REFUSED @ http://localhost:8501/_stcore/health:0
[ 4261916ms] [ERROR] Client Error in reaching server endpoint - No response received when attempting to reach /_stcore/health @ http://localhost:8501/static/js/index.k-9rUdPI.js:19
[ 4261917ms] [ERROR] Failed to load resource: net::ERR_CONNECTION_REFUSED @ http://localhost:8501/_stcore/host-config:0
[ 4266260ms] [ERROR] Failed to load resource: net::ERR_CONNECTION_REFUSED @ http://localhost:8501/_stcore/health:0
[ 4266261ms] [ERROR] Client Error in reaching server endpoint - No response received when attempting to reach /_stcore/health @ http://localhost:8501/static/js/index.k-9rUdPI.js:19
[ 4266262ms] [ERROR] Failed to load resource: net::ERR_CONNECTION_REFUSED @ http://localhost:8501/_stcore/host-config:0
[ 4270604ms] [ERROR] Failed to load resource: net::ERR_CONNECTION_REFUSED @ http://localhost:8501/_stcore/health:0
[ 4270604ms] [ERROR] Client Error in reaching server endpoint - No response received when attempting to reach /_stcore/health @ http://localhost:8501/static/js/index.k-9rUdPI.js:19
[ 4270605ms] [ERROR] Failed to load resource: net::ERR_CONNECTION_REFUSED @ http://localhost:8501/_stcore/host-config:0
[ 4274962ms] [ERROR] Failed to load resource: net::ERR_CONNECTION_REFUSED @ http://localhost:8501/_stcore/health:0
[ 4274962ms] [ERROR] Client Error in reaching server endpoint - No response received when attempting to reach /_stcore/health @ http://localhost:8501/static/js/index.k-9rUdPI.js:19
[ 4274963ms] [ERROR] Failed to load resource: net::ERR_CONNECTION_REFUSED @ http://localhost:8501/_stcore/host-config:0
[ 4279315ms] [ERROR] Failed to load resource: net::ERR_CONNECTION_REFUSED @ http://localhost:8501/_stcore/health:0
[ 4279315ms] [ERROR] Client Error in reaching server endpoint - No response received when attempting to reach /_stcore/health @ http://localhost:8501/static/js/index.k-9rUdPI.js:19
[ 4279316ms] [ERROR] Failed to load resource: net::ERR_CONNECTION_REFUSED @ http://localhost:8501/_stcore/host-config:0
[ 4283683ms] [ERROR] Failed to load resource: net::ERR_CONNECTION_REFUSED @ http://localhost:8501/_stcore/health:0
[ 4283683ms] [ERROR] Client Error in reaching server endpoint - No response received when attempting to reach /_stcore/health @ http://localhost:8501/static/js/index.k-9rUdPI.js:19
[ 4283684ms] [ERROR] Failed to load resource: net::ERR_CONNECTION_REFUSED @ http://localhost:8501/_stcore/host-config:0
[ 4288057ms] [ERROR] Failed to load resource: net::ERR_CONNECTION_REFUSED @ http://localhost:8501/_stcore/health:0
[ 4288057ms] [ERROR] Client Error in reaching server endpoint - No response received when attempting to reach /_stcore/health @ http://localhost:8501/static/js/index.k-9rUdPI.js:19
[ 4288058ms] [ERROR] Failed to load resource: net::ERR_CONNECTION_REFUSED @ http://localhost:8501/_stcore/host-config:0
[ 4292416ms] [ERROR] Failed to load resource: net::ERR_CONNECTION_REFUSED @ http://localhost:8501/_stcore/health:0
[ 4292416ms] [ERROR] Client Error in reaching server endpoint - No response received when attempting to reach /_stcore/health @ http://localhost:8501/static/js/index.k-9rUdPI.js:19
[ 4292417ms] [ERROR] Failed to load resource: net::ERR_CONNECTION_REFUSED @ http://localhost:8501/_stcore/host-config:0
[ 4296746ms] [ERROR] Failed to load resource: net::ERR_CONNECTION_REFUSED @ http://localhost:8501/_stcore/health:0
[ 4296746ms] [ERROR] Client Error in reaching server endpoint - No response received when attempting to reach /_stcore/health @ http://localhost:8501/static/js/index.k-9rUdPI.js:19
[ 4296761ms] [ERROR] Failed to load resource: net::ERR_CONNECTION_REFUSED @ http://localhost:8501/_stcore/host-config:0
[ 4301119ms] [ERROR] Failed to load resource: net::ERR_CONNECTION_REFUSED @ http://localhost:8501/_stcore/health:0
[ 4301119ms] [ERROR] Client Error in reaching server endpoint - No response received when attempting to reach /_stcore/health @ http://localhost:8501/static/js/index.k-9rUdPI.js:19
[ 4301123ms] [ERROR] Failed to load resource: net::ERR_CONNECTION_REFUSED @ http://localhost:8501/_stcore/host-config:0
[ 4305479ms] [ERROR] Failed to load resource: net::ERR_CONNECTION_REFUSED @ http://localhost:8501/_stcore/health:0
[ 4305479ms] [ERROR] Client Error in reaching server endpoint - No response received when attempting to reach /_stcore/health @ http://localhost:8501/static/js/index.k-9rUdPI.js:19
[ 4305480ms] [ERROR] Failed to load resource: net::ERR_CONNECTION_REFUSED @ http://localhost:8501/_stcore/host-config:0
[ 4309849ms] [ERROR] Failed to load resource: net::ERR_CONNECTION_REFUSED @ http://localhost:8501/_stcore/health:0
[ 4309849ms] [ERROR] Client Error in reaching server endpoint - No response received when attempting to reach /_stcore/health @ http://localhost:8501/static/js/index.k-9rUdPI.js:19
[ 4309851ms] [ERROR] Failed to load resource: net::ERR_CONNECTION_REFUSED @ http://localhost:8501/_stcore/host-config:0
[ 4314228ms] [ERROR] Failed to load resource: net::ERR_CONNECTION_REFUSED @ http://localhost:8501/_stcore/health:0
[ 4314228ms] [ERROR] Client Error in reaching server endpoint - No response received when attempting to reach /_stcore/health @ http://localhost:8501/static/js/index.k-9rUdPI.js:19
[ 4314229ms] [ERROR] Failed to load resource: net::ERR_CONNECTION_REFUSED @ http://localhost:8501/_stcore/host-config:0
[ 4318592ms] [ERROR] Failed to load resource: net::ERR_CONNECTION_REFUSED @ http://localhost:8501/_stcore/health:0
[ 4318593ms] [ERROR] Client Error in reaching server endpoint - No response received when attempting to reach /_stcore/health @ http://localhost:8501/static/js/index.k-9rUdPI.js:19
[ 4318594ms] [ERROR] Failed to load resource: net::ERR_CONNECTION_REFUSED @ http://localhost:8501/_stcore/host-config:0
[ 4322949ms] [ERROR] Failed to load resource: net::ERR_CONNECTION_REFUSED @ http://localhost:8501/_stcore/health:0
[ 4322949ms] [ERROR] Client Error in reaching server endpoint - No response received when attempting to reach /_stcore/health @ http://localhost:8501/static/js/index.k-9rUdPI.js:19
[ 4322951ms] [ERROR] Failed to load resource: net::ERR_CONNECTION_REFUSED @ http://localhost:8501/_stcore/host-config:0
[ 4327306ms] [ERROR] Failed to load resource: net::ERR_CONNECTION_REFUSED @ http://localhost:8501/_stcore/health:0
[ 4327307ms] [ERROR] Client Error in reaching server endpoint - No response received when attempting to reach /_stcore/health @ http://localhost:8501/static/js/index.k-9rUdPI.js:19
[ 4327308ms] [ERROR] Failed to load resource: net::ERR_CONNECTION_REFUSED @ http://localhost:8501/_stcore/host-config:0
[ 4331677ms] [ERROR] Failed to load resource: net::ERR_CONNECTION_REFUSED @ http://localhost:8501/_stcore/health:0
[ 4331677ms] [ERROR] Client Error in reaching server endpoint - No response received when attempting to reach /_stcore/health @ http://localhost:8501/static/js/index.k-9rUdPI.js:19
[ 4331679ms] [ERROR] Failed to load resource: net::ERR_CONNECTION_REFUSED @ http://localhost:8501/_stcore/host-config:0
[ 4336044ms] [ERROR] Failed to load resource: net::ERR_CONNECTION_REFUSED @ http://localhost:8501/_stcore/health:0
[ 4336044ms] [ERROR] Client Error in reaching server endpoint - No response received when attempting to reach /_stcore/health @ http://localhost:8501/static/js/index.k-9rUdPI.js:19
[ 4336063ms] [ERROR] Failed to load resource: net::ERR_CONNECTION_REFUSED @ http://localhost:8501/_stcore/host-config:0
[ 4340385ms] [ERROR] Failed to load resource: net::ERR_CONNECTION_REFUSED @ http://localhost:8501/_stcore/health:0
[ 4340385ms] [ERROR] Client Error in reaching server endpoint - No response received when attempting to reach /_stcore/health @ http://localhost:8501/static/js/index.k-9rUdPI.js:19
[ 4340387ms] [ERROR] Failed to load resource: net::ERR_CONNECTION_REFUSED @ http://localhost:8501/_stcore/host-config:0
[ 4344730ms] [ERROR] Failed to load resource: net::ERR_CONNECTION_REFUSED @ http://localhost:8501/_stcore/health:0
[ 4344730ms] [ERROR] Client Error in reaching server endpoint - No response received when attempting to reach /_stcore/health @ http://localhost:8501/static/js/index.k-9rUdPI.js:19
[ 4344746ms] [ERROR] Failed to load resource: net::ERR_CONNECTION_REFUSED @ http://localhost:8501/_stcore/host-config:0
[ 4349088ms] [ERROR] Failed to load resource: net::ERR_CONNECTION_REFUSED @ http://localhost:8501/_stcore/health:0
[ 4349088ms] [ERROR] Client Error in reaching server endpoint - No response received when attempting to reach /_stcore/health @ http://localhost:8501/static/js/index.k-9rUdPI.js:19
[ 4349089ms] [ERROR] Failed to load resource: net::ERR_CONNECTION_REFUSED @ http://localhost:8501/_stcore/host-config:0
[ 4353445ms] [ERROR] Failed to load resource: net::ERR_CONNECTION_REFUSED @ http://localhost:8501/_stcore/health:0
[ 4353445ms] [ERROR] Client Error in reaching server endpoint - No response received when attempting to reach /_stcore/health @ http://localhost:8501/static/js/index.k-9rUdPI.js:19
[ 4353447ms] [ERROR] Failed to load resource: net::ERR_CONNECTION_REFUSED @ http://localhost:8501/_stcore/host-config:0
[ 4357806ms] [ERROR] Failed to load resource: net::ERR_CONNECTION_REFUSED @ http://localhost:8501/_stcore/health:0
[ 4357806ms] [ERROR] Client Error in reaching server endpoint - No response received when attempting to reach /_stcore/health @ http://localhost:8501/static/js/index.k-9rUdPI.js:19
[ 4357810ms] [ERROR] Failed to load resource: net::ERR_CONNECTION_REFUSED @ http://localhost:8501/_stcore/host-config:0
[ 4362165ms] [ERROR] Failed to load resource: net::ERR_CONNECTION_REFUSED @ http://localhost:8501/_stcore/health:0
[ 4362165ms] [ERROR] Client Error in reaching server endpoint - No response received when attempting to reach /_stcore/health @ http://localhost:8501/static/js/index.k-9rUdPI.js:19
[ 4362167ms] [ERROR] Failed to load resource: net::ERR_CONNECTION_REFUSED @ http://localhost:8501/_stcore/host-config:0
[ 4366543ms] [ERROR] Failed to load resource: net::ERR_CONNECTION_REFUSED @ http://localhost:8501/_stcore/health:0
[ 4366543ms] [ERROR] Client Error in reaching server endpoint - No response received when attempting to reach /_stcore/health @ http://localhost:8501/static/js/index.k-9rUdPI.js:19
[ 4366544ms] [ERROR] Failed to load resource: net::ERR_CONNECTION_REFUSED @ http://localhost:8501/_stcore/host-config:0
[ 4370912ms] [ERROR] Failed to load resource: net::ERR_CONNECTION_REFUSED @ http://localhost:8501/_stcore/health:0
[ 4370913ms] [ERROR] Client Error in reaching server endpoint - No response received when attempting to reach /_stcore/health @ http://localhost:8501/static/js/index.k-9rUdPI.js:19
[ 4370914ms] [ERROR] Failed to load resource: net::ERR_CONNECTION_REFUSED @ http://localhost:8501/_stcore/host-config:0
[ 4375277ms] [ERROR] Failed to load resource: net::ERR_CONNECTION_REFUSED @ http://localhost:8501/_stcore/health:0
[ 4375277ms] [ERROR] Client Error in reaching server endpoint - No response received when attempting to reach /_stcore/health @ http://localhost:8501/static/js/index.k-9rUdPI.js:19
[ 4375278ms] [ERROR] Failed to load resource: net::ERR_CONNECTION_REFUSED @ http://localhost:8501/_stcore/host-config:0
[ 4379649ms] [ERROR] Failed to load resource: net::ERR_CONNECTION_REFUSED @ http://localhost:8501/_stcore/health:0
[ 4379649ms] [ERROR] Client Error in reaching server endpoint - No response received when attempting to reach /_stcore/health @ http://localhost:8501/static/js/index.k-9rUdPI.js:19
[ 4379650ms] [ERROR] Failed to load resource: net::ERR_CONNECTION_REFUSED @ http://localhost:8501/_stcore/host-config:0
[ 4383978ms] [ERROR] Failed to load resource: net::ERR_CONNECTION_REFUSED @ http://localhost:8501/_stcore/health:0
[ 4383978ms] [ERROR] Client Error in reaching server endpoint - No response received when attempting to reach /_stcore/health @ http://localhost:8501/static/js/index.k-9rUdPI.js:19
[ 4383980ms] [ERROR] Failed to load resource: net::ERR_CONNECTION_REFUSED @ http://localhost:8501/_stcore/host-config:0
[ 4388353ms] [ERROR] Failed to load resource: net::ERR_CONNECTION_REFUSED @ http://localhost:8501/_stcore/health:0
[ 4388353ms] [ERROR] Client Error in reaching server endpoint - No response received when attempting to reach /_stcore/health @ http://localhost:8501/static/js/index.k-9rUdPI.js:19
[ 4388355ms] [ERROR] Failed to load resource: net::ERR_CONNECTION_REFUSED @ http://localhost:8501/_stcore/host-config:0
[ 4392713ms] [ERROR] Failed to load resource: net::ERR_CONNECTION_REFUSED @ http://localhost:8501/_stcore/health:0
[ 4392713ms] [ERROR] Client Error in reaching server endpoint - No response received when attempting to reach /_stcore/health @ http://localhost:8501/static/js/index.k-9rUdPI.js:19
[ 4392714ms] [ERROR] Failed to load resource: net::ERR_CONNECTION_REFUSED @ http://localhost:8501/_stcore/host-config:0
[ 4397088ms] [ERROR] Failed to load resource: net::ERR_CONNECTION_REFUSED @ http://localhost:8501/_stcore/health:0
[ 4397088ms] [ERROR] Client Error in reaching server endpoint - No response received when attempting to reach /_stcore/health @ http://localhost:8501/static/js/index.k-9rUdPI.js:19
[ 4397089ms] [ERROR] Failed to load resource: net::ERR_CONNECTION_REFUSED @ http://localhost:8501/_stcore/host-config:0
[ 4401448ms] [ERROR] Failed to load resource: net::ERR_CONNECTION_REFUSED @ http://localhost:8501/_stcore/health:0
[ 4401448ms] [ERROR] Client Error in reaching server endpoint - No response received when attempting to reach /_stcore/health @ http://localhost:8501/static/js/index.k-9rUdPI.js:19
[ 4401450ms] [ERROR] Failed to load resource: net::ERR_CONNECTION_REFUSED @ http://localhost:8501/_stcore/host-config:0
[ 4405807ms] [ERROR] Failed to load resource: net::ERR_CONNECTION_REFUSED @ http://localhost:8501/_stcore/health:0
[ 4405807ms] [ERROR] Client Error in reaching server endpoint - No response received when attempting to reach /_stcore/health @ http://localhost:8501/static/js/index.k-9rUdPI.js:19
[ 4405823ms] [ERROR] Failed to load resource: net::ERR_CONNECTION_REFUSED @ http://localhost:8501/_stcore/host-config:0
[ 4410149ms] [ERROR] Failed to load resource: net::ERR_CONNECTION_REFUSED @ http://localhost:8501/_stcore/health:0
[ 4410149ms] [ERROR] Client Error in reaching server endpoint - No response received when attempting to reach /_stcore/health @ http://localhost:8501/static/js/index.k-9rUdPI.js:19
[ 4410151ms] [ERROR] Failed to load resource: net::ERR_CONNECTION_REFUSED @ http://localhost:8501/_stcore/host-config:0
[ 4414479ms] [ERROR] Failed to load resource: net::ERR_CONNECTION_REFUSED @ http://localhost:8501/_stcore/health:0
[ 4414479ms] [ERROR] Client Error in reaching server endpoint - No response received when attempting to reach /_stcore/health @ http://localhost:8501/static/js/index.k-9rUdPI.js:19
[ 4414480ms] [ERROR] Failed to load resource: net::ERR_CONNECTION_REFUSED @ http://localhost:8501/_stcore/host-config:0
[ 4418853ms] [ERROR] Failed to load resource: net::ERR_CONNECTION_REFUSED @ http://localhost:8501/_stcore/health:0
[ 4418853ms] [ERROR] Client Error in reaching server endpoint - No response received when attempting to reach /_stcore/health @ http://localhost:8501/static/js/index.k-9rUdPI.js:19
[ 4418854ms] [ERROR] Failed to load resource: net::ERR_CONNECTION_REFUSED @ http://localhost:8501/_stcore/host-config:0
[ 4423245ms] [ERROR] Failed to load resource: net::ERR_CONNECTION_REFUSED @ http://localhost:8501/_stcore/health:0
[ 4423245ms] [ERROR] Client Error in reaching server endpoint - No response received when attempting to reach /_stcore/health @ http://localhost:8501/static/js/index.k-9rUdPI.js:19
[ 4423246ms] [ERROR] Failed to load resource: net::ERR_CONNECTION_REFUSED @ http://localhost:8501/_stcore/host-config:0
[ 4427604ms] [ERROR] Failed to load resource: net::ERR_CONNECTION_REFUSED @ http://localhost:8501/_stcore/health:0
[ 4427604ms] [ERROR] Client Error in reaching server endpoint - No response received when attempting to reach /_stcore/health @ http://localhost:8501/static/js/index.k-9rUdPI.js:19
[ 4427619ms] [ERROR] Failed to load resource: net::ERR_CONNECTION_REFUSED @ http://localhost:8501/_stcore/host-config:0
[ 4431956ms] [ERROR] Failed to load resource: net::ERR_CONNECTION_REFUSED @ http://localhost:8501/_stcore/health:0
[ 4431956ms] [ERROR] Client Error in reaching server endpoint - No response received when attempting to reach /_stcore/health @ http://localhost:8501/static/js/index.k-9rUdPI.js:19
[ 4431958ms] [ERROR] Failed to load resource: net::ERR_CONNECTION_REFUSED @ http://localhost:8501/_stcore/host-config:0
[ 4436316ms] [ERROR] Failed to load resource: net::ERR_CONNECTION_REFUSED @ http://localhost:8501/_stcore/health:0
[ 4436316ms] [ERROR] Client Error in reaching server endpoint - No response received when attempting to reach /_stcore/health @ http://localhost:8501/static/js/index.k-9rUdPI.js:19
[ 4436317ms] [ERROR] Failed to load resource: net::ERR_CONNECTION_REFUSED @ http://localhost:8501/_stcore/host-config:0
[ 4440665ms] [ERROR] Failed to load resource: net::ERR_CONNECTION_REFUSED @ http://localhost:8501/_stcore/health:0
[ 4440665ms] [ERROR] Client Error in reaching server endpoint - No response received when attempting to reach /_stcore/health @ http://localhost:8501/static/js/index.k-9rUdPI.js:19
[ 4440666ms] [ERROR] Failed to load resource: net::ERR_CONNECTION_REFUSED @ http://localhost:8501/_stcore/host-config:0
[ 4445024ms] [ERROR] Failed to load resource: net::ERR_CONNECTION_REFUSED @ http://localhost:8501/_stcore/health:0
[ 4445024ms] [ERROR] Client Error in reaching server endpoint - No response received when attempting to reach /_stcore/health @ http://localhost:8501/static/js/index.k-9rUdPI.js:19
[ 4445040ms] [ERROR] Failed to load resource: net::ERR_CONNECTION_REFUSED @ http://localhost:8501/_stcore/host-config:0
[ 4449391ms] [ERROR] Failed to load resource: net::ERR_CONNECTION_REFUSED @ http://localhost:8501/_stcore/health:0
[ 4449391ms] [ERROR] Client Error in reaching server endpoint - No response received when attempting to reach /_stcore/health @ http://localhost:8501/static/js/index.k-9rUdPI.js:19
[ 4449416ms] [ERROR] Failed to load resource: net::ERR_CONNECTION_REFUSED @ http://localhost:8501/_stcore/host-config:0
[ 4453743ms] [ERROR] Failed to load resource: net::ERR_CONNECTION_REFUSED @ http://localhost:8501/_stcore/health:0
[ 4453743ms] [ERROR] Client Error in reaching server endpoint - No response received when attempting to reach /_stcore/health @ http://localhost:8501/static/js/index.k-9rUdPI.js:19
[ 4453744ms] [ERROR] Failed to load resource: net::ERR_CONNECTION_REFUSED @ http://localhost:8501/_stcore/host-config:0
[ 4458103ms] [ERROR] Failed to load resource: net::ERR_CONNECTION_REFUSED @ http://localhost:8501/_stcore/health:0
[ 4458103ms] [ERROR] Client Error in reaching server endpoint - No response received when attempting to reach /_stcore/health @ http://localhost:8501/static/js/index.k-9rUdPI.js:19
[ 4458105ms] [ERROR] Failed to load resource: net::ERR_CONNECTION_REFUSED @ http://localhost:8501/_stcore/host-config:0
[ 4462449ms] [ERROR] Failed to load resource: net::ERR_CONNECTION_REFUSED @ http://localhost:8501/_stcore/health:0
[ 4462449ms] [ERROR] Client Error in reaching server endpoint - No response received when attempting to reach /_stcore/health @ http://localhost:8501/static/js/index.k-9rUdPI.js:19
[ 4462450ms] [ERROR] Failed to load resource: net::ERR_CONNECTION_REFUSED @ http://localhost:8501/_stcore/host-config:0
[ 4466792ms] [ERROR] Failed to load resource: net::ERR_CONNECTION_REFUSED @ http://localhost:8501/_stcore/health:0
[ 4466792ms] [ERROR] Client Error in reaching server endpoint - No response received when attempting to reach /_stcore/health @ http://localhost:8501/static/js/index.k-9rUdPI.js:19
[ 4466817ms] [ERROR] Failed to load resource: net::ERR_CONNECTION_REFUSED @ http://localhost:8501/_stcore/host-config:0
[ 4471156ms] [ERROR] Failed to load resource: net::ERR_CONNECTION_REFUSED @ http://localhost:8501/_stcore/health:0
[ 4471156ms] [ERROR] Client Error in reaching server endpoint - No response received when attempting to reach /_stcore/health @ http://localhost:8501/static/js/index.k-9rUdPI.js:19
[ 4471158ms] [ERROR] Failed to load resource: net::ERR_CONNECTION_REFUSED @ http://localhost:8501/_stcore/host-config:0
[ 4475491ms] [ERROR] Failed to load resource: net::ERR_CONNECTION_REFUSED @ http://localhost:8501/_stcore/health:0
[ 4475491ms] [ERROR] Client Error in reaching server endpoint - No response received when attempting to reach /_stcore/health @ http://localhost:8501/static/js/index.k-9rUdPI.js:19
[ 4475506ms] [ERROR] Failed to load resource: net::ERR_CONNECTION_REFUSED @ http://localhost:8501/_stcore/host-config:0
[ 4479838ms] [ERROR] Failed to load resource: net::ERR_CONNECTION_REFUSED @ http://localhost:8501/_stcore/health:0
[ 4479838ms] [ERROR] Client Error in reaching server endpoint - No response received when attempting to reach /_stcore/health @ http://localhost:8501/static/js/index.k-9rUdPI.js:19
[ 4479839ms] [ERROR] Failed to load resource: net::ERR_CONNECTION_REFUSED @ http://localhost:8501/_stcore/host-config:0
[ 4484209ms] [ERROR] Failed to load resource: net::ERR_CONNECTION_REFUSED @ http://localhost:8501/_stcore/health:0
[ 4484209ms] [ERROR] Client Error in reaching server endpoint - No response received when attempting to reach /_stcore/health @ http://localhost:8501/static/js/index.k-9rUdPI.js:19
[ 4484209ms] [ERROR] Failed to load resource: net::ERR_CONNECTION_REFUSED @ http://localhost:8501/_stcore/host-config:0
[ 4488569ms] [ERROR] Failed to load resource: net::ERR_CONNECTION_REFUSED @ http://localhost:8501/_stcore/health:0
[ 4488569ms] [ERROR] Client Error in reaching server endpoint - No response received when attempting to reach /_stcore/health @ http://localhost:8501/static/js/index.k-9rUdPI.js:19
[ 4488570ms] [ERROR] Failed to load resource: net::ERR_CONNECTION_REFUSED @ http://localhost:8501/_stcore/host-config:0
[ 4492919ms] [ERROR] Failed to load resource: net::ERR_CONNECTION_REFUSED @ http://localhost:8501/_stcore/health:0
[ 4492919ms] [ERROR] Client Error in reaching server endpoint - No response received when attempting to reach /_stcore/health @ http://localhost:8501/static/js/index.k-9rUdPI.js:19
[ 4492921ms] [ERROR] Failed to load resource: net::ERR_CONNECTION_REFUSED @ http://localhost:8501/_stcore/host-config:0
[ 4497276ms] [ERROR] Failed to load resource: net::ERR_CONNECTION_REFUSED @ http://localhost:8501/_stcore/health:0
[ 4497276ms] [ERROR] Client Error in reaching server endpoint - No response received when attempting to reach /_stcore/health @ http://localhost:8501/static/js/index.k-9rUdPI.js:19
[ 4497277ms] [ERROR] Failed to load resource: net::ERR_CONNECTION_REFUSED @ http://localhost:8501/_stcore/host-config:0
[ 4501636ms] [ERROR] Failed to load resource: net::ERR_CONNECTION_REFUSED @ http://localhost:8501/_stcore/health:0
[ 4501636ms] [ERROR] Client Error in reaching server endpoint - No response received when attempting to reach /_stcore/health @ http://localhost:8501/static/js/index.k-9rUdPI.js:19
[ 4501637ms] [ERROR] Failed to load resource: net::ERR_CONNECTION_REFUSED @ http://localhost:8501/_stcore/host-config:0
[ 4505974ms] [ERROR] Failed to load resource: net::ERR_CONNECTION_REFUSED @ http://localhost:8501/_stcore/health:0
[ 4505974ms] [ERROR] Client Error in reaching server endpoint - No response received when attempting to reach /_stcore/health @ http://localhost:8501/static/js/index.k-9rUdPI.js:19
[ 4505989ms] [ERROR] Failed to load resource: net::ERR_CONNECTION_REFUSED @ http://localhost:8501/_stcore/host-config:0
[ 4510339ms] [ERROR] Failed to load resource: net::ERR_CONNECTION_REFUSED @ http://localhost:8501/_stcore/health:0
[ 4510339ms] [ERROR] Client Error in reaching server endpoint - No response received when attempting to reach /_stcore/health @ http://localhost:8501/static/js/index.k-9rUdPI.js:19
[ 4510340ms] [ERROR] Failed to load resource: net::ERR_CONNECTION_REFUSED @ http://localhost:8501/_stcore/host-config:0
[ 4514693ms] [ERROR] Failed to load resource: net::ERR_CONNECTION_REFUSED @ http://localhost:8501/_stcore/health:0
[ 4514693ms] [ERROR] Client Error in reaching server endpoint - No response received when attempting to reach /_stcore/health @ http://localhost:8501/static/js/index.k-9rUdPI.js:19
[ 4514694ms] [ERROR] Failed to load resource: net::ERR_CONNECTION_REFUSED @ http://localhost:8501/_stcore/host-config:0
[ 4519040ms] [ERROR] Failed to load resource: net::ERR_CONNECTION_REFUSED @ http://localhost:8501/_stcore/health:0
[ 4519040ms] [ERROR] Client Error in reaching server endpoint - No response received when attempting to reach /_stcore/health @ http://localhost:8501/static/js/index.k-9rUdPI.js:19
[ 4519072ms] [ERROR] Failed to load resource: net::ERR_CONNECTION_REFUSED @ http://localhost:8501/_stcore/host-config:0
[ 4523401ms] [ERROR] Failed to load resource: net::ERR_CONNECTION_REFUSED @ http://localhost:8501/_stcore/health:0
[ 4523401ms] [ERROR] Client Error in reaching server endpoint - No response received when attempting to reach /_stcore/health @ http://localhost:8501/static/js/index.k-9rUdPI.js:19
[ 4523402ms] [ERROR] Failed to load resource: net::ERR_CONNECTION_REFUSED @ http://localhost:8501/_stcore/host-config:0
[ 4527746ms] [ERROR] Failed to load resource: net::ERR_CONNECTION_REFUSED @ http://localhost:8501/_stcore/health:0
[ 4527746ms] [ERROR] Client Error in reaching server endpoint - No response received when attempting to reach /_stcore/health @ http://localhost:8501/static/js/index.k-9rUdPI.js:19
[ 4527747ms] [ERROR] Failed to load resource: net::ERR_CONNECTION_REFUSED @ http://localhost:8501/_stcore/host-config:0
[ 4532089ms] [ERROR] Failed to load resource: net::ERR_CONNECTION_REFUSED @ http://localhost:8501/_stcore/health:0
[ 4532089ms] [ERROR] Client Error in reaching server endpoint - No response received when attempting to reach /_stcore/health @ http://localhost:8501/static/js/index.k-9rUdPI.js:19
[ 4532091ms] [ERROR] Failed to load resource: net::ERR_CONNECTION_REFUSED @ http://localhost:8501/_stcore/host-config:0
[ 4536455ms] [ERROR] Failed to load resource: net::ERR_CONNECTION_REFUSED @ http://localhost:8501/_stcore/health:0
[ 4536455ms] [ERROR] Client Error in reaching server endpoint - No response received when attempting to reach /_stcore/health @ http://localhost:8501/static/js/index.k-9rUdPI.js:19
[ 4536457ms] [ERROR] Failed to load resource: net::ERR_CONNECTION_REFUSED @ http://localhost:8501/_stcore/host-config:0
[ 4540822ms] [ERROR] Failed to load resource: net::ERR_CONNECTION_REFUSED @ http://localhost:8501/_stcore/health:0
[ 4540822ms] [ERROR] Client Error in reaching server endpoint - No response received when attempting to reach /_stcore/health @ http://localhost:8501/static/js/index.k-9rUdPI.js:19
[ 4540823ms] [ERROR] Failed to load resource: net::ERR_CONNECTION_REFUSED @ http://localhost:8501/_stcore/host-config:0
[ 4545179ms] [ERROR] Failed to load resource: net::ERR_CONNECTION_REFUSED @ http://localhost:8501/_stcore/health:0
[ 4545179ms] [ERROR] Client Error in reaching server endpoint - No response received when attempting to reach /_stcore/health @ http://localhost:8501/static/js/index.k-9rUdPI.js:19
[ 4545180ms] [ERROR] Failed to load resource: net::ERR_CONNECTION_REFUSED @ http://localhost:8501/_stcore/host-config:0
[ 4549521ms] [ERROR] Failed to load resource: net::ERR_CONNECTION_REFUSED @ http://localhost:8501/_stcore/health:0
[ 4549522ms] [ERROR] Client Error in reaching server endpoint - No response received when attempting to reach /_stcore/health @ http://localhost:8501/static/js/index.k-9rUdPI.js:19
[ 4549525ms] [ERROR] Failed to load resource: net::ERR_CONNECTION_REFUSED @ http://localhost:8501/_stcore/host-config:0
[ 4553952ms] [ERROR] Failed to load resource: net::ERR_CONNECTION_REFUSED @ http://localhost:8501/_stcore/health:0
[ 4553953ms] [ERROR] Client Error in reaching server endpoint - No response received when attempting to reach /_stcore/health @ http://localhost:8501/static/js/index.k-9rUdPI.js:19
[ 4553954ms] [ERROR] Failed to load resource: net::ERR_CONNECTION_REFUSED @ http://localhost:8501/_stcore/host-config:0
[ 4558291ms] [ERROR] Failed to load resource: net::ERR_CONNECTION_REFUSED @ http://localhost:8501/_stcore/health:0
[ 4558291ms] [ERROR] Client Error in reaching server endpoint - No response received when attempting to reach /_stcore/health @ http://localhost:8501/static/js/index.k-9rUdPI.js:19
[ 4558292ms] [ERROR] Failed to load resource: net::ERR_CONNECTION_REFUSED @ http://localhost:8501/_stcore/host-config:0
[ 4562665ms] [ERROR] Failed to load resource: net::ERR_CONNECTION_REFUSED @ http://localhost:8501/_stcore/health:0
[ 4562665ms] [ERROR] Client Error in reaching server endpoint - No response received when attempting to reach /_stcore/health @ http://localhost:8501/static/js/index.k-9rUdPI.js:19
[ 4562666ms] [ERROR] Failed to load resource: net::ERR_CONNECTION_REFUSED @ http://localhost:8501/_stcore/host-config:0
[ 4567036ms] [ERROR] Failed to load resource: net::ERR_CONNECTION_REFUSED @ http://localhost:8501/_stcore/health:0
[ 4567036ms] [ERROR] Client Error in reaching server endpoint - No response received when attempting to reach /_stcore/health @ http://localhost:8501/static/js/index.k-9rUdPI.js:19
[ 4567037ms] [ERROR] Failed to load resource: net::ERR_CONNECTION_REFUSED @ http://localhost:8501/_stcore/host-config:0
[ 4571382ms] [ERROR] Failed to load resource: net::ERR_CONNECTION_REFUSED @ http://localhost:8501/_stcore/health:0
[ 4571382ms] [ERROR] Client Error in reaching server endpoint - No response received when attempting to reach /_stcore/health @ http://localhost:8501/static/js/index.k-9rUdPI.js:19
[ 4571384ms] [ERROR] Failed to load resource: net::ERR_CONNECTION_REFUSED @ http://localhost:8501/_stcore/host-config:0
[ 4575714ms] [ERROR] Failed to load resource: net::ERR_CONNECTION_REFUSED @ http://localhost:8501/_stcore/health:0
[ 4575714ms] [ERROR] Client Error in reaching server endpoint - No response received when attempting to reach /_stcore/health @ http://localhost:8501/static/js/index.k-9rUdPI.js:19
[ 4575715ms] [ERROR] Failed to load resource: net::ERR_CONNECTION_REFUSED @ http://localhost:8501/_stcore/host-config:0
[ 4580083ms] [ERROR] Failed to load resource: net::ERR_CONNECTION_REFUSED @ http://localhost:8501/_stcore/health:0
[ 4580083ms] [ERROR] Client Error in reaching server endpoint - No response received when attempting to reach /_stcore/health @ http://localhost:8501/static/js/index.k-9rUdPI.js:19
[ 4580085ms] [ERROR] Failed to load resource: net::ERR_CONNECTION_REFUSED @ http://localhost:8501/_stcore/host-config:0
[ 4584435ms] [ERROR] Failed to load resource: net::ERR_CONNECTION_REFUSED @ http://localhost:8501/_stcore/health:0
[ 4584435ms] [ERROR] Client Error in reaching server endpoint - No response received when attempting to reach /_stcore/health @ http://localhost:8501/static/js/index.k-9rUdPI.js:19
[ 4584436ms] [ERROR] Failed to load resource: net::ERR_CONNECTION_REFUSED @ http://localhost:8501/_stcore/host-config:0
[ 4588758ms] [ERROR] Failed to load resource: net::ERR_CONNECTION_REFUSED @ http://localhost:8501/_stcore/health:0
[ 4588759ms] [ERROR] Client Error in reaching server endpoint - No response received when attempting to reach /_stcore/health @ http://localhost:8501/static/js/index.k-9rUdPI.js:19
[ 4588760ms] [ERROR] Failed to load resource: net::ERR_CONNECTION_REFUSED @ http://localhost:8501/_stcore/host-config:0
[ 4593100ms] [ERROR] Failed to load resource: net::ERR_CONNECTION_REFUSED @ http://localhost:8501/_stcore/health:0
[ 4593100ms] [ERROR] Client Error in reaching server endpoint - No response received when attempting to reach /_stcore/health @ http://localhost:8501/static/js/index.k-9rUdPI.js:19
[ 4593101ms] [ERROR] Failed to load resource: net::ERR_CONNECTION_REFUSED @ http://localhost:8501/_stcore/host-config:0
[ 4597447ms] [ERROR] Failed to load resource: net::ERR_CONNECTION_REFUSED @ http://localhost:8501/_stcore/health:0
[ 4597447ms] [ERROR] Client Error in reaching server endpoint - No response received when attempting to reach /_stcore/health @ http://localhost:8501/static/js/index.k-9rUdPI.js:19
[ 4597448ms] [ERROR] Failed to load resource: net::ERR_CONNECTION_REFUSED @ http://localhost:8501/_stcore/host-config:0
[ 4601792ms] [ERROR] Failed to load resource: net::ERR_CONNECTION_REFUSED @ http://localhost:8501/_stcore/health:0
[ 4601792ms] [ERROR] Client Error in reaching server endpoint - No response received when attempting to reach /_stcore/health @ http://localhost:8501/static/js/index.k-9rUdPI.js:19
[ 4601793ms] [ERROR] Failed to load resource: net::ERR_CONNECTION_REFUSED @ http://localhost:8501/_stcore/host-config:0
[ 4606151ms] [ERROR] Failed to load resource: net::ERR_CONNECTION_REFUSED @ http://localhost:8501/_stcore/health:0
[ 4606151ms] [ERROR] Client Error in reaching server endpoint - No response received when attempting to reach /_stcore/health @ http://localhost:8501/static/js/index.k-9rUdPI.js:19
[ 4606152ms] [ERROR] Failed to load resource: net::ERR_CONNECTION_REFUSED @ http://localhost:8501/_stcore/host-config:0
[ 4610503ms] [ERROR] Failed to load resource: net::ERR_CONNECTION_REFUSED @ http://localhost:8501/_stcore/health:0
[ 4610503ms] [ERROR] Client Error in reaching server endpoint - No response received when attempting to reach /_stcore/health @ http://localhost:8501/static/js/index.k-9rUdPI.js:19
[ 4610504ms] [ERROR] Failed to load resource: net::ERR_CONNECTION_REFUSED @ http://localhost:8501/_stcore/host-config:0
[ 4614852ms] [ERROR] Failed to load resource: net::ERR_CONNECTION_REFUSED @ http://localhost:8501/_stcore/health:0
[ 4614853ms] [ERROR] Client Error in reaching server endpoint - No response received when attempting to reach /_stcore/health @ http://localhost:8501/static/js/index.k-9rUdPI.js:19
[ 4614854ms] [ERROR] Failed to load resource: net::ERR_CONNECTION_REFUSED @ http://localhost:8501/_stcore/host-config:0
[ 4619212ms] [ERROR] Failed to load resource: net::ERR_CONNECTION_REFUSED @ http://localhost:8501/_stcore/health:0
[ 4619212ms] [ERROR] Client Error in reaching server endpoint - No response received when attempting to reach /_stcore/health @ http://localhost:8501/static/js/index.k-9rUdPI.js:19
[ 4619228ms] [ERROR] Failed to load resource: net::ERR_CONNECTION_REFUSED @ http://localhost:8501/_stcore/host-config:0
[ 4623565ms] [ERROR] Failed to load resource: net::ERR_CONNECTION_REFUSED @ http://localhost:8501/_stcore/health:0
[ 4623565ms] [ERROR] Client Error in reaching server endpoint - No response received when attempting to reach /_stcore/health @ http://localhost:8501/static/js/index.k-9rUdPI.js:19
[ 4623578ms] [ERROR] Failed to load resource: net::ERR_CONNECTION_REFUSED @ http://localhost:8501/_stcore/host-config:0
[ 4627936ms] [ERROR] Failed to load resource: net::ERR_CONNECTION_REFUSED @ http://localhost:8501/_stcore/health:0
[ 4627936ms] [ERROR] Client Error in reaching server endpoint - No response received when attempting to reach /_stcore/health @ http://localhost:8501/static/js/index.k-9rUdPI.js:19
[ 4627951ms] [ERROR] Failed to load resource: net::ERR_CONNECTION_REFUSED @ http://localhost:8501/_stcore/host-config:0
[ 4632278ms] [ERROR] Failed to load resource: net::ERR_CONNECTION_REFUSED @ http://localhost:8501/_stcore/health:0
[ 4632279ms] [ERROR] Client Error in reaching server endpoint - No response received when attempting to reach /_stcore/health @ http://localhost:8501/static/js/index.k-9rUdPI.js:19
[ 4632306ms] [ERROR] Failed to load resource: net::ERR_CONNECTION_REFUSED @ http://localhost:8501/_stcore/host-config:0
[ 4636626ms] [ERROR] Failed to load resource: net::ERR_CONNECTION_REFUSED @ http://localhost:8501/_stcore/health:0
[ 4636626ms] [ERROR] Client Error in reaching server endpoint - No response received when attempting to reach /_stcore/health @ http://localhost:8501/static/js/index.k-9rUdPI.js:19
[ 4636627ms] [ERROR] Failed to load resource: net::ERR_CONNECTION_REFUSED @ http://localhost:8501/_stcore/host-config:0
[ 4641009ms] [ERROR] Failed to load resource: net::ERR_CONNECTION_REFUSED @ http://localhost:8501/_stcore/health:0
[ 4641009ms] [ERROR] Client Error in reaching server endpoint - No response received when attempting to reach /_stcore/health @ http://localhost:8501/static/js/index.k-9rUdPI.js:19
[ 4641010ms] [ERROR] Failed to load resource: net::ERR_CONNECTION_REFUSED @ http://localhost:8501/_stcore/host-config:0
[ 4645353ms] [ERROR] Failed to load resource: net::ERR_CONNECTION_REFUSED @ http://localhost:8501/_stcore/health:0
[ 4645353ms] [ERROR] Client Error in reaching server endpoint - No response received when attempting to reach /_stcore/health @ http://localhost:8501/static/js/index.k-9rUdPI.js:19
[ 4645354ms] [ERROR] Failed to load resource: net::ERR_CONNECTION_REFUSED @ http://localhost:8501/_stcore/host-config:0
[ 4649713ms] [ERROR] Failed to load resource: net::ERR_CONNECTION_REFUSED @ http://localhost:8501/_stcore/health:0
[ 4649713ms] [ERROR] Client Error in reaching server endpoint - No response received when attempting to reach /_stcore/health @ http://localhost:8501/static/js/index.k-9rUdPI.js:19
[ 4649734ms] [ERROR] Failed to load resource: net::ERR_CONNECTION_REFUSED @ http://localhost:8501/_stcore/host-config:0
[ 4654095ms] [ERROR] Failed to load resource: net::ERR_CONNECTION_REFUSED @ http://localhost:8501/_stcore/health:0
[ 4654095ms] [ERROR] Client Error in reaching server endpoint - No response received when attempting to reach /_stcore/health @ http://localhost:8501/static/js/index.k-9rUdPI.js:19
[ 4654096ms] [ERROR] Failed to load resource: net::ERR_CONNECTION_REFUSED @ http://localhost:8501/_stcore/host-config:0
[ 4658447ms] [ERROR] Failed to load resource: net::ERR_CONNECTION_REFUSED @ http://localhost:8501/_stcore/health:0
[ 4658447ms] [ERROR] Client Error in reaching server endpoint - No response received when attempting to reach /_stcore/health @ http://localhost:8501/static/js/index.k-9rUdPI.js:19
[ 4658448ms] [ERROR] Failed to load resource: net::ERR_CONNECTION_REFUSED @ http://localhost:8501/_stcore/host-config:0
[ 4662806ms] [ERROR] Failed to load resource: net::ERR_CONNECTION_REFUSED @ http://localhost:8501/_stcore/health:0
[ 4662807ms] [ERROR] Client Error in reaching server endpoint - No response received when attempting to reach /_stcore/health @ http://localhost:8501/static/js/index.k-9rUdPI.js:19
[ 4662808ms] [ERROR] Failed to load resource: net::ERR_CONNECTION_REFUSED @ http://localhost:8501/_stcore/host-config:0
[ 4667167ms] [ERROR] Failed to load resource: net::ERR_CONNECTION_REFUSED @ http://localhost:8501/_stcore/health:0
[ 4667167ms] [ERROR] Client Error in reaching server endpoint - No response received when attempting to reach /_stcore/health @ http://localhost:8501/static/js/index.k-9rUdPI.js:19
[ 4667183ms] [ERROR] Failed to load resource: net::ERR_CONNECTION_REFUSED @ http://localhost:8501/_stcore/host-config:0
[ 4671544ms] [ERROR] Failed to load resource: net::ERR_CONNECTION_REFUSED @ http://localhost:8501/_stcore/health:0
[ 4671544ms] [ERROR] Client Error in reaching server endpoint - No response received when attempting to reach /_stcore/health @ http://localhost:8501/static/js/index.k-9rUdPI.js:19
[ 4671545ms] [ERROR] Failed to load resource: net::ERR_CONNECTION_REFUSED @ http://localhost:8501/_stcore/host-config:0
[ 4675902ms] [ERROR] Failed to load resource: net::ERR_CONNECTION_REFUSED @ http://localhost:8501/_stcore/health:0
[ 4675902ms] [ERROR] Client Error in reaching server endpoint - No response received when attempting to reach /_stcore/health @ http://localhost:8501/static/js/index.k-9rUdPI.js:19
[ 4675903ms] [ERROR] Failed to load resource: net::ERR_CONNECTION_REFUSED @ http://localhost:8501/_stcore/host-config:0
[ 4680275ms] [ERROR] Failed to load resource: net::ERR_CONNECTION_REFUSED @ http://localhost:8501/_stcore/health:0
[ 4680275ms] [ERROR] Client Error in reaching server endpoint - No response received when attempting to reach /_stcore/health @ http://localhost:8501/static/js/index.k-9rUdPI.js:19
[ 4680276ms] [ERROR] Failed to load resource: net::ERR_CONNECTION_REFUSED @ http://localhost:8501/_stcore/host-config:0
[ 4684876ms] [ERROR] Failed to load resource: net::ERR_CONNECTION_REFUSED @ http://localhost:8501/_stcore/health:0
[ 4684876ms] [ERROR] Client Error in reaching server endpoint - No response received when attempting to reach /_stcore/health @ http://localhost:8501/static/js/index.k-9rUdPI.js:19
[ 4684878ms] [ERROR] Failed to load resource: net::ERR_CONNECTION_REFUSED @ http://localhost:8501/_stcore/host-config:0
[ 4689242ms] [ERROR] Failed to load resource: net::ERR_CONNECTION_REFUSED @ http://localhost:8501/_stcore/health:0
[ 4689242ms] [ERROR] Client Error in reaching server endpoint - No response received when attempting to reach /_stcore/health @ http://localhost:8501/static/js/index.k-9rUdPI.js:19
[ 4689259ms] [ERROR] Failed to load resource: net::ERR_CONNECTION_REFUSED @ http://localhost:8501/_stcore/host-config:0
[ 4693587ms] [ERROR] Failed to load resource: net::ERR_CONNECTION_REFUSED @ http://localhost:8501/_stcore/health:0
[ 4693587ms] [ERROR] Client Error in reaching server endpoint - No response received when attempting to reach /_stcore/health @ http://localhost:8501/static/js/index.k-9rUdPI.js:19
[ 4693603ms] [ERROR] Failed to load resource: net::ERR_CONNECTION_REFUSED @ http://localhost:8501/_stcore/host-config:0
[ 4698011ms] [ERROR] Failed to load resource: net::ERR_CONNECTION_REFUSED @ http://localhost:8501/_stcore/health:0
[ 4698012ms] [ERROR] Client Error in reaching server endpoint - No response received when attempting to reach /_stcore/health @ http://localhost:8501/static/js/index.k-9rUdPI.js:19
[ 4698013ms] [ERROR] Failed to load resource: net::ERR_CONNECTION_REFUSED @ http://localhost:8501/_stcore/host-config:0
[ 4702379ms] [ERROR] Failed to load resource: net::ERR_CONNECTION_REFUSED @ http://localhost:8501/_stcore/health:0
[ 4702379ms] [ERROR] Client Error in reaching server endpoint - No response received when attempting to reach /_stcore/health @ http://localhost:8501/static/js/index.k-9rUdPI.js:19
[ 4702380ms] [ERROR] Failed to load resource: net::ERR_CONNECTION_REFUSED @ http://localhost:8501/_stcore/host-config:0
[ 4706747ms] [ERROR] Failed to load resource: net::ERR_CONNECTION_REFUSED @ http://localhost:8501/_stcore/health:0
[ 4706748ms] [ERROR] Client Error in reaching server endpoint - No response received when attempting to reach /_stcore/health @ http://localhost:8501/static/js/index.k-9rUdPI.js:19
[ 4706749ms] [ERROR] Failed to load resource: net::ERR_CONNECTION_REFUSED @ http://localhost:8501/_stcore/host-config:0
[ 4711107ms] [ERROR] Failed to load resource: net::ERR_CONNECTION_REFUSED @ http://localhost:8501/_stcore/health:0
[ 4711107ms] [ERROR] Client Error in reaching server endpoint - No response received when attempting to reach /_stcore/health @ http://localhost:8501/static/js/index.k-9rUdPI.js:19
[ 4711108ms] [ERROR] Failed to load resource: net::ERR_CONNECTION_REFUSED @ http://localhost:8501/_stcore/host-config:0
[ 4715463ms] [ERROR] Failed to load resource: net::ERR_CONNECTION_REFUSED @ http://localhost:8501/_stcore/health:0
[ 4715463ms] [ERROR] Client Error in reaching server endpoint - No response received when attempting to reach /_stcore/health @ http://localhost:8501/static/js/index.k-9rUdPI.js:19
[ 4715465ms] [ERROR] Failed to load resource: net::ERR_CONNECTION_REFUSED @ http://localhost:8501/_stcore/host-config:0
[ 4719833ms] [ERROR] Failed to load resource: net::ERR_CONNECTION_REFUSED @ http://localhost:8501/_stcore/health:0
[ 4719833ms] [ERROR] Client Error in reaching server endpoint - No response received when attempting to reach /_stcore/health @ http://localhost:8501/static/js/index.k-9rUdPI.js:19
[ 4719835ms] [ERROR] Failed to load resource: net::ERR_CONNECTION_REFUSED @ http://localhost:8501/_stcore/host-config:0
[ 4724189ms] [ERROR] Failed to load resource: net::ERR_CONNECTION_REFUSED @ http://localhost:8501/_stcore/health:0
[ 4724189ms] [ERROR] Client Error in reaching server endpoint - No response received when attempting to reach /_stcore/health @ http://localhost:8501/static/js/index.k-9rUdPI.js:19
[ 4724191ms] [ERROR] Failed to load resource: net::ERR_CONNECTION_REFUSED @ http://localhost:8501/_stcore/host-config:0
[ 4728611ms] [ERROR] Failed to load resource: net::ERR_CONNECTION_REFUSED @ http://localhost:8501/_stcore/health:0
[ 4728611ms] [ERROR] Client Error in reaching server endpoint - No response received when attempting to reach /_stcore/health @ http://localhost:8501/static/js/index.k-9rUdPI.js:19
[ 4728697ms] [ERROR] Failed to load resource: net::ERR_CONNECTION_REFUSED @ http://localhost:8501/_stcore/host-config:0
[ 4732963ms] [ERROR] Failed to load resource: net::ERR_CONNECTION_REFUSED @ http://localhost:8501/_stcore/health:0
[ 4732963ms] [ERROR] Client Error in reaching server endpoint - No response received when attempting to reach /_stcore/health @ http://localhost:8501/static/js/index.k-9rUdPI.js:19
[ 4732964ms] [ERROR] Failed to load resource: net::ERR_CONNECTION_REFUSED @ http://localhost:8501/_stcore/host-config:0
[ 4737340ms] [ERROR] Failed to load resource: net::ERR_CONNECTION_REFUSED @ http://localhost:8501/_stcore/health:0
[ 4737340ms] [ERROR] Client Error in reaching server endpoint - No response received when attempting to reach /_stcore/health @ http://localhost:8501/static/js/index.k-9rUdPI.js:19
[ 4737341ms] [ERROR] Failed to load resource: net::ERR_CONNECTION_REFUSED @ http://localhost:8501/_stcore/host-config:0
[ 4741712ms] [ERROR] Failed to load resource: net::ERR_CONNECTION_REFUSED @ http://localhost:8501/_stcore/health:0
[ 4741713ms] [ERROR] Client Error in reaching server endpoint - No response received when attempting to reach /_stcore/health @ http://localhost:8501/static/js/index.k-9rUdPI.js:19
[ 4741714ms] [ERROR] Failed to load resource: net::ERR_CONNECTION_REFUSED @ http://localhost:8501/_stcore/host-config:0
[ 4746088ms] [ERROR] Failed to load resource: net::ERR_CONNECTION_REFUSED @ http://localhost:8501/_stcore/health:0
[ 4746089ms] [ERROR] Client Error in reaching server endpoint - No response received when attempting to reach /_stcore/health @ http://localhost:8501/static/js/index.k-9rUdPI.js:19
[ 4746090ms] [ERROR] Failed to load resource: net::ERR_CONNECTION_REFUSED @ http://localhost:8501/_stcore/host-config:0
[ 4750429ms] [ERROR] Failed to load resource: net::ERR_CONNECTION_REFUSED @ http://localhost:8501/_stcore/health:0
[ 4750429ms] [ERROR] Client Error in reaching server endpoint - No response received when attempting to reach /_stcore/health @ http://localhost:8501/static/js/index.k-9rUdPI.js:19
[ 4750445ms] [ERROR] Failed to load resource: net::ERR_CONNECTION_REFUSED @ http://localhost:8501/_stcore/host-config:0
[ 4754791ms] [ERROR] Failed to load resource: net::ERR_CONNECTION_REFUSED @ http://localhost:8501/_stcore/health:0
[ 4754791ms] [ERROR] Client Error in reaching server endpoint - No response received when attempting to reach /_stcore/health @ http://localhost:8501/static/js/index.k-9rUdPI.js:19
[ 4754793ms] [ERROR] Failed to load resource: net::ERR_CONNECTION_REFUSED @ http://localhost:8501/_stcore/host-config:0
[ 4759136ms] [ERROR] Failed to load resource: net::ERR_CONNECTION_REFUSED @ http://localhost:8501/_stcore/health:0
[ 4759136ms] [ERROR] Client Error in reaching server endpoint - No response received when attempting to reach /_stcore/health @ http://localhost:8501/static/js/index.k-9rUdPI.js:19
[ 4759168ms] [ERROR] Failed to load resource: net::ERR_CONNECTION_REFUSED @ http://localhost:8501/_stcore/host-config:0
[ 4763495ms] [ERROR] Failed to load resource: net::ERR_CONNECTION_REFUSED @ http://localhost:8501/_stcore/health:0
[ 4763495ms] [ERROR] Client Error in reaching server endpoint - No response received when attempting to reach /_stcore/health @ http://localhost:8501/static/js/index.k-9rUdPI.js:19
[ 4763497ms] [ERROR] Failed to load resource: net::ERR_CONNECTION_REFUSED @ http://localhost:8501/_stcore/host-config:0
[ 4767858ms] [ERROR] Failed to load resource: net::ERR_CONNECTION_REFUSED @ http://localhost:8501/_stcore/health:0
[ 4767858ms] [ERROR] Client Error in reaching server endpoint - No response received when attempting to reach /_stcore/health @ http://localhost:8501/static/js/index.k-9rUdPI.js:19
[ 4767858ms] [ERROR] Failed to load resource: net::ERR_CONNECTION_REFUSED @ http://localhost:8501/_stcore/host-config:0
[ 4772193ms] [ERROR] Failed to load resource: net::ERR_CONNECTION_REFUSED @ http://localhost:8501/_stcore/health:0
[ 4772193ms] [ERROR] Client Error in reaching server endpoint - No response received when attempting to reach /_stcore/health @ http://localhost:8501/static/js/index.k-9rUdPI.js:19
[ 4772366ms] [ERROR] Failed to load resource: net::ERR_CONNECTION_REFUSED @ http://localhost:8501/_stcore/host-config:0
[ 4776540ms] [ERROR] Failed to load resource: net::ERR_CONNECTION_REFUSED @ http://localhost:8501/_stcore/health:0
[ 4776540ms] [ERROR] Client Error in reaching server endpoint - No response received when attempting to reach /_stcore/health @ http://localhost:8501/static/js/index.k-9rUdPI.js:19
[ 4776542ms] [ERROR] Failed to load resource: net::ERR_CONNECTION_REFUSED @ http://localhost:8501/_stcore/host-config:0
[ 4780899ms] [ERROR] Failed to load resource: net::ERR_CONNECTION_REFUSED @ http://localhost:8501/_stcore/health:0
[ 4780899ms] [ERROR] Client Error in reaching server endpoint - No response received when attempting to reach /_stcore/health @ http://localhost:8501/static/js/index.k-9rUdPI.js:19
[ 4780901ms] [ERROR] Failed to load resource: net::ERR_CONNECTION_REFUSED @ http://localhost:8501/_stcore/host-config:0
[ 4785260ms] [ERROR] Failed to load resource: net::ERR_CONNECTION_REFUSED @ http://localhost:8501/_stcore/health:0
[ 4785260ms] [ERROR] Client Error in reaching server endpoint - No response received when attempting to reach /_stcore/health @ http://localhost:8501/static/js/index.k-9rUdPI.js:19
[ 4785261ms] [ERROR] Failed to load resource: net::ERR_CONNECTION_REFUSED @ http://localhost:8501/_stcore/host-config:0
[ 4789626ms] [ERROR] Failed to load resource: net::ERR_CONNECTION_REFUSED @ http://localhost:8501/_stcore/health:0
[ 4789627ms] [ERROR] Client Error in reaching server endpoint - No response received when attempting to reach /_stcore/health @ http://localhost:8501/static/js/index.k-9rUdPI.js:19
[ 4789628ms] [ERROR] Failed to load resource: net::ERR_CONNECTION_REFUSED @ http://localhost:8501/_stcore/host-config:0
[ 4793976ms] [ERROR] Failed to load resource: net::ERR_CONNECTION_REFUSED @ http://localhost:8501/_stcore/health:0
[ 4793976ms] [ERROR] Client Error in reaching server endpoint - No response received when attempting to reach /_stcore/health @ http://localhost:8501/static/js/index.k-9rUdPI.js:19
[ 4793977ms] [ERROR] Failed to load resource: net::ERR_CONNECTION_REFUSED @ http://localhost:8501/_stcore/host-config:0
[ 4798338ms] [ERROR] Failed to load resource: net::ERR_CONNECTION_REFUSED @ http://localhost:8501/_stcore/health:0
[ 4798338ms] [ERROR] Client Error in reaching server endpoint - No response received when attempting to reach /_stcore/health @ http://localhost:8501/static/js/index.k-9rUdPI.js:19
[ 4798339ms] [ERROR] Failed to load resource: net::ERR_CONNECTION_REFUSED @ http://localhost:8501/_stcore/host-config:0
[ 4802697ms] [ERROR] Failed to load resource: net::ERR_CONNECTION_REFUSED @ http://localhost:8501/_stcore/health:0
[ 4802697ms] [ERROR] Client Error in reaching server endpoint - No response received when attempting to reach /_stcore/health @ http://localhost:8501/static/js/index.k-9rUdPI.js:19
[ 4802714ms] [ERROR] Failed to load resource: net::ERR_CONNECTION_REFUSED @ http://localhost:8501/_stcore/host-config:0
[ 4807055ms] [ERROR] Failed to load resource: net::ERR_CONNECTION_REFUSED @ http://localhost:8501/_stcore/health:0
[ 4807055ms] [ERROR] Client Error in reaching server endpoint - No response received when attempting to reach /_stcore/health @ http://localhost:8501/static/js/index.k-9rUdPI.js:19
[ 4807056ms] [ERROR] Failed to load resource: net::ERR_CONNECTION_REFUSED @ http://localhost:8501/_stcore/host-config:0
[ 4811408ms] [ERROR] Failed to load resource: net::ERR_CONNECTION_REFUSED @ http://localhost:8501/_stcore/health:0
[ 4811408ms] [ERROR] Client Error in reaching server endpoint - No response received when attempting to reach /_stcore/health @ http://localhost:8501/static/js/index.k-9rUdPI.js:19
[ 4811409ms] [ERROR] Failed to load resource: net::ERR_CONNECTION_REFUSED @ http://localhost:8501/_stcore/host-config:0
[ 4815774ms] [ERROR] Failed to load resource: net::ERR_CONNECTION_REFUSED @ http://localhost:8501/_stcore/health:0
[ 4815774ms] [ERROR] Client Error in reaching server endpoint - No response received when attempting to reach /_stcore/health @ http://localhost:8501/static/js/index.k-9rUdPI.js:19
[ 4815790ms] [ERROR] Failed to load resource: net::ERR_CONNECTION_REFUSED @ http://localhost:8501/_stcore/host-config:0
[ 4820135ms] [ERROR] Failed to load resource: net::ERR_CONNECTION_REFUSED @ http://localhost:8501/_stcore/health:0
[ 4820135ms] [ERROR] Client Error in reaching server endpoint - No response received when attempting to reach /_stcore/health @ http://localhost:8501/static/js/index.k-9rUdPI.js:19
[ 4820151ms] [ERROR] Failed to load resource: net::ERR_CONNECTION_REFUSED @ http://localhost:8501/_stcore/host-config:0
[ 4824523ms] [ERROR] Failed to load resource: net::ERR_CONNECTION_REFUSED @ http://localhost:8501/_stcore/health:0
[ 4824523ms] [ERROR] Client Error in reaching server endpoint - No response received when attempting to reach /_stcore/health @ http://localhost:8501/static/js/index.k-9rUdPI.js:19
[ 4824524ms] [ERROR] Failed to load resource: net::ERR_CONNECTION_REFUSED @ http://localhost:8501/_stcore/host-config:0
[ 4828883ms] [ERROR] Failed to load resource: net::ERR_CONNECTION_REFUSED @ http://localhost:8501/_stcore/health:0
[ 4828884ms] [ERROR] Client Error in reaching server endpoint - No response received when attempting to reach /_stcore/health @ http://localhost:8501/static/js/index.k-9rUdPI.js:19
[ 4828885ms] [ERROR] Failed to load resource: net::ERR_CONNECTION_REFUSED @ http://localhost:8501/_stcore/host-config:0
[ 4833217ms] [ERROR] Failed to load resource: net::ERR_CONNECTION_REFUSED @ http://localhost:8501/_stcore/health:0
[ 4833217ms] [ERROR] Client Error in reaching server endpoint - No response received when attempting to reach /_stcore/health @ http://localhost:8501/static/js/index.k-9rUdPI.js:19
[ 4833219ms] [ERROR] Failed to load resource: net::ERR_CONNECTION_REFUSED @ http://localhost:8501/_stcore/host-config:0
[ 4837799ms] [ERROR] Failed to load resource: net::ERR_CONNECTION_REFUSED @ http://localhost:8501/_stcore/health:0
[ 4837799ms] [ERROR] Client Error in reaching server endpoint - No response received when attempting to reach /_stcore/health @ http://localhost:8501/static/js/index.k-9rUdPI.js:19
[ 4837801ms] [ERROR] Failed to load resource: net::ERR_CONNECTION_REFUSED @ http://localhost:8501/_stcore/host-config:0
[ 4842156ms] [ERROR] Failed to load resource: net::ERR_CONNECTION_REFUSED @ http://localhost:8501/_stcore/health:0
[ 4842157ms] [ERROR] Client Error in reaching server endpoint - No response received when attempting to reach /_stcore/health @ http://localhost:8501/static/js/index.k-9rUdPI.js:19
[ 4842158ms] [ERROR] Failed to load resource: net::ERR_CONNECTION_REFUSED @ http://localhost:8501/_stcore/host-config:0
[ 4846506ms] [ERROR] Failed to load resource: net::ERR_CONNECTION_REFUSED @ http://localhost:8501/_stcore/health:0
[ 4846506ms] [ERROR] Client Error in reaching server endpoint - No response received when attempting to reach /_stcore/health @ http://localhost:8501/static/js/index.k-9rUdPI.js:19
[ 4846522ms] [ERROR] Failed to load resource: net::ERR_CONNECTION_REFUSED @ http://localhost:8501/_stcore/host-config:0
[ 4850853ms] [ERROR] Failed to load resource: net::ERR_CONNECTION_REFUSED @ http://localhost:8501/_stcore/health:0
[ 4850853ms] [ERROR] Client Error in reaching server endpoint - No response received when attempting to reach /_stcore/health @ http://localhost:8501/static/js/index.k-9rUdPI.js:19
[ 4850869ms] [ERROR] Failed to load resource: net::ERR_CONNECTION_REFUSED @ http://localhost:8501/_stcore/host-config:0
[ 4855228ms] [ERROR] Failed to load resource: net::ERR_CONNECTION_REFUSED @ http://localhost:8501/_stcore/health:0
[ 4855228ms] [ERROR] Client Error in reaching server endpoint - No response received when attempting to reach /_stcore/health @ http://localhost:8501/static/js/index.k-9rUdPI.js:19
[ 4855233ms] [ERROR] Failed to load resource: net::ERR_CONNECTION_REFUSED @ http://localhost:8501/_stcore/host-config:0
[ 4859573ms] [ERROR] Failed to load resource: net::ERR_CONNECTION_REFUSED @ http://localhost:8501/_stcore/health:0
[ 4859574ms] [ERROR] Client Error in reaching server endpoint - No response received when attempting to reach /_stcore/health @ http://localhost:8501/static/js/index.k-9rUdPI.js:19
[ 4859589ms] [ERROR] Failed to load resource: net::ERR_CONNECTION_REFUSED @ http://localhost:8501/_stcore/host-config:0
[ 4863940ms] [ERROR] Failed to load resource: net::ERR_CONNECTION_REFUSED @ http://localhost:8501/_stcore/health:0
[ 4863941ms] [ERROR] Client Error in reaching server endpoint - No response received when attempting to reach /_stcore/health @ http://localhost:8501/static/js/index.k-9rUdPI.js:19
[ 4863942ms] [ERROR] Failed to load resource: net::ERR_CONNECTION_REFUSED @ http://localhost:8501/_stcore/host-config:0
[ 4868321ms] [ERROR] Failed to load resource: net::ERR_CONNECTION_REFUSED @ http://localhost:8501/_stcore/health:0
[ 4868321ms] [ERROR] Client Error in reaching server endpoint - No response received when attempting to reach /_stcore/health @ http://localhost:8501/static/js/index.k-9rUdPI.js:19
[ 4868323ms] [ERROR] Failed to load resource: net::ERR_CONNECTION_REFUSED @ http://localhost:8501/_stcore/host-config:0
[ 4872698ms] [ERROR] Failed to load resource: net::ERR_CONNECTION_REFUSED @ http://localhost:8501/_stcore/health:0
[ 4872698ms] [ERROR] Client Error in reaching server endpoint - No response received when attempting to reach /_stcore/health @ http://localhost:8501/static/js/index.k-9rUdPI.js:19
[ 4872699ms] [ERROR] Failed to load resource: net::ERR_CONNECTION_REFUSED @ http://localhost:8501/_stcore/host-config:0
[ 4877050ms] [ERROR] Failed to load resource: net::ERR_CONNECTION_REFUSED @ http://localhost:8501/_stcore/health:0
[ 4877051ms] [ERROR] Client Error in reaching server endpoint - No response received when attempting to reach /_stcore/health @ http://localhost:8501/static/js/index.k-9rUdPI.js:19
[ 4877052ms] [ERROR] Failed to load resource: net::ERR_CONNECTION_REFUSED @ http://localhost:8501/_stcore/host-config:0
[ 4881420ms] [ERROR] Failed to load resource: net::ERR_CONNECTION_REFUSED @ http://localhost:8501/_stcore/health:0
[ 4881420ms] [ERROR] Client Error in reaching server endpoint - No response received when attempting to reach /_stcore/health @ http://localhost:8501/static/js/index.k-9rUdPI.js:19
[ 4881421ms] [ERROR] Failed to load resource: net::ERR_CONNECTION_REFUSED @ http://localhost:8501/_stcore/host-config:0
[ 4885758ms] [ERROR] Failed to load resource: net::ERR_CONNECTION_REFUSED @ http://localhost:8501/_stcore/health:0
[ 4885759ms] [ERROR] Client Error in reaching server endpoint - No response received when attempting to reach /_stcore/health @ http://localhost:8501/static/js/index.k-9rUdPI.js:19
[ 4885760ms] [ERROR] Failed to load resource: net::ERR_CONNECTION_REFUSED @ http://localhost:8501/_stcore/host-config:0
[ 4890317ms] [ERROR] Failed to load resource: net::ERR_CONNECTION_REFUSED @ http://localhost:8501/_stcore/health:0
[ 4890317ms] [ERROR] Client Error in reaching server endpoint - No response received when attempting to reach /_stcore/health @ http://localhost:8501/static/js/index.k-9rUdPI.js:19
[ 4890319ms] [ERROR] Failed to load resource: net::ERR_CONNECTION_REFUSED @ http://localhost:8501/_stcore/host-config:0
[ 4894661ms] [ERROR] Failed to load resource: net::ERR_CONNECTION_REFUSED @ http://localhost:8501/_stcore/health:0
[ 4894661ms] [ERROR] Client Error in reaching server endpoint - No response received when attempting to reach /_stcore/health @ http://localhost:8501/static/js/index.k-9rUdPI.js:19
[ 4894681ms] [ERROR] Failed to load resource: net::ERR_CONNECTION_REFUSED @ http://localhost:8501/_stcore/host-config:0
[ 4899020ms] [ERROR] Failed to load resource: net::ERR_CONNECTION_REFUSED @ http://localhost:8501/_stcore/health:0
[ 4899020ms] [ERROR] Client Error in reaching server endpoint - No response received when attempting to reach /_stcore/health @ http://localhost:8501/static/js/index.k-9rUdPI.js:19
[ 4899021ms] [ERROR] Failed to load resource: net::ERR_CONNECTION_REFUSED @ http://localhost:8501/_stcore/host-config:0
[ 4903388ms] [ERROR] Failed to load resource: net::ERR_CONNECTION_REFUSED @ http://localhost:8501/_stcore/health:0
[ 4903388ms] [ERROR] Client Error in reaching server endpoint - No response received when attempting to reach /_stcore/health @ http://localhost:8501/static/js/index.k-9rUdPI.js:19
[ 4903404ms] [ERROR] Failed to load resource: net::ERR_CONNECTION_REFUSED @ http://localhost:8501/_stcore/host-config:0
[ 4907759ms] [ERROR] Failed to load resource: net::ERR_CONNECTION_REFUSED @ http://localhost:8501/_stcore/health:0
[ 4907759ms] [ERROR] Client Error in reaching server endpoint - No response received when attempting to reach /_stcore/health @ http://localhost:8501/static/js/index.k-9rUdPI.js:19
[ 4907775ms] [ERROR] Failed to load resource: net::ERR_CONNECTION_REFUSED @ http://localhost:8501/_stcore/host-config:0
[ 4912119ms] [ERROR] Failed to load resource: net::ERR_CONNECTION_REFUSED @ http://localhost:8501/_stcore/health:0
[ 4912119ms] [ERROR] Client Error in reaching server endpoint - No response received when attempting to reach /_stcore/health @ http://localhost:8501/static/js/index.k-9rUdPI.js:19
[ 4912120ms] [ERROR] Failed to load resource: net::ERR_CONNECTION_REFUSED @ http://localhost:8501/_stcore/host-config:0
[ 4916486ms] [ERROR] Failed to load resource: net::ERR_CONNECTION_REFUSED @ http://localhost:8501/_stcore/health:0
[ 4916486ms] [ERROR] Client Error in reaching server endpoint - No response received when attempting to reach /_stcore/health @ http://localhost:8501/static/js/index.k-9rUdPI.js:19
[ 4916488ms] [ERROR] Failed to load resource: net::ERR_CONNECTION_REFUSED @ http://localhost:8501/_stcore/host-config:0
[ 4920837ms] [ERROR] Failed to load resource: net::ERR_CONNECTION_REFUSED @ http://localhost:8501/_stcore/health:0
[ 4920838ms] [ERROR] Client Error in reaching server endpoint - No response received when attempting to reach /_stcore/health @ http://localhost:8501/static/js/index.k-9rUdPI.js:19
[ 4920839ms] [ERROR] Failed to load resource: net::ERR_CONNECTION_REFUSED @ http://localhost:8501/_stcore/host-config:0
[ 4925183ms] [ERROR] Failed to load resource: net::ERR_CONNECTION_REFUSED @ http://localhost:8501/_stcore/health:0
[ 4925183ms] [ERROR] Client Error in reaching server endpoint - No response received when attempting to reach /_stcore/health @ http://localhost:8501/static/js/index.k-9rUdPI.js:19
[ 4925184ms] [ERROR] Failed to load resource: net::ERR_CONNECTION_REFUSED @ http://localhost:8501/_stcore/host-config:0
[ 4929532ms] [ERROR] Failed to load resource: net::ERR_CONNECTION_REFUSED @ http://localhost:8501/_stcore/health:0
[ 4929532ms] [ERROR] Client Error in reaching server endpoint - No response received when attempting to reach /_stcore/health @ http://localhost:8501/static/js/index.k-9rUdPI.js:19
[ 4929533ms] [ERROR] Failed to load resource: net::ERR_CONNECTION_REFUSED @ http://localhost:8501/_stcore/host-config:0
[ 4933883ms] [ERROR] Failed to load resource: net::ERR_CONNECTION_REFUSED @ http://localhost:8501/_stcore/health:0
[ 4933883ms] [ERROR] Client Error in reaching server endpoint - No response received when attempting to reach /_stcore/health @ http://localhost:8501/static/js/index.k-9rUdPI.js:19
[ 4933885ms] [ERROR] Failed to load resource: net::ERR_CONNECTION_REFUSED @ http://localhost:8501/_stcore/host-config:0
[ 4938260ms] [ERROR] Failed to load resource: net::ERR_CONNECTION_REFUSED @ http://localhost:8501/_stcore/health:0
[ 4938260ms] [ERROR] Client Error in reaching server endpoint - No response received when attempting to reach /_stcore/health @ http://localhost:8501/static/js/index.k-9rUdPI.js:19
[ 4938261ms] [ERROR] Failed to load resource: net::ERR_CONNECTION_REFUSED @ http://localhost:8501/_stcore/host-config:0
[ 4942603ms] [ERROR] Failed to load resource: net::ERR_CONNECTION_REFUSED @ http://localhost:8501/_stcore/health:0
[ 4942603ms] [ERROR] Client Error in reaching server endpoint - No response received when attempting to reach /_stcore/health @ http://localhost:8501/static/js/index.k-9rUdPI.js:19
[ 4942605ms] [ERROR] Failed to load resource: net::ERR_CONNECTION_REFUSED @ http://localhost:8501/_stcore/host-config:0
[ 4946948ms] [ERROR] Failed to load resource: net::ERR_CONNECTION_REFUSED @ http://localhost:8501/_stcore/health:0
[ 4946948ms] [ERROR] Client Error in reaching server endpoint - No response received when attempting to reach /_stcore/health @ http://localhost:8501/static/js/index.k-9rUdPI.js:19
[ 4946949ms] [ERROR] Failed to load resource: net::ERR_CONNECTION_REFUSED @ http://localhost:8501/_stcore/host-config:0
[ 4951286ms] [ERROR] Failed to load resource: net::ERR_CONNECTION_REFUSED @ http://localhost:8501/_stcore/health:0
[ 4951286ms] [ERROR] Client Error in reaching server endpoint - No response received when attempting to reach /_stcore/health @ http://localhost:8501/static/js/index.k-9rUdPI.js:19
[ 4951288ms] [ERROR] Failed to load resource: net::ERR_CONNECTION_REFUSED @ http://localhost:8501/_stcore/host-config:0
[ 4955636ms] [ERROR] Failed to load resource: net::ERR_CONNECTION_REFUSED @ http://localhost:8501/_stcore/health:0
[ 4955636ms] [ERROR] Client Error in reaching server endpoint - No response received when attempting to reach /_stcore/health @ http://localhost:8501/static/js/index.k-9rUdPI.js:19
[ 4955637ms] [ERROR] Failed to load resource: net::ERR_CONNECTION_REFUSED @ http://localhost:8501/_stcore/host-config:0
[ 4960043ms] [ERROR] Failed to load resource: net::ERR_CONNECTION_REFUSED @ http://localhost:8501/_stcore/health:0
[ 4960043ms] [ERROR] Client Error in reaching server endpoint - No response received when attempting to reach /_stcore/health @ http://localhost:8501/static/js/index.k-9rUdPI.js:19
[ 4960045ms] [ERROR] Failed to load resource: net::ERR_CONNECTION_REFUSED @ http://localhost:8501/_stcore/host-config:0
[ 4964397ms] [ERROR] Failed to load resource: net::ERR_CONNECTION_REFUSED @ http://localhost:8501/_stcore/health:0
[ 4964397ms] [ERROR] Client Error in reaching server endpoint - No response received when attempting to reach /_stcore/health @ http://localhost:8501/static/js/index.k-9rUdPI.js:19
[ 4964399ms] [ERROR] Failed to load resource: net::ERR_CONNECTION_REFUSED @ http://localhost:8501/_stcore/host-config:0
[ 4968754ms] [ERROR] Failed to load resource: net::ERR_CONNECTION_REFUSED @ http://localhost:8501/_stcore/health:0
[ 4968754ms] [ERROR] Client Error in reaching server endpoint - No response received when attempting to reach /_stcore/health @ http://localhost:8501/static/js/index.k-9rUdPI.js:19
[ 4968755ms] [ERROR] Failed to load resource: net::ERR_CONNECTION_REFUSED @ http://localhost:8501/_stcore/host-config:0
[ 4973102ms] [ERROR] Failed to load resource: net::ERR_CONNECTION_REFUSED @ http://localhost:8501/_stcore/health:0
[ 4973102ms] [ERROR] Client Error in reaching server endpoint - No response received when attempting to reach /_stcore/health @ http://localhost:8501/static/js/index.k-9rUdPI.js:19
[ 4973103ms] [ERROR] Failed to load resource: net::ERR_CONNECTION_REFUSED @ http://localhost:8501/_stcore/host-config:0
[ 4977463ms] [ERROR] Failed to load resource: net::ERR_CONNECTION_REFUSED @ http://localhost:8501/_stcore/health:0
[ 4977463ms] [ERROR] Client Error in reaching server endpoint - No response received when attempting to reach /_stcore/health @ http://localhost:8501/static/js/index.k-9rUdPI.js:19
[ 4977464ms] [ERROR] Failed to load resource: net::ERR_CONNECTION_REFUSED @ http://localhost:8501/_stcore/host-config:0
[ 4981806ms] [ERROR] Failed to load resource: net::ERR_CONNECTION_REFUSED @ http://localhost:8501/_stcore/health:0
[ 4981806ms] [ERROR] Client Error in reaching server endpoint - No response received when attempting to reach /_stcore/health @ http://localhost:8501/static/js/index.k-9rUdPI.js:19
[ 4981808ms] [ERROR] Failed to load resource: net::ERR_CONNECTION_REFUSED @ http://localhost:8501/_stcore/host-config:0
[ 4986150ms] [ERROR] Failed to load resource: net::ERR_CONNECTION_REFUSED @ http://localhost:8501/_stcore/health:0
[ 4986150ms] [ERROR] Client Error in reaching server endpoint - No response received when attempting to reach /_stcore/health @ http://localhost:8501/static/js/index.k-9rUdPI.js:19
[ 4986151ms] [ERROR] Failed to load resource: net::ERR_CONNECTION_REFUSED @ http://localhost:8501/_stcore/host-config:0
[ 4990518ms] [ERROR] Failed to load resource: net::ERR_CONNECTION_REFUSED @ http://localhost:8501/_stcore/health:0
[ 4990519ms] [ERROR] Client Error in reaching server endpoint - No response received when attempting to reach /_stcore/health @ http://localhost:8501/static/js/index.k-9rUdPI.js:19
[ 4990520ms] [ERROR] Failed to load resource: net::ERR_CONNECTION_REFUSED @ http://localhost:8501/_stcore/host-config:0
[ 4994879ms] [ERROR] Failed to load resource: net::ERR_CONNECTION_REFUSED @ http://localhost:8501/_stcore/health:0
[ 4994879ms] [ERROR] Client Error in reaching server endpoint - No response received when attempting to reach /_stcore/health @ http://localhost:8501/static/js/index.k-9rUdPI.js:19
[ 4994880ms] [ERROR] Failed to load resource: net::ERR_CONNECTION_REFUSED @ http://localhost:8501/_stcore/host-config:0
[ 4999216ms] [ERROR] Failed to load resource: net::ERR_CONNECTION_REFUSED @ http://localhost:8501/_stcore/health:0
[ 4999217ms] [ERROR] Client Error in reaching server endpoint - No response received when attempting to reach /_stcore/health @ http://localhost:8501/static/js/index.k-9rUdPI.js:19
[ 4999218ms] [ERROR] Failed to load resource: net::ERR_CONNECTION_REFUSED @ http://localhost:8501/_stcore/host-config:0
[ 5003749ms] [ERROR] Failed to load resource: net::ERR_CONNECTION_REFUSED @ http://localhost:8501/_stcore/health:0
[ 5003750ms] [ERROR] Client Error in reaching server endpoint - No response received when attempting to reach /_stcore/health @ http://localhost:8501/static/js/index.k-9rUdPI.js:19
[ 5003868ms] [ERROR] Failed to load resource: net::ERR_CONNECTION_REFUSED @ http://localhost:8501/_stcore/host-config:0
[ 5008113ms] [ERROR] Failed to load resource: net::ERR_CONNECTION_REFUSED @ http://localhost:8501/_stcore/health:0
[ 5008113ms] [ERROR] Client Error in reaching server endpoint - No response received when attempting to reach /_stcore/health @ http://localhost:8501/static/js/index.k-9rUdPI.js:19
[ 5008114ms] [ERROR] Failed to load resource: net::ERR_CONNECTION_REFUSED @ http://localhost:8501/_stcore/host-config:0
[ 5012449ms] [ERROR] Failed to load resource: net::ERR_CONNECTION_REFUSED @ http://localhost:8501/_stcore/health:0
[ 5012450ms] [ERROR] Client Error in reaching server endpoint - No response received when attempting to reach /_stcore/health @ http://localhost:8501/static/js/index.k-9rUdPI.js:19
[ 5012465ms] [ERROR] Failed to load resource: net::ERR_CONNECTION_REFUSED @ http://localhost:8501/_stcore/host-config:0
[ 5016821ms] [ERROR] Failed to load resource: net::ERR_CONNECTION_REFUSED @ http://localhost:8501/_stcore/health:0
[ 5016821ms] [ERROR] Client Error in reaching server endpoint - No response received when attempting to reach /_stcore/health @ http://localhost:8501/static/js/index.k-9rUdPI.js:19
[ 5016822ms] [ERROR] Failed to load resource: net::ERR_CONNECTION_REFUSED @ http://localhost:8501/_stcore/host-config:0
[ 5021213ms] [ERROR] Failed to load resource: net::ERR_CONNECTION_REFUSED @ http://localhost:8501/_stcore/health:0
[ 5021213ms] [ERROR] Client Error in reaching server endpoint - No response received when attempting to reach /_stcore/health @ http://localhost:8501/static/js/index.k-9rUdPI.js:19
[ 5021214ms] [ERROR] Failed to load resource: net::ERR_CONNECTION_REFUSED @ http://localhost:8501/_stcore/host-config:0
[ 5025547ms] [ERROR] Failed to load resource: net::ERR_CONNECTION_REFUSED @ http://localhost:8501/_stcore/health:0
[ 5025547ms] [ERROR] Client Error in reaching server endpoint - No response received when attempting to reach /_stcore/health @ http://localhost:8501/static/js/index.k-9rUdPI.js:19
[ 5025549ms] [ERROR] Failed to load resource: net::ERR_CONNECTION_REFUSED @ http://localhost:8501/_stcore/host-config:0
[ 5029907ms] [ERROR] Failed to load resource: net::ERR_CONNECTION_REFUSED @ http://localhost:8501/_stcore/health:0
[ 5029907ms] [ERROR] Client Error in reaching server endpoint - No response received when attempting to reach /_stcore/health @ http://localhost:8501/static/js/index.k-9rUdPI.js:19
[ 5029908ms] [ERROR] Failed to load resource: net::ERR_CONNECTION_REFUSED @ http://localhost:8501/_stcore/host-config:0
[ 5034280ms] [ERROR] Failed to load resource: net::ERR_CONNECTION_REFUSED @ http://localhost:8501/_stcore/health:0
[ 5034280ms] [ERROR] Client Error in reaching server endpoint - No response received when attempting to reach /_stcore/health @ http://localhost:8501/static/js/index.k-9rUdPI.js:19
[ 5034281ms] [ERROR] Failed to load resource: net::ERR_CONNECTION_REFUSED @ http://localhost:8501/_stcore/host-config:0
[ 5038620ms] [ERROR] Failed to load resource: net::ERR_CONNECTION_REFUSED @ http://localhost:8501/_stcore/health:0
[ 5038621ms] [ERROR] Client Error in reaching server endpoint - No response received when attempting to reach /_stcore/health @ http://localhost:8501/static/js/index.k-9rUdPI.js:19
[ 5038622ms] [ERROR] Failed to load resource: net::ERR_CONNECTION_REFUSED @ http://localhost:8501/_stcore/host-config:0
[ 5042982ms] [ERROR] Failed to load resource: net::ERR_CONNECTION_REFUSED @ http://localhost:8501/_stcore/health:0
[ 5042982ms] [ERROR] Client Error in reaching server endpoint - No response received when attempting to reach /_stcore/health @ http://localhost:8501/static/js/index.k-9rUdPI.js:19
[ 5042997ms] [ERROR] Failed to load resource: net::ERR_CONNECTION_REFUSED @ http://localhost:8501/_stcore/host-config:0
[ 5047345ms] [ERROR] Failed to load resource: net::ERR_CONNECTION_REFUSED @ http://localhost:8501/_stcore/health:0
[ 5047345ms] [ERROR] Client Error in reaching server endpoint - No response received when attempting to reach /_stcore/health @ http://localhost:8501/static/js/index.k-9rUdPI.js:19
[ 5047346ms] [ERROR] Failed to load resource: net::ERR_CONNECTION_REFUSED @ http://localhost:8501/_stcore/host-config:0
[ 5051696ms] [ERROR] Failed to load resource: net::ERR_CONNECTION_REFUSED @ http://localhost:8501/_stcore/health:0
[ 5051696ms] [ERROR] Client Error in reaching server endpoint - No response received when attempting to reach /_stcore/health @ http://localhost:8501/static/js/index.k-9rUdPI.js:19
[ 5051698ms] [ERROR] Failed to load resource: net::ERR_CONNECTION_REFUSED @ http://localhost:8501/_stcore/host-config:0
[ 5056061ms] [ERROR] Failed to load resource: net::ERR_CONNECTION_REFUSED @ http://localhost:8501/_stcore/health:0
[ 5056061ms] [ERROR] Client Error in reaching server endpoint - No response received when attempting to reach /_stcore/health @ http://localhost:8501/static/js/index.k-9rUdPI.js:19
[ 5056062ms] [ERROR] Failed to load resource: net::ERR_CONNECTION_REFUSED @ http://localhost:8501/_stcore/host-config:0
[ 5060401ms] [ERROR] Failed to load resource: net::ERR_CONNECTION_REFUSED @ http://localhost:8501/_stcore/health:0
[ 5060401ms] [ERROR] Client Error in reaching server endpoint - No response received when attempting to reach /_stcore/health @ http://localhost:8501/static/js/index.k-9rUdPI.js:19
[ 5060402ms] [ERROR] Failed to load resource: net::ERR_CONNECTION_REFUSED @ http://localhost:8501/_stcore/host-config:0
[ 5064730ms] [ERROR] Failed to load resource: net::ERR_CONNECTION_REFUSED @ http://localhost:8501/_stcore/health:0
[ 5064730ms] [ERROR] Client Error in reaching server endpoint - No response received when attempting to reach /_stcore/health @ http://localhost:8501/static/js/index.k-9rUdPI.js:19
[ 5064759ms] [ERROR] Failed to load resource: net::ERR_CONNECTION_REFUSED @ http://localhost:8501/_stcore/host-config:0
[ 5069094ms] [ERROR] Failed to load resource: net::ERR_CONNECTION_REFUSED @ http://localhost:8501/_stcore/health:0
[ 5069094ms] [ERROR] Client Error in reaching server endpoint - No response received when attempting to reach /_stcore/health @ http://localhost:8501/static/js/index.k-9rUdPI.js:19
[ 5069096ms] [ERROR] Failed to load resource: net::ERR_CONNECTION_REFUSED @ http://localhost:8501/_stcore/host-config:0
[ 5073447ms] [ERROR] Failed to load resource: net::ERR_CONNECTION_REFUSED @ http://localhost:8501/_stcore/health:0
[ 5073447ms] [ERROR] Client Error in reaching server endpoint - No response received when attempting to reach /_stcore/health @ http://localhost:8501/static/js/index.k-9rUdPI.js:19
[ 5073464ms] [ERROR] Failed to load resource: net::ERR_CONNECTION_REFUSED @ http://localhost:8501/_stcore/host-config:0
[ 5077792ms] [ERROR] Failed to load resource: net::ERR_CONNECTION_REFUSED @ http://localhost:8501/_stcore/health:0
[ 5077792ms] [ERROR] Client Error in reaching server endpoint - No response received when attempting to reach /_stcore/health @ http://localhost:8501/static/js/index.k-9rUdPI.js:19
[ 5077793ms] [ERROR] Failed to load resource: net::ERR_CONNECTION_REFUSED @ http://localhost:8501/_stcore/host-config:0
[ 5082155ms] [ERROR] Failed to load resource: net::ERR_CONNECTION_REFUSED @ http://localhost:8501/_stcore/health:0
[ 5082155ms] [ERROR] Client Error in reaching server endpoint - No response received when attempting to reach /_stcore/health @ http://localhost:8501/static/js/index.k-9rUdPI.js:19
[ 5082156ms] [ERROR] Failed to load resource: net::ERR_CONNECTION_REFUSED @ http://localhost:8501/_stcore/host-config:0
[ 5086512ms] [ERROR] Failed to load resource: net::ERR_CONNECTION_REFUSED @ http://localhost:8501/_stcore/health:0
[ 5086512ms] [ERROR] Client Error in reaching server endpoint - No response received when attempting to reach /_stcore/health @ http://localhost:8501/static/js/index.k-9rUdPI.js:19
[ 5086513ms] [ERROR] Failed to load resource: net::ERR_CONNECTION_REFUSED @ http://localhost:8501/_stcore/host-config:0
[ 5090868ms] [ERROR] Failed to load resource: net::ERR_CONNECTION_REFUSED @ http://localhost:8501/_stcore/health:0
[ 5090868ms] [ERROR] Client Error in reaching server endpoint - No response received when attempting to reach /_stcore/health @ http://localhost:8501/static/js/index.k-9rUdPI.js:19
[ 5090884ms] [ERROR] Failed to load resource: net::ERR_CONNECTION_REFUSED @ http://localhost:8501/_stcore/host-config:0
[ 5095228ms] [ERROR] Failed to load resource: net::ERR_CONNECTION_REFUSED @ http://localhost:8501/_stcore/health:0
[ 5095228ms] [ERROR] Client Error in reaching server endpoint - No response received when attempting to reach /_stcore/health @ http://localhost:8501/static/js/index.k-9rUdPI.js:19
[ 5095229ms] [ERROR] Failed to load resource: net::ERR_CONNECTION_REFUSED @ http://localhost:8501/_stcore/host-config:0
[ 5099588ms] [ERROR] Failed to load resource: net::ERR_CONNECTION_REFUSED @ http://localhost:8501/_stcore/health:0
[ 5099588ms] [ERROR] Client Error in reaching server endpoint - No response received when attempting to reach /_stcore/health @ http://localhost:8501/static/js/index.k-9rUdPI.js:19
[ 5099590ms] [ERROR] Failed to load resource: net::ERR_CONNECTION_REFUSED @ http://localhost:8501/_stcore/host-config:0
[ 5103929ms] [ERROR] Failed to load resource: net::ERR_CONNECTION_REFUSED @ http://localhost:8501/_stcore/health:0
[ 5103929ms] [ERROR] Client Error in reaching server endpoint - No response received when attempting to reach /_stcore/health @ http://localhost:8501/static/js/index.k-9rUdPI.js:19
[ 5103947ms] [ERROR] Failed to load resource: net::ERR_CONNECTION_REFUSED @ http://localhost:8501/_stcore/host-config:0
[ 5108287ms] [ERROR] Failed to load resource: net::ERR_CONNECTION_REFUSED @ http://localhost:8501/_stcore/health:0
[ 5108287ms] [ERROR] Client Error in reaching server endpoint - No response received when attempting to reach /_stcore/health @ http://localhost:8501/static/js/index.k-9rUdPI.js:19
[ 5108289ms] [ERROR] Failed to load resource: net::ERR_CONNECTION_REFUSED @ http://localhost:8501/_stcore/host-config:0
[ 5112649ms] [ERROR] Failed to load resource: net::ERR_CONNECTION_REFUSED @ http://localhost:8501/_stcore/health:0
[ 5112649ms] [ERROR] Client Error in reaching server endpoint - No response received when attempting to reach /_stcore/health @ http://localhost:8501/static/js/index.k-9rUdPI.js:19
[ 5112651ms] [ERROR] Failed to load resource: net::ERR_CONNECTION_REFUSED @ http://localhost:8501/_stcore/host-config:0
[ 5117025ms] [ERROR] Failed to load resource: net::ERR_CONNECTION_REFUSED @ http://localhost:8501/_stcore/health:0
[ 5117025ms] [ERROR] Client Error in reaching server endpoint - No response received when attempting to reach /_stcore/health @ http://localhost:8501/static/js/index.k-9rUdPI.js:19
[ 5117027ms] [ERROR] Failed to load resource: net::ERR_CONNECTION_REFUSED @ http://localhost:8501/_stcore/host-config:0
[ 5121372ms] [ERROR] Failed to load resource: net::ERR_CONNECTION_REFUSED @ http://localhost:8501/_stcore/health:0
[ 5121372ms] [ERROR] Client Error in reaching server endpoint - No response received when attempting to reach /_stcore/health @ http://localhost:8501/static/js/index.k-9rUdPI.js:19
[ 5121374ms] [ERROR] Failed to load resource: net::ERR_CONNECTION_REFUSED @ http://localhost:8501/_stcore/host-config:0
[ 5126019ms] [ERROR] Failed to load resource: net::ERR_CONNECTION_REFUSED @ http://localhost:8501/_stcore/health:0
[ 5126019ms] [ERROR] Client Error in reaching server endpoint - No response received when attempting to reach /_stcore/health @ http://localhost:8501/static/js/index.k-9rUdPI.js:19
[ 5126021ms] [ERROR] Failed to load resource: net::ERR_CONNECTION_REFUSED @ http://localhost:8501/_stcore/host-config:0
[ 5130366ms] [ERROR] Failed to load resource: net::ERR_CONNECTION_REFUSED @ http://localhost:8501/_stcore/health:0
[ 5130366ms] [ERROR] Client Error in reaching server endpoint - No response received when attempting to reach /_stcore/health @ http://localhost:8501/static/js/index.k-9rUdPI.js:19
[ 5130368ms] [ERROR] Failed to load resource: net::ERR_CONNECTION_REFUSED @ http://localhost:8501/_stcore/host-config:0
[ 5134725ms] [ERROR] Failed to load resource: net::ERR_CONNECTION_REFUSED @ http://localhost:8501/_stcore/health:0
[ 5134725ms] [ERROR] Client Error in reaching server endpoint - No response received when attempting to reach /_stcore/health @ http://localhost:8501/static/js/index.k-9rUdPI.js:19
[ 5134727ms] [ERROR] Failed to load resource: net::ERR_CONNECTION_REFUSED @ http://localhost:8501/_stcore/host-config:0
[ 5139087ms] [ERROR] Failed to load resource: net::ERR_CONNECTION_REFUSED @ http://localhost:8501/_stcore/health:0
[ 5139087ms] [ERROR] Client Error in reaching server endpoint - No response received when attempting to reach /_stcore/health @ http://localhost:8501/static/js/index.k-9rUdPI.js:19
[ 5139089ms] [ERROR] Failed to load resource: net::ERR_CONNECTION_REFUSED @ http://localhost:8501/_stcore/host-config:0
[ 5143433ms] [ERROR] Failed to load resource: net::ERR_CONNECTION_REFUSED @ http://localhost:8501/_stcore/health:0
[ 5143433ms] [ERROR] Client Error in reaching server endpoint - No response received when attempting to reach /_stcore/health @ http://localhost:8501/static/js/index.k-9rUdPI.js:19
[ 5143434ms] [ERROR] Failed to load resource: net::ERR_CONNECTION_REFUSED @ http://localhost:8501/_stcore/host-config:0
[ 5147790ms] [ERROR] Failed to load resource: net::ERR_CONNECTION_REFUSED @ http://localhost:8501/_stcore/health:0
[ 5147790ms] [ERROR] Client Error in reaching server endpoint - No response received when attempting to reach /_stcore/health @ http://localhost:8501/static/js/index.k-9rUdPI.js:19
[ 5147791ms] [ERROR] Failed to load resource: net::ERR_CONNECTION_REFUSED @ http://localhost:8501/_stcore/host-config:0
[ 5152161ms] [ERROR] Failed to load resource: net::ERR_CONNECTION_REFUSED @ http://localhost:8501/_stcore/health:0
[ 5152161ms] [ERROR] Client Error in reaching server endpoint - No response received when attempting to reach /_stcore/health @ http://localhost:8501/static/js/index.k-9rUdPI.js:19
[ 5152163ms] [ERROR] Failed to load resource: net::ERR_CONNECTION_REFUSED @ http://localhost:8501/_stcore/host-config:0
[ 5156525ms] [ERROR] Failed to load resource: net::ERR_CONNECTION_REFUSED @ http://localhost:8501/_stcore/health:0
[ 5156525ms] [ERROR] Client Error in reaching server endpoint - No response received when attempting to reach /_stcore/health @ http://localhost:8501/static/js/index.k-9rUdPI.js:19
[ 5156526ms] [ERROR] Failed to load resource: net::ERR_CONNECTION_REFUSED @ http://localhost:8501/_stcore/host-config:0
[ 5160854ms] [ERROR] Failed to load resource: net::ERR_CONNECTION_REFUSED @ http://localhost:8501/_stcore/health:0
[ 5160854ms] [ERROR] Client Error in reaching server endpoint - No response received when attempting to reach /_stcore/health @ http://localhost:8501/static/js/index.k-9rUdPI.js:19
[ 5160855ms] [ERROR] Failed to load resource: net::ERR_CONNECTION_REFUSED @ http://localhost:8501/_stcore/host-config:0
[ 5165228ms] [ERROR] Failed to load resource: net::ERR_CONNECTION_REFUSED @ http://localhost:8501/_stcore/health:0
[ 5165229ms] [ERROR] Client Error in reaching server endpoint - No response received when attempting to reach /_stcore/health @ http://localhost:8501/static/js/index.k-9rUdPI.js:19
[ 5165230ms] [ERROR] Failed to load resource: net::ERR_CONNECTION_REFUSED @ http://localhost:8501/_stcore/host-config:0
[ 5169589ms] [ERROR] Failed to load resource: net::ERR_CONNECTION_REFUSED @ http://localhost:8501/_stcore/health:0
[ 5169589ms] [ERROR] Client Error in reaching server endpoint - No response received when attempting to reach /_stcore/health @ http://localhost:8501/static/js/index.k-9rUdPI.js:19
[ 5169590ms] [ERROR] Failed to load resource: net::ERR_CONNECTION_REFUSED @ http://localhost:8501/_stcore/host-config:0
[ 5173958ms] [ERROR] Failed to load resource: net::ERR_CONNECTION_REFUSED @ http://localhost:8501/_stcore/health:0
[ 5173958ms] [ERROR] Client Error in reaching server endpoint - No response received when attempting to reach /_stcore/health @ http://localhost:8501/static/js/index.k-9rUdPI.js:19
[ 5173959ms] [ERROR] Failed to load resource: net::ERR_CONNECTION_REFUSED @ http://localhost:8501/_stcore/host-config:0
[ 5178338ms] [ERROR] Failed to load resource: net::ERR_CONNECTION_REFUSED @ http://localhost:8501/_stcore/health:0
[ 5178338ms] [ERROR] Client Error in reaching server endpoint - No response received when attempting to reach /_stcore/health @ http://localhost:8501/static/js/index.k-9rUdPI.js:19
[ 5178339ms] [ERROR] Failed to load resource: net::ERR_CONNECTION_REFUSED @ http://localhost:8501/_stcore/host-config:0
[ 5182834ms] [ERROR] Failed to load resource: net::ERR_CONNECTION_REFUSED @ http://localhost:8501/_stcore/health:0
[ 5182834ms] [ERROR] Client Error in reaching server endpoint - No response received when attempting to reach /_stcore/health @ http://localhost:8501/static/js/index.k-9rUdPI.js:19
[ 5182836ms] [ERROR] Failed to load resource: net::ERR_CONNECTION_REFUSED @ http://localhost:8501/_stcore/host-config:0
[ 5187183ms] [ERROR] Failed to load resource: net::ERR_CONNECTION_REFUSED @ http://localhost:8501/_stcore/health:0
[ 5187183ms] [ERROR] Client Error in reaching server endpoint - No response received when attempting to reach /_stcore/health @ http://localhost:8501/static/js/index.k-9rUdPI.js:19
[ 5187185ms] [ERROR] Failed to load resource: net::ERR_CONNECTION_REFUSED @ http://localhost:8501/_stcore/host-config:0
[ 5191538ms] [ERROR] Failed to load resource: net::ERR_CONNECTION_REFUSED @ http://localhost:8501/_stcore/health:0
[ 5191538ms] [ERROR] Client Error in reaching server endpoint - No response received when attempting to reach /_stcore/health @ http://localhost:8501/static/js/index.k-9rUdPI.js:19
[ 5191539ms] [ERROR] Failed to load resource: net::ERR_CONNECTION_REFUSED @ http://localhost:8501/_stcore/host-config:0
[ 5195884ms] [ERROR] Failed to load resource: net::ERR_CONNECTION_REFUSED @ http://localhost:8501/_stcore/health:0
[ 5195884ms] [ERROR] Client Error in reaching server endpoint - No response received when attempting to reach /_stcore/health @ http://localhost:8501/static/js/index.k-9rUdPI.js:19
[ 5195915ms] [ERROR] Failed to load resource: net::ERR_CONNECTION_REFUSED @ http://localhost:8501/_stcore/host-config:0
[ 5200243ms] [ERROR] Failed to load resource: net::ERR_CONNECTION_REFUSED @ http://localhost:8501/_stcore/health:0
[ 5200243ms] [ERROR] Client Error in reaching server endpoint - No response received when attempting to reach /_stcore/health @ http://localhost:8501/static/js/index.k-9rUdPI.js:19
[ 5200244ms] [ERROR] Failed to load resource: net::ERR_CONNECTION_REFUSED @ http://localhost:8501/_stcore/host-config:0
[ 5204608ms] [ERROR] Failed to load resource: net::ERR_CONNECTION_REFUSED @ http://localhost:8501/_stcore/health:0
[ 5204609ms] [ERROR] Client Error in reaching server endpoint - No response received when attempting to reach /_stcore/health @ http://localhost:8501/static/js/index.k-9rUdPI.js:19
[ 5204610ms] [ERROR] Failed to load resource: net::ERR_CONNECTION_REFUSED @ http://localhost:8501/_stcore/host-config:0
[ 5208971ms] [ERROR] Failed to load resource: net::ERR_CONNECTION_REFUSED @ http://localhost:8501/_stcore/health:0
[ 5208971ms] [ERROR] Client Error in reaching server endpoint - No response received when attempting to reach /_stcore/health @ http://localhost:8501/static/js/index.k-9rUdPI.js:19
[ 5208974ms] [ERROR] Failed to load resource: net::ERR_CONNECTION_REFUSED @ http://localhost:8501/_stcore/host-config:0
[ 5213322ms] [ERROR] Failed to load resource: net::ERR_CONNECTION_REFUSED @ http://localhost:8501/_stcore/health:0
[ 5213322ms] [ERROR] Client Error in reaching server endpoint - No response received when attempting to reach /_stcore/health @ http://localhost:8501/static/js/index.k-9rUdPI.js:19
[ 5213323ms] [ERROR] Failed to load resource: net::ERR_CONNECTION_REFUSED @ http://localhost:8501/_stcore/host-config:0
[ 5217697ms] [ERROR] Failed to load resource: net::ERR_CONNECTION_REFUSED @ http://localhost:8501/_stcore/health:0
[ 5217697ms] [ERROR] Client Error in reaching server endpoint - No response received when attempting to reach /_stcore/health @ http://localhost:8501/static/js/index.k-9rUdPI.js:19
[ 5217698ms] [ERROR] Failed to load resource: net::ERR_CONNECTION_REFUSED @ http://localhost:8501/_stcore/host-config:0
[ 5222056ms] [ERROR] Failed to load resource: net::ERR_CONNECTION_REFUSED @ http://localhost:8501/_stcore/health:0
[ 5222057ms] [ERROR] Client Error in reaching server endpoint - No response received when attempting to reach /_stcore/health @ http://localhost:8501/static/js/index.k-9rUdPI.js:19
[ 5222058ms] [ERROR] Failed to load resource: net::ERR_CONNECTION_REFUSED @ http://localhost:8501/_stcore/host-config:0
[ 5226404ms] [ERROR] Failed to load resource: net::ERR_CONNECTION_REFUSED @ http://localhost:8501/_stcore/health:0
[ 5226405ms] [ERROR] Client Error in reaching server endpoint - No response received when attempting to reach /_stcore/health @ http://localhost:8501/static/js/index.k-9rUdPI.js:19
[ 5226406ms] [ERROR] Failed to load resource: net::ERR_CONNECTION_REFUSED @ http://localhost:8501/_stcore/host-config:0
[ 5230759ms] [ERROR] Failed to load resource: net::ERR_CONNECTION_REFUSED @ http://localhost:8501/_stcore/health:0
[ 5230759ms] [ERROR] Client Error in reaching server endpoint - No response received when attempting to reach /_stcore/health @ http://localhost:8501/static/js/index.k-9rUdPI.js:19
[ 5230760ms] [ERROR] Failed to load resource: net::ERR_CONNECTION_REFUSED @ http://localhost:8501/_stcore/host-config:0
[ 5235124ms] [ERROR] Failed to load resource: net::ERR_CONNECTION_REFUSED @ http://localhost:8501/_stcore/health:0
[ 5235124ms] [ERROR] Client Error in reaching server endpoint - No response received when attempting to reach /_stcore/health @ http://localhost:8501/static/js/index.k-9rUdPI.js:19
[ 5235125ms] [ERROR] Failed to load resource: net::ERR_CONNECTION_REFUSED @ http://localhost:8501/_stcore/host-config:0
[ 5239472ms] [ERROR] Failed to load resource: net::ERR_CONNECTION_REFUSED @ http://localhost:8501/_stcore/health:0
[ 5239472ms] [ERROR] Client Error in reaching server endpoint - No response received when attempting to reach /_stcore/health @ http://localhost:8501/static/js/index.k-9rUdPI.js:19
[ 5239473ms] [ERROR] Failed to load resource: net::ERR_CONNECTION_REFUSED @ http://localhost:8501/_stcore/host-config:0
[ 5243807ms] [ERROR] Failed to load resource: net::ERR_CONNECTION_REFUSED @ http://localhost:8501/_stcore/health:0
[ 5243807ms] [ERROR] Client Error in reaching server endpoint - No response received when attempting to reach /_stcore/health @ http://localhost:8501/static/js/index.k-9rUdPI.js:19
[ 5243823ms] [ERROR] Failed to load resource: net::ERR_CONNECTION_REFUSED @ http://localhost:8501/_stcore/host-config:0
[ 5248162ms] [ERROR] Failed to load resource: net::ERR_CONNECTION_REFUSED @ http://localhost:8501/_stcore/health:0
[ 5248162ms] [ERROR] Client Error in reaching server endpoint - No response received when attempting to reach /_stcore/health @ http://localhost:8501/static/js/index.k-9rUdPI.js:19
[ 5248163ms] [ERROR] Failed to load resource: net::ERR_CONNECTION_REFUSED @ http://localhost:8501/_stcore/host-config:0
[ 5252520ms] [ERROR] Failed to load resource: net::ERR_CONNECTION_REFUSED @ http://localhost:8501/_stcore/health:0
[ 5252521ms] [ERROR] Client Error in reaching server endpoint - No response received when attempting to reach /_stcore/health @ http://localhost:8501/static/js/index.k-9rUdPI.js:19
[ 5252522ms] [ERROR] Failed to load resource: net::ERR_CONNECTION_REFUSED @ http://localhost:8501/_stcore/host-config:0
[ 5256889ms] [ERROR] Failed to load resource: net::ERR_CONNECTION_REFUSED @ http://localhost:8501/_stcore/health:0
[ 5256889ms] [ERROR] Client Error in reaching server endpoint - No response received when attempting to reach /_stcore/health @ http://localhost:8501/static/js/index.k-9rUdPI.js:19
[ 5257177ms] [ERROR] Failed to load resource: net::ERR_CONNECTION_REFUSED @ http://localhost:8501/_stcore/host-config:0
[ 5261237ms] [ERROR] Failed to load resource: net::ERR_CONNECTION_REFUSED @ http://localhost:8501/_stcore/health:0
[ 5261237ms] [ERROR] Client Error in reaching server endpoint - No response received when attempting to reach /_stcore/health @ http://localhost:8501/static/js/index.k-9rUdPI.js:19
[ 5261239ms] [ERROR] Failed to load resource: net::ERR_CONNECTION_REFUSED @ http://localhost:8501/_stcore/host-config:0
[ 5266088ms] [ERROR] Failed to load resource: net::ERR_CONNECTION_REFUSED @ http://localhost:8501/_stcore/health:0
[ 5266089ms] [ERROR] Client Error in reaching server endpoint - No response received when attempting to reach /_stcore/health @ http://localhost:8501/static/js/index.k-9rUdPI.js:19
[ 5266090ms] [ERROR] Failed to load resource: net::ERR_CONNECTION_REFUSED @ http://localhost:8501/_stcore/host-config:0
[ 5270452ms] [ERROR] Failed to load resource: net::ERR_CONNECTION_REFUSED @ http://localhost:8501/_stcore/health:0
[ 5270452ms] [ERROR] Client Error in reaching server endpoint - No response received when attempting to reach /_stcore/health @ http://localhost:8501/static/js/index.k-9rUdPI.js:19
[ 5270454ms] [ERROR] Failed to load resource: net::ERR_CONNECTION_REFUSED @ http://localhost:8501/_stcore/host-config:0
[ 5275761ms] [ERROR] Failed to load resource: net::ERR_CONNECTION_REFUSED @ http://localhost:8501/_stcore/health:0
[ 5275761ms] [ERROR] Client Error in reaching server endpoint - No response received when attempting to reach /_stcore/health @ http://localhost:8501/static/js/index.k-9rUdPI.js:19
[ 5275764ms] [ERROR] Failed to load resource: net::ERR_CONNECTION_REFUSED @ http://localhost:8501/_stcore/host-config:0
[ 5280142ms] [ERROR] Failed to load resource: net::ERR_CONNECTION_REFUSED @ http://localhost:8501/_stcore/health:0
[ 5280143ms] [ERROR] Client Error in reaching server endpoint - No response received when attempting to reach /_stcore/health @ http://localhost:8501/static/js/index.k-9rUdPI.js:19
[ 5280143ms] [ERROR] Failed to load resource: net::ERR_CONNECTION_REFUSED @ http://localhost:8501/_stcore/host-config:0
[ 5284462ms] [ERROR] Failed to load resource: net::ERR_CONNECTION_REFUSED @ http://localhost:8501/_stcore/health:0
[ 5284462ms] [ERROR] Client Error in reaching server endpoint - No response received when attempting to reach /_stcore/health @ http://localhost:8501/static/js/index.k-9rUdPI.js:19
[ 5284464ms] [ERROR] Failed to load resource: net::ERR_CONNECTION_REFUSED @ http://localhost:8501/_stcore/host-config:0
[ 5288773ms] [ERROR] Failed to load resource: net::ERR_CONNECTION_REFUSED @ http://localhost:8501/_stcore/health:0
[ 5288773ms] [ERROR] Client Error in reaching server endpoint - No response received when attempting to reach /_stcore/health @ http://localhost:8501/static/js/index.k-9rUdPI.js:19
[ 5288775ms] [ERROR] Failed to load resource: net::ERR_CONNECTION_REFUSED @ http://localhost:8501/_stcore/host-config:0
[ 5293122ms] [ERROR] Failed to load resource: net::ERR_CONNECTION_REFUSED @ http://localhost:8501/_stcore/health:0
[ 5293122ms] [ERROR] Client Error in reaching server endpoint - No response received when attempting to reach /_stcore/health @ http://localhost:8501/static/js/index.k-9rUdPI.js:19
[ 5293124ms] [ERROR] Failed to load resource: net::ERR_CONNECTION_REFUSED @ http://localhost:8501/_stcore/host-config:0
[ 5297487ms] [ERROR] Failed to load resource: net::ERR_CONNECTION_REFUSED @ http://localhost:8501/_stcore/health:0
[ 5297487ms] [ERROR] Client Error in reaching server endpoint - No response received when attempting to reach /_stcore/health @ http://localhost:8501/static/js/index.k-9rUdPI.js:19
[ 5297489ms] [ERROR] Failed to load resource: net::ERR_CONNECTION_REFUSED @ http://localhost:8501/_stcore/host-config:0
[ 5301820ms] [ERROR] Failed to load resource: net::ERR_CONNECTION_REFUSED @ http://localhost:8501/_stcore/health:0
[ 5301820ms] [ERROR] Client Error in reaching server endpoint - No response received when attempting to reach /_stcore/health @ http://localhost:8501/static/js/index.k-9rUdPI.js:19
[ 5301822ms] [ERROR] Failed to load resource: net::ERR_CONNECTION_REFUSED @ http://localhost:8501/_stcore/host-config:0
[ 5306199ms] [ERROR] Failed to load resource: net::ERR_CONNECTION_REFUSED @ http://localhost:8501/_stcore/health:0
[ 5306199ms] [ERROR] Client Error in reaching server endpoint - No response received when attempting to reach /_stcore/health @ http://localhost:8501/static/js/index.k-9rUdPI.js:19
[ 5306200ms] [ERROR] Failed to load resource: net::ERR_CONNECTION_REFUSED @ http://localhost:8501/_stcore/host-config:0
[ 5310555ms] [ERROR] Failed to load resource: net::ERR_CONNECTION_REFUSED @ http://localhost:8501/_stcore/health:0
[ 5310555ms] [ERROR] Client Error in reaching server endpoint - No response received when attempting to reach /_stcore/health @ http://localhost:8501/static/js/index.k-9rUdPI.js:19
[ 5310556ms] [ERROR] Failed to load resource: net::ERR_CONNECTION_REFUSED @ http://localhost:8501/_stcore/host-config:0
[ 5314887ms] [ERROR] Failed to load resource: net::ERR_CONNECTION_REFUSED @ http://localhost:8501/_stcore/health:0
[ 5314887ms] [ERROR] Client Error in reaching server endpoint - No response received when attempting to reach /_stcore/health @ http://localhost:8501/static/js/index.k-9rUdPI.js:19
[ 5314903ms] [ERROR] Failed to load resource: net::ERR_CONNECTION_REFUSED @ http://localhost:8501/_stcore/host-config:0
[ 5319267ms] [ERROR] Failed to load resource: net::ERR_CONNECTION_REFUSED @ http://localhost:8501/_stcore/health:0
[ 5319267ms] [ERROR] Client Error in reaching server endpoint - No response received when attempting to reach /_stcore/health @ http://localhost:8501/static/js/index.k-9rUdPI.js:19
[ 5319268ms] [ERROR] Failed to load resource: net::ERR_CONNECTION_REFUSED @ http://localhost:8501/_stcore/host-config:0
[ 5323615ms] [ERROR] Failed to load resource: net::ERR_CONNECTION_REFUSED @ http://localhost:8501/_stcore/health:0
[ 5323616ms] [ERROR] Client Error in reaching server endpoint - No response received when attempting to reach /_stcore/health @ http://localhost:8501/static/js/index.k-9rUdPI.js:19
[ 5323617ms] [ERROR] Failed to load resource: net::ERR_CONNECTION_REFUSED @ http://localhost:8501/_stcore/host-config:0
[ 5327952ms] [ERROR] Failed to load resource: net::ERR_CONNECTION_REFUSED @ http://localhost:8501/_stcore/health:0
[ 5327952ms] [ERROR] Client Error in reaching server endpoint - No response received when attempting to reach /_stcore/health @ http://localhost:8501/static/js/index.k-9rUdPI.js:19
[ 5327983ms] [ERROR] Failed to load resource: net::ERR_CONNECTION_REFUSED @ http://localhost:8501/_stcore/host-config:0
[ 5332302ms] [ERROR] Failed to load resource: net::ERR_CONNECTION_REFUSED @ http://localhost:8501/_stcore/health:0
[ 5332302ms] [ERROR] Client Error in reaching server endpoint - No response received when attempting to reach /_stcore/health @ http://localhost:8501/static/js/index.k-9rUdPI.js:19
[ 5332303ms] [ERROR] Failed to load resource: net::ERR_CONNECTION_REFUSED @ http://localhost:8501/_stcore/host-config:0
[ 5336682ms] [ERROR] Failed to load resource: net::ERR_CONNECTION_REFUSED @ http://localhost:8501/_stcore/health:0
[ 5336682ms] [ERROR] Client Error in reaching server endpoint - No response received when attempting to reach /_stcore/health @ http://localhost:8501/static/js/index.k-9rUdPI.js:19
[ 5336683ms] [ERROR] Failed to load resource: net::ERR_CONNECTION_REFUSED @ http://localhost:8501/_stcore/host-config:0
[ 5341023ms] [ERROR] Failed to load resource: net::ERR_CONNECTION_REFUSED @ http://localhost:8501/_stcore/health:0
[ 5341023ms] [ERROR] Client Error in reaching server endpoint - No response received when attempting to reach /_stcore/health @ http://localhost:8501/static/js/index.k-9rUdPI.js:19
[ 5341025ms] [ERROR] Failed to load resource: net::ERR_CONNECTION_REFUSED @ http://localhost:8501/_stcore/host-config:0
[ 5345369ms] [ERROR] Failed to load resource: net::ERR_CONNECTION_REFUSED @ http://localhost:8501/_stcore/health:0
[ 5345369ms] [ERROR] Client Error in reaching server endpoint - No response received when attempting to reach /_stcore/health @ http://localhost:8501/static/js/index.k-9rUdPI.js:19
[ 5345370ms] [ERROR] Failed to load resource: net::ERR_CONNECTION_REFUSED @ http://localhost:8501/_stcore/host-config:0
[ 5349731ms] [ERROR] Failed to load resource: net::ERR_CONNECTION_REFUSED @ http://localhost:8501/_stcore/health:0
[ 5349731ms] [ERROR] Client Error in reaching server endpoint - No response received when attempting to reach /_stcore/health @ http://localhost:8501/static/js/index.k-9rUdPI.js:19
[ 5349732ms] [ERROR] Failed to load resource: net::ERR_CONNECTION_REFUSED @ http://localhost:8501/_stcore/host-config:0
[ 5354093ms] [ERROR] Failed to load resource: net::ERR_CONNECTION_REFUSED @ http://localhost:8501/_stcore/health:0
[ 5354093ms] [ERROR] Client Error in reaching server endpoint - No response received when attempting to reach /_stcore/health @ http://localhost:8501/static/js/index.k-9rUdPI.js:19
[ 5354094ms] [ERROR] Failed to load resource: net::ERR_CONNECTION_REFUSED @ http://localhost:8501/_stcore/host-config:0
[ 5358449ms] [ERROR] Failed to load resource: net::ERR_CONNECTION_REFUSED @ http://localhost:8501/_stcore/health:0
[ 5358449ms] [ERROR] Client Error in reaching server endpoint - No response received when attempting to reach /_stcore/health @ http://localhost:8501/static/js/index.k-9rUdPI.js:19
[ 5358593ms] [ERROR] Failed to load resource: net::ERR_CONNECTION_REFUSED @ http://localhost:8501/_stcore/host-config:0
[ 5362779ms] [ERROR] Failed to load resource: net::ERR_CONNECTION_REFUSED @ http://localhost:8501/_stcore/health:0
[ 5362779ms] [ERROR] Client Error in reaching server endpoint - No response received when attempting to reach /_stcore/health @ http://localhost:8501/static/js/index.k-9rUdPI.js:19
[ 5362781ms] [ERROR] Failed to load resource: net::ERR_CONNECTION_REFUSED @ http://localhost:8501/_stcore/host-config:0
[ 5367527ms] [ERROR] Failed to load resource: net::ERR_CONNECTION_REFUSED @ http://localhost:8501/_stcore/health:0
[ 5367527ms] [ERROR] Client Error in reaching server endpoint - No response received when attempting to reach /_stcore/health @ http://localhost:8501/static/js/index.k-9rUdPI.js:19
[ 5367529ms] [ERROR] Failed to load resource: net::ERR_CONNECTION_REFUSED @ http://localhost:8501/_stcore/host-config:0
[ 5371868ms] [ERROR] Failed to load resource: net::ERR_CONNECTION_REFUSED @ http://localhost:8501/_stcore/health:0
[ 5371868ms] [ERROR] Client Error in reaching server endpoint - No response received when attempting to reach /_stcore/health @ http://localhost:8501/static/js/index.k-9rUdPI.js:19
[ 5371884ms] [ERROR] Failed to load resource: net::ERR_CONNECTION_REFUSED @ http://localhost:8501/_stcore/host-config:0
[ 5376228ms] [ERROR] Failed to load resource: net::ERR_CONNECTION_REFUSED @ http://localhost:8501/_stcore/health:0
[ 5376228ms] [ERROR] Client Error in reaching server endpoint - No response received when attempting to reach /_stcore/health @ http://localhost:8501/static/js/index.k-9rUdPI.js:19
[ 5376244ms] [ERROR] Failed to load resource: net::ERR_CONNECTION_REFUSED @ http://localhost:8501/_stcore/host-config:0
[ 5380567ms] [ERROR] Failed to load resource: net::ERR_CONNECTION_REFUSED @ http://localhost:8501/_stcore/health:0
[ 5380567ms] [ERROR] Client Error in reaching server endpoint - No response received when attempting to reach /_stcore/health @ http://localhost:8501/static/js/index.k-9rUdPI.js:19
[ 5380568ms] [ERROR] Failed to load resource: net::ERR_CONNECTION_REFUSED @ http://localhost:8501/_stcore/host-config:0
[ 5384947ms] [ERROR] Failed to load resource: net::ERR_CONNECTION_REFUSED @ http://localhost:8501/_stcore/health:0
[ 5384947ms] [ERROR] Client Error in reaching server endpoint - No response received when attempting to reach /_stcore/health @ http://localhost:8501/static/js/index.k-9rUdPI.js:19
[ 5384948ms] [ERROR] Failed to load resource: net::ERR_CONNECTION_REFUSED @ http://localhost:8501/_stcore/host-config:0
[ 5389304ms] [ERROR] Failed to load resource: net::ERR_CONNECTION_REFUSED @ http://localhost:8501/_stcore/health:0
[ 5389304ms] [ERROR] Client Error in reaching server endpoint - No response received when attempting to reach /_stcore/health @ http://localhost:8501/static/js/index.k-9rUdPI.js:19
[ 5389305ms] [ERROR] Failed to load resource: net::ERR_CONNECTION_REFUSED @ http://localhost:8501/_stcore/host-config:0
[ 5393656ms] [ERROR] Failed to load resource: net::ERR_CONNECTION_REFUSED @ http://localhost:8501/_stcore/health:0
[ 5393656ms] [ERROR] Client Error in reaching server endpoint - No response received when attempting to reach /_stcore/health @ http://localhost:8501/static/js/index.k-9rUdPI.js:19
[ 5393672ms] [ERROR] Failed to load resource: net::ERR_CONNECTION_REFUSED @ http://localhost:8501/_stcore/host-config:0
[ 5398008ms] [ERROR] Failed to load resource: net::ERR_CONNECTION_REFUSED @ http://localhost:8501/_stcore/health:0
[ 5398008ms] [ERROR] Client Error in reaching server endpoint - No response received when attempting to reach /_stcore/health @ http://localhost:8501/static/js/index.k-9rUdPI.js:19
[ 5398009ms] [ERROR] Failed to load resource: net::ERR_CONNECTION_REFUSED @ http://localhost:8501/_stcore/host-config:0
[ 5402383ms] [ERROR] Failed to load resource: net::ERR_CONNECTION_REFUSED @ http://localhost:8501/_stcore/health:0
[ 5402383ms] [ERROR] Client Error in reaching server endpoint - No response received when attempting to reach /_stcore/health @ http://localhost:8501/static/js/index.k-9rUdPI.js:19
[ 5402384ms] [ERROR] Failed to load resource: net::ERR_CONNECTION_REFUSED @ http://localhost:8501/_stcore/host-config:0
[ 5406763ms] [ERROR] Failed to load resource: net::ERR_CONNECTION_REFUSED @ http://localhost:8501/_stcore/health:0
[ 5406763ms] [ERROR] Client Error in reaching server endpoint - No response received when attempting to reach /_stcore/health @ http://localhost:8501/static/js/index.k-9rUdPI.js:19
[ 5406764ms] [ERROR] Failed to load resource: net::ERR_CONNECTION_REFUSED @ http://localhost:8501/_stcore/host-config:0
[ 5411094ms] [ERROR] Failed to load resource: net::ERR_CONNECTION_REFUSED @ http://localhost:8501/_stcore/health:0
[ 5411094ms] [ERROR] Client Error in reaching server endpoint - No response received when attempting to reach /_stcore/health @ http://localhost:8501/static/js/index.k-9rUdPI.js:19
[ 5411095ms] [ERROR] Failed to load resource: net::ERR_CONNECTION_REFUSED @ http://localhost:8501/_stcore/host-config:0
[ 5415576ms] [ERROR] Failed to load resource: net::ERR_CONNECTION_REFUSED @ http://localhost:8501/_stcore/health:0
[ 5415576ms] [ERROR] Client Error in reaching server endpoint - No response received when attempting to reach /_stcore/health @ http://localhost:8501/static/js/index.k-9rUdPI.js:19
[ 5415688ms] [ERROR] Failed to load resource: net::ERR_CONNECTION_REFUSED @ http://localhost:8501/_stcore/host-config:0
[ 5419926ms] [ERROR] Failed to load resource: net::ERR_CONNECTION_REFUSED @ http://localhost:8501/_stcore/health:0
[ 5419926ms] [ERROR] Client Error in reaching server endpoint - No response received when attempting to reach /_stcore/health @ http://localhost:8501/static/js/index.k-9rUdPI.js:19
[ 5419927ms] [ERROR] Failed to load resource: net::ERR_CONNECTION_REFUSED @ http://localhost:8501/_stcore/host-config:0
[ 5424291ms] [ERROR] Failed to load resource: net::ERR_CONNECTION_REFUSED @ http://localhost:8501/_stcore/health:0
[ 5424291ms] [ERROR] Client Error in reaching server endpoint - No response received when attempting to reach /_stcore/health @ http://localhost:8501/static/js/index.k-9rUdPI.js:19
[ 5424292ms] [ERROR] Failed to load resource: net::ERR_CONNECTION_REFUSED @ http://localhost:8501/_stcore/host-config:0
[ 5428642ms] [ERROR] Failed to load resource: net::ERR_CONNECTION_REFUSED @ http://localhost:8501/_stcore/health:0
[ 5428642ms] [ERROR] Client Error in reaching server endpoint - No response received when attempting to reach /_stcore/health @ http://localhost:8501/static/js/index.k-9rUdPI.js:19
[ 5428643ms] [ERROR] Failed to load resource: net::ERR_CONNECTION_REFUSED @ http://localhost:8501/_stcore/host-config:0
[ 5433007ms] [ERROR] Failed to load resource: net::ERR_CONNECTION_REFUSED @ http://localhost:8501/_stcore/health:0
[ 5433007ms] [ERROR] Client Error in reaching server endpoint - No response received when attempting to reach /_stcore/health @ http://localhost:8501/static/js/index.k-9rUdPI.js:19
[ 5433008ms] [ERROR] Failed to load resource: net::ERR_CONNECTION_REFUSED @ http://localhost:8501/_stcore/host-config:0
[ 5437360ms] [ERROR] Failed to load resource: net::ERR_CONNECTION_REFUSED @ http://localhost:8501/_stcore/health:0
[ 5437361ms] [ERROR] Client Error in reaching server endpoint - No response received when attempting to reach /_stcore/health @ http://localhost:8501/static/js/index.k-9rUdPI.js:19
[ 5437363ms] [ERROR] Failed to load resource: net::ERR_CONNECTION_REFUSED @ http://localhost:8501/_stcore/host-config:0
[ 5441715ms] [ERROR] Failed to load resource: net::ERR_CONNECTION_REFUSED @ http://localhost:8501/_stcore/health:0
[ 5441715ms] [ERROR] Client Error in reaching server endpoint - No response received when attempting to reach /_stcore/health @ http://localhost:8501/static/js/index.k-9rUdPI.js:19
[ 5441716ms] [ERROR] Failed to load resource: net::ERR_CONNECTION_REFUSED @ http://localhost:8501/_stcore/host-config:0
[ 5446248ms] [ERROR] Failed to load resource: net::ERR_CONNECTION_REFUSED @ http://localhost:8501/_stcore/health:0
[ 5446248ms] [ERROR] Client Error in reaching server endpoint - No response received when attempting to reach /_stcore/health @ http://localhost:8501/static/js/index.k-9rUdPI.js:19
[ 5446249ms] [ERROR] Failed to load resource: net::ERR_CONNECTION_REFUSED @ http://localhost:8501/_stcore/host-config:0
[ 5450610ms] [ERROR] Failed to load resource: net::ERR_CONNECTION_REFUSED @ http://localhost:8501/_stcore/health:0
[ 5450610ms] [ERROR] Client Error in reaching server endpoint - No response received when attempting to reach /_stcore/health @ http://localhost:8501/static/js/index.k-9rUdPI.js:19
[ 5450611ms] [ERROR] Failed to load resource: net::ERR_CONNECTION_REFUSED @ http://localhost:8501/_stcore/host-config:0
[ 5454951ms] [ERROR] Failed to load resource: net::ERR_CONNECTION_REFUSED @ http://localhost:8501/_stcore/health:0
[ 5454951ms] [ERROR] Client Error in reaching server endpoint - No response received when attempting to reach /_stcore/health @ http://localhost:8501/static/js/index.k-9rUdPI.js:19
[ 5454967ms] [ERROR] Failed to load resource: net::ERR_CONNECTION_REFUSED @ http://localhost:8501/_stcore/host-config:0
[ 5459281ms] [ERROR] Failed to load resource: net::ERR_CONNECTION_REFUSED @ http://localhost:8501/_stcore/health:0
[ 5459282ms] [ERROR] Client Error in reaching server endpoint - No response received when attempting to reach /_stcore/health @ http://localhost:8501/static/js/index.k-9rUdPI.js:19
[ 5459283ms] [ERROR] Failed to load resource: net::ERR_CONNECTION_REFUSED @ http://localhost:8501/_stcore/host-config:0
[ 5463620ms] [ERROR] Failed to load resource: net::ERR_CONNECTION_REFUSED @ http://localhost:8501/_stcore/health:0
[ 5463620ms] [ERROR] Client Error in reaching server endpoint - No response received when attempting to reach /_stcore/health @ http://localhost:8501/static/js/index.k-9rUdPI.js:19
[ 5463621ms] [ERROR] Failed to load resource: net::ERR_CONNECTION_REFUSED @ http://localhost:8501/_stcore/host-config:0
[ 5467963ms] [ERROR] Failed to load resource: net::ERR_CONNECTION_REFUSED @ http://localhost:8501/_stcore/health:0
[ 5467963ms] [ERROR] Client Error in reaching server endpoint - No response received when attempting to reach /_stcore/health @ http://localhost:8501/static/js/index.k-9rUdPI.js:19
[ 5467967ms] [ERROR] Failed to load resource: net::ERR_CONNECTION_REFUSED @ http://localhost:8501/_stcore/host-config:0
[ 5472331ms] [ERROR] Failed to load resource: net::ERR_CONNECTION_REFUSED @ http://localhost:8501/_stcore/health:0
[ 5472331ms] [ERROR] Client Error in reaching server endpoint - No response received when attempting to reach /_stcore/health @ http://localhost:8501/static/js/index.k-9rUdPI.js:19
[ 5472336ms] [ERROR] Failed to load resource: net::ERR_CONNECTION_REFUSED @ http://localhost:8501/_stcore/host-config:0
[ 5476682ms] [ERROR] Failed to load resource: net::ERR_CONNECTION_REFUSED @ http://localhost:8501/_stcore/health:0
[ 5476683ms] [ERROR] Client Error in reaching server endpoint - No response received when attempting to reach /_stcore/health @ http://localhost:8501/static/js/index.k-9rUdPI.js:19
[ 5476687ms] [ERROR] Failed to load resource: net::ERR_CONNECTION_REFUSED @ http://localhost:8501/_stcore/host-config:0
[ 5481036ms] [ERROR] Failed to load resource: net::ERR_CONNECTION_REFUSED @ http://localhost:8501/_stcore/health:0
[ 5481036ms] [ERROR] Client Error in reaching server endpoint - No response received when attempting to reach /_stcore/health @ http://localhost:8501/static/js/index.k-9rUdPI.js:19
[ 5481041ms] [ERROR] Failed to load resource: net::ERR_CONNECTION_REFUSED @ http://localhost:8501/_stcore/host-config:0
[ 5485364ms] [ERROR] Failed to load resource: net::ERR_CONNECTION_REFUSED @ http://localhost:8501/_stcore/health:0
[ 5485364ms] [ERROR] Client Error in reaching server endpoint - No response received when attempting to reach /_stcore/health @ http://localhost:8501/static/js/index.k-9rUdPI.js:19
[ 5485367ms] [ERROR] Failed to load resource: net::ERR_CONNECTION_REFUSED @ http://localhost:8501/_stcore/host-config:0
[ 5489721ms] [ERROR] Failed to load resource: net::ERR_CONNECTION_REFUSED @ http://localhost:8501/_stcore/health:0
[ 5489721ms] [ERROR] Client Error in reaching server endpoint - No response received when attempting to reach /_stcore/health @ http://localhost:8501/static/js/index.k-9rUdPI.js:19
[ 5489724ms] [ERROR] Failed to load resource: net::ERR_CONNECTION_REFUSED @ http://localhost:8501/_stcore/host-config:0
[ 5494080ms] [ERROR] Failed to load resource: net::ERR_CONNECTION_REFUSED @ http://localhost:8501/_stcore/health:0
[ 5494080ms] [ERROR] Client Error in reaching server endpoint - No response received when attempting to reach /_stcore/health @ http://localhost:8501/static/js/index.k-9rUdPI.js:19
[ 5494085ms] [ERROR] Failed to load resource: net::ERR_CONNECTION_REFUSED @ http://localhost:8501/_stcore/host-config:0
[ 5498458ms] [ERROR] Failed to load resource: net::ERR_CONNECTION_REFUSED @ http://localhost:8501/_stcore/health:0
[ 5498458ms] [ERROR] Client Error in reaching server endpoint - No response received when attempting to reach /_stcore/health @ http://localhost:8501/static/js/index.k-9rUdPI.js:19
[ 5498463ms] [ERROR] Failed to load resource: net::ERR_CONNECTION_REFUSED @ http://localhost:8501/_stcore/host-config:0
[ 5502791ms] [ERROR] Failed to load resource: net::ERR_CONNECTION_REFUSED @ http://localhost:8501/_stcore/health:0
[ 5502792ms] [ERROR] Client Error in reaching server endpoint - No response received when attempting to reach /_stcore/health @ http://localhost:8501/static/js/index.k-9rUdPI.js:19
[ 5502795ms] [ERROR] Failed to load resource: net::ERR_CONNECTION_REFUSED @ http://localhost:8501/_stcore/host-config:0
[ 5507129ms] [ERROR] Failed to load resource: net::ERR_CONNECTION_REFUSED @ http://localhost:8501/_stcore/health:0
[ 5507129ms] [ERROR] Client Error in reaching server endpoint - No response received when attempting to reach /_stcore/health @ http://localhost:8501/static/js/index.k-9rUdPI.js:19
[ 5507133ms] [ERROR] Failed to load resource: net::ERR_CONNECTION_REFUSED @ http://localhost:8501/_stcore/host-config:0
[ 5511485ms] [ERROR] Failed to load resource: net::ERR_CONNECTION_REFUSED @ http://localhost:8501/_stcore/health:0
[ 5511485ms] [ERROR] Client Error in reaching server endpoint - No response received when attempting to reach /_stcore/health @ http://localhost:8501/static/js/index.k-9rUdPI.js:19
[ 5511490ms] [ERROR] Failed to load resource: net::ERR_CONNECTION_REFUSED @ http://localhost:8501/_stcore/host-config:0
[ 5515828ms] [ERROR] Failed to load resource: net::ERR_CONNECTION_REFUSED @ http://localhost:8501/_stcore/health:0
[ 5515829ms] [ERROR] Client Error in reaching server endpoint - No response received when attempting to reach /_stcore/health @ http://localhost:8501/static/js/index.k-9rUdPI.js:19
[ 5515832ms] [ERROR] Failed to load resource: net::ERR_CONNECTION_REFUSED @ http://localhost:8501/_stcore/host-config:0
[ 5520178ms] [ERROR] Failed to load resource: net::ERR_CONNECTION_REFUSED @ http://localhost:8501/_stcore/health:0
[ 5520178ms] [ERROR] Client Error in reaching server endpoint - No response received when attempting to reach /_stcore/health @ http://localhost:8501/static/js/index.k-9rUdPI.js:19
[ 5520181ms] [ERROR] Failed to load resource: net::ERR_CONNECTION_REFUSED @ http://localhost:8501/_stcore/host-config:0
[ 5524547ms] [ERROR] Failed to load resource: net::ERR_CONNECTION_REFUSED @ http://localhost:8501/_stcore/health:0
[ 5524547ms] [ERROR] Client Error in reaching server endpoint - No response received when attempting to reach /_stcore/health @ http://localhost:8501/static/js/index.k-9rUdPI.js:19
[ 5524551ms] [ERROR] Failed to load resource: net::ERR_CONNECTION_REFUSED @ http://localhost:8501/_stcore/host-config:0
[ 5528896ms] [ERROR] Failed to load resource: net::ERR_CONNECTION_REFUSED @ http://localhost:8501/_stcore/health:0
[ 5528897ms] [ERROR] Client Error in reaching server endpoint - No response received when attempting to reach /_stcore/health @ http://localhost:8501/static/js/index.k-9rUdPI.js:19
[ 5528901ms] [ERROR] Failed to load resource: net::ERR_CONNECTION_REFUSED @ http://localhost:8501/_stcore/host-config:0
[ 5533278ms] [ERROR] Failed to load resource: net::ERR_CONNECTION_REFUSED @ http://localhost:8501/_stcore/health:0
[ 5533278ms] [ERROR] Client Error in reaching server endpoint - No response received when attempting to reach /_stcore/health @ http://localhost:8501/static/js/index.k-9rUdPI.js:19
[ 5533294ms] [ERROR] Failed to load resource: net::ERR_CONNECTION_REFUSED @ http://localhost:8501/_stcore/host-config:0
[ 5537608ms] [ERROR] Failed to load resource: net::ERR_CONNECTION_REFUSED @ http://localhost:8501/_stcore/health:0
[ 5537609ms] [ERROR] Client Error in reaching server endpoint - No response received when attempting to reach /_stcore/health @ http://localhost:8501/static/js/index.k-9rUdPI.js:19
[ 5537613ms] [ERROR] Failed to load resource: net::ERR_CONNECTION_REFUSED @ http://localhost:8501/_stcore/host-config:0
[ 5541952ms] [ERROR] Failed to load resource: net::ERR_CONNECTION_REFUSED @ http://localhost:8501/_stcore/health:0
[ 5541952ms] [ERROR] Client Error in reaching server endpoint - No response received when attempting to reach /_stcore/health @ http://localhost:8501/static/js/index.k-9rUdPI.js:19
[ 5541954ms] [ERROR] Failed to load resource: net::ERR_CONNECTION_REFUSED @ http://localhost:8501/_stcore/host-config:0
[ 5546294ms] [ERROR] Failed to load resource: net::ERR_CONNECTION_REFUSED @ http://localhost:8501/_stcore/health:0
[ 5546295ms] [ERROR] Client Error in reaching server endpoint - No response received when attempting to reach /_stcore/health @ http://localhost:8501/static/js/index.k-9rUdPI.js:19
[ 5546299ms] [ERROR] Failed to load resource: net::ERR_CONNECTION_REFUSED @ http://localhost:8501/_stcore/host-config:0
[ 5550638ms] [ERROR] Failed to load resource: net::ERR_CONNECTION_REFUSED @ http://localhost:8501/_stcore/health:0
[ 5550639ms] [ERROR] Client Error in reaching server endpoint - No response received when attempting to reach /_stcore/health @ http://localhost:8501/static/js/index.k-9rUdPI.js:19
[ 5550670ms] [ERROR] Failed to load resource: net::ERR_CONNECTION_REFUSED @ http://localhost:8501/_stcore/host-config:0
[ 5555052ms] [ERROR] Failed to load resource: net::ERR_CONNECTION_REFUSED @ http://localhost:8501/_stcore/health:0
[ 5555053ms] [ERROR] Client Error in reaching server endpoint - No response received when attempting to reach /_stcore/health @ http://localhost:8501/static/js/index.k-9rUdPI.js:19
[ 5555056ms] [ERROR] Failed to load resource: net::ERR_CONNECTION_REFUSED @ http://localhost:8501/_stcore/host-config:0
[ 5559410ms] [ERROR] Failed to load resource: net::ERR_CONNECTION_REFUSED @ http://localhost:8501/_stcore/health:0
[ 5559411ms] [ERROR] Client Error in reaching server endpoint - No response received when attempting to reach /_stcore/health @ http://localhost:8501/static/js/index.k-9rUdPI.js:19
[ 5559415ms] [ERROR] Failed to load resource: net::ERR_CONNECTION_REFUSED @ http://localhost:8501/_stcore/host-config:0
[ 5563768ms] [ERROR] Failed to load resource: net::ERR_CONNECTION_REFUSED @ http://localhost:8501/_stcore/health:0
[ 5563769ms] [ERROR] Client Error in reaching server endpoint - No response received when attempting to reach /_stcore/health @ http://localhost:8501/static/js/index.k-9rUdPI.js:19
[ 5563773ms] [ERROR] Failed to load resource: net::ERR_CONNECTION_REFUSED @ http://localhost:8501/_stcore/host-config:0
[ 5568117ms] [ERROR] Failed to load resource: net::ERR_CONNECTION_REFUSED @ http://localhost:8501/_stcore/health:0
[ 5568118ms] [ERROR] Client Error in reaching server endpoint - No response received when attempting to reach /_stcore/health @ http://localhost:8501/static/js/index.k-9rUdPI.js:19
[ 5568133ms] [ERROR] Failed to load resource: net::ERR_CONNECTION_REFUSED @ http://localhost:8501/_stcore/host-config:0
[ 5572467ms] [ERROR] Failed to load resource: net::ERR_CONNECTION_REFUSED @ http://localhost:8501/_stcore/health:0
[ 5572468ms] [ERROR] Client Error in reaching server endpoint - No response received when attempting to reach /_stcore/health @ http://localhost:8501/static/js/index.k-9rUdPI.js:19
[ 5572472ms] [ERROR] Failed to load resource: net::ERR_CONNECTION_REFUSED @ http://localhost:8501/_stcore/host-config:0
[ 5576815ms] [ERROR] Failed to load resource: net::ERR_CONNECTION_REFUSED @ http://localhost:8501/_stcore/health:0
[ 5576816ms] [ERROR] Client Error in reaching server endpoint - No response received when attempting to reach /_stcore/health @ http://localhost:8501/static/js/index.k-9rUdPI.js:19
[ 5576817ms] [ERROR] Failed to load resource: net::ERR_CONNECTION_REFUSED @ http://localhost:8501/_stcore/host-config:0
[ 5581173ms] [ERROR] Failed to load resource: net::ERR_CONNECTION_REFUSED @ http://localhost:8501/_stcore/health:0
[ 5581173ms] [ERROR] Client Error in reaching server endpoint - No response received when attempting to reach /_stcore/health @ http://localhost:8501/static/js/index.k-9rUdPI.js:19
[ 5581178ms] [ERROR] Failed to load resource: net::ERR_CONNECTION_REFUSED @ http://localhost:8501/_stcore/host-config:0
[ 5585540ms] [ERROR] Failed to load resource: net::ERR_CONNECTION_REFUSED @ http://localhost:8501/_stcore/health:0
[ 5585541ms] [ERROR] Client Error in reaching server endpoint - No response received when attempting to reach /_stcore/health @ http://localhost:8501/static/js/index.k-9rUdPI.js:19
[ 5585544ms] [ERROR] Failed to load resource: net::ERR_CONNECTION_REFUSED @ http://localhost:8501/_stcore/host-config:0
[ 5589889ms] [ERROR] Failed to load resource: net::ERR_CONNECTION_REFUSED @ http://localhost:8501/_stcore/health:0
[ 5589889ms] [ERROR] Client Error in reaching server endpoint - No response received when attempting to reach /_stcore/health @ http://localhost:8501/static/js/index.k-9rUdPI.js:19
[ 5589892ms] [ERROR] Failed to load resource: net::ERR_CONNECTION_REFUSED @ http://localhost:8501/_stcore/host-config:0
[ 5594241ms] [ERROR] Failed to load resource: net::ERR_CONNECTION_REFUSED @ http://localhost:8501/_stcore/health:0
[ 5594241ms] [ERROR] Client Error in reaching server endpoint - No response received when attempting to reach /_stcore/health @ http://localhost:8501/static/js/index.k-9rUdPI.js:19
[ 5594244ms] [ERROR] Failed to load resource: net::ERR_CONNECTION_REFUSED @ http://localhost:8501/_stcore/host-config:0
[ 5598584ms] [ERROR] Failed to load resource: net::ERR_CONNECTION_REFUSED @ http://localhost:8501/_stcore/health:0
[ 5598584ms] [ERROR] Client Error in reaching server endpoint - No response received when attempting to reach /_stcore/health @ http://localhost:8501/static/js/index.k-9rUdPI.js:19
[ 5598589ms] [ERROR] Failed to load resource: net::ERR_CONNECTION_REFUSED @ http://localhost:8501/_stcore/host-config:0
[ 5602928ms] [ERROR] Failed to load resource: net::ERR_CONNECTION_REFUSED @ http://localhost:8501/_stcore/health:0
[ 5602929ms] [ERROR] Client Error in reaching server endpoint - No response received when attempting to reach /_stcore/health @ http://localhost:8501/static/js/index.k-9rUdPI.js:19
[ 5602933ms] [ERROR] Failed to load resource: net::ERR_CONNECTION_REFUSED @ http://localhost:8501/_stcore/host-config:0
[ 5607284ms] [ERROR] Failed to load resource: net::ERR_CONNECTION_REFUSED @ http://localhost:8501/_stcore/health:0
[ 5607285ms] [ERROR] Client Error in reaching server endpoint - No response received when attempting to reach /_stcore/health @ http://localhost:8501/static/js/index.k-9rUdPI.js:19
[ 5607289ms] [ERROR] Failed to load resource: net::ERR_CONNECTION_REFUSED @ http://localhost:8501/_stcore/host-config:0
[ 5611634ms] [ERROR] Failed to load resource: net::ERR_CONNECTION_REFUSED @ http://localhost:8501/_stcore/health:0
[ 5611634ms] [ERROR] Client Error in reaching server endpoint - No response received when attempting to reach /_stcore/health @ http://localhost:8501/static/js/index.k-9rUdPI.js:19
[ 5611637ms] [ERROR] Failed to load resource: net::ERR_CONNECTION_REFUSED @ http://localhost:8501/_stcore/host-config:0
[ 5615988ms] [ERROR] Failed to load resource: net::ERR_CONNECTION_REFUSED @ http://localhost:8501/_stcore/health:0
[ 5615988ms] [ERROR] Client Error in reaching server endpoint - No response received when attempting to reach /_stcore/health @ http://localhost:8501/static/js/index.k-9rUdPI.js:19
[ 5615992ms] [ERROR] Failed to load resource: net::ERR_CONNECTION_REFUSED @ http://localhost:8501/_stcore/host-config:0
[ 5620332ms] [ERROR] Failed to load resource: net::ERR_CONNECTION_REFUSED @ http://localhost:8501/_stcore/health:0
[ 5620332ms] [ERROR] Client Error in reaching server endpoint - No response received when attempting to reach /_stcore/health @ http://localhost:8501/static/js/index.k-9rUdPI.js:19
[ 5620336ms] [ERROR] Failed to load resource: net::ERR_CONNECTION_REFUSED @ http://localhost:8501/_stcore/host-config:0
[ 5624691ms] [ERROR] Failed to load resource: net::ERR_CONNECTION_REFUSED @ http://localhost:8501/_stcore/health:0
[ 5624691ms] [ERROR] Client Error in reaching server endpoint - No response received when attempting to reach /_stcore/health @ http://localhost:8501/static/js/index.k-9rUdPI.js:19
[ 5624695ms] [ERROR] Failed to load resource: net::ERR_CONNECTION_REFUSED @ http://localhost:8501/_stcore/host-config:0
[ 5629043ms] [ERROR] Failed to load resource: net::ERR_CONNECTION_REFUSED @ http://localhost:8501/_stcore/health:0
[ 5629043ms] [ERROR] Client Error in reaching server endpoint - No response received when attempting to reach /_stcore/health @ http://localhost:8501/static/js/index.k-9rUdPI.js:19
[ 5629048ms] [ERROR] Failed to load resource: net::ERR_CONNECTION_REFUSED @ http://localhost:8501/_stcore/host-config:0
[ 5633376ms] [ERROR] Failed to load resource: net::ERR_CONNECTION_REFUSED @ http://localhost:8501/_stcore/health:0
[ 5633376ms] [ERROR] Client Error in reaching server endpoint - No response received when attempting to reach /_stcore/health @ http://localhost:8501/static/js/index.k-9rUdPI.js:19
[ 5633379ms] [ERROR] Failed to load resource: net::ERR_CONNECTION_REFUSED @ http://localhost:8501/_stcore/host-config:0
[ 5637724ms] [ERROR] Failed to load resource: net::ERR_CONNECTION_REFUSED @ http://localhost:8501/_stcore/health:0
[ 5637725ms] [ERROR] Client Error in reaching server endpoint - No response received when attempting to reach /_stcore/health @ http://localhost:8501/static/js/index.k-9rUdPI.js:19
[ 5637729ms] [ERROR] Failed to load resource: net::ERR_CONNECTION_REFUSED @ http://localhost:8501/_stcore/host-config:0
[ 5642091ms] [ERROR] Failed to load resource: net::ERR_CONNECTION_REFUSED @ http://localhost:8501/_stcore/health:0
[ 5642091ms] [ERROR] Client Error in reaching server endpoint - No response received when attempting to reach /_stcore/health @ http://localhost:8501/static/js/index.k-9rUdPI.js:19
[ 5642106ms] [ERROR] Failed to load resource: net::ERR_CONNECTION_REFUSED @ http://localhost:8501/_stcore/host-config:0
[ 5646461ms] [ERROR] Failed to load resource: net::ERR_CONNECTION_REFUSED @ http://localhost:8501/_stcore/health:0
[ 5646461ms] [ERROR] Client Error in reaching server endpoint - No response received when attempting to reach /_stcore/health @ http://localhost:8501/static/js/index.k-9rUdPI.js:19
[ 5646465ms] [ERROR] Failed to load resource: net::ERR_CONNECTION_REFUSED @ http://localhost:8501/_stcore/host-config:0
[ 5650813ms] [ERROR] Failed to load resource: net::ERR_CONNECTION_REFUSED @ http://localhost:8501/_stcore/health:0
[ 5650813ms] [ERROR] Client Error in reaching server endpoint - No response received when attempting to reach /_stcore/health @ http://localhost:8501/static/js/index.k-9rUdPI.js:19
[ 5650817ms] [ERROR] Failed to load resource: net::ERR_CONNECTION_REFUSED @ http://localhost:8501/_stcore/host-config:0
[ 5655160ms] [ERROR] Failed to load resource: net::ERR_CONNECTION_REFUSED @ http://localhost:8501/_stcore/health:0
[ 5655160ms] [ERROR] Client Error in reaching server endpoint - No response received when attempting to reach /_stcore/health @ http://localhost:8501/static/js/index.k-9rUdPI.js:19
[ 5655164ms] [ERROR] Failed to load resource: net::ERR_CONNECTION_REFUSED @ http://localhost:8501/_stcore/host-config:0
[ 5659520ms] [ERROR] Failed to load resource: net::ERR_CONNECTION_REFUSED @ http://localhost:8501/_stcore/health:0
[ 5659520ms] [ERROR] Client Error in reaching server endpoint - No response received when attempting to reach /_stcore/health @ http://localhost:8501/static/js/index.k-9rUdPI.js:19
[ 5659524ms] [ERROR] Failed to load resource: net::ERR_CONNECTION_REFUSED @ http://localhost:8501/_stcore/host-config:0
[ 5663871ms] [ERROR] Failed to load resource: net::ERR_CONNECTION_REFUSED @ http://localhost:8501/_stcore/health:0
[ 5663871ms] [ERROR] Client Error in reaching server endpoint - No response received when attempting to reach /_stcore/health @ http://localhost:8501/static/js/index.k-9rUdPI.js:19
[ 5663874ms] [ERROR] Failed to load resource: net::ERR_CONNECTION_REFUSED @ http://localhost:8501/_stcore/host-config:0
[ 5668227ms] [ERROR] Failed to load resource: net::ERR_CONNECTION_REFUSED @ http://localhost:8501/_stcore/health:0
[ 5668227ms] [ERROR] Client Error in reaching server endpoint - No response received when attempting to reach /_stcore/health @ http://localhost:8501/static/js/index.k-9rUdPI.js:19
[ 5668228ms] [ERROR] Failed to load resource: net::ERR_CONNECTION_REFUSED @ http://localhost:8501/_stcore/host-config:0
[ 5672578ms] [ERROR] Failed to load resource: net::ERR_CONNECTION_REFUSED @ http://localhost:8501/_stcore/health:0
[ 5672579ms] [ERROR] Client Error in reaching server endpoint - No response received when attempting to reach /_stcore/health @ http://localhost:8501/static/js/index.k-9rUdPI.js:19
[ 5672583ms] [ERROR] Failed to load resource: net::ERR_CONNECTION_REFUSED @ http://localhost:8501/_stcore/host-config:0
[ 5676941ms] [ERROR] Failed to load resource: net::ERR_CONNECTION_REFUSED @ http://localhost:8501/_stcore/health:0
[ 5676942ms] [ERROR] Client Error in reaching server endpoint - No response received when attempting to reach /_stcore/health @ http://localhost:8501/static/js/index.k-9rUdPI.js:19
[ 5676947ms] [ERROR] Failed to load resource: net::ERR_CONNECTION_REFUSED @ http://localhost:8501/_stcore/host-config:0
[ 5681299ms] [ERROR] Failed to load resource: net::ERR_CONNECTION_REFUSED @ http://localhost:8501/_stcore/health:0
[ 5681300ms] [ERROR] Client Error in reaching server endpoint - No response received when attempting to reach /_stcore/health @ http://localhost:8501/static/js/index.k-9rUdPI.js:19
[ 5681303ms] [ERROR] Failed to load resource: net::ERR_CONNECTION_REFUSED @ http://localhost:8501/_stcore/host-config:0
[ 5685662ms] [ERROR] Failed to load resource: net::ERR_CONNECTION_REFUSED @ http://localhost:8501/_stcore/health:0
[ 5685662ms] [ERROR] Client Error in reaching server endpoint - No response received when attempting to reach /_stcore/health @ http://localhost:8501/static/js/index.k-9rUdPI.js:19
[ 5685666ms] [ERROR] Failed to load resource: net::ERR_CONNECTION_REFUSED @ http://localhost:8501/_stcore/host-config:0
[ 5690037ms] [ERROR] Failed to load resource: net::ERR_CONNECTION_REFUSED @ http://localhost:8501/_stcore/health:0
[ 5690037ms] [ERROR] Client Error in reaching server endpoint - No response received when attempting to reach /_stcore/health @ http://localhost:8501/static/js/index.k-9rUdPI.js:19
[ 5690042ms] [ERROR] Failed to load resource: net::ERR_CONNECTION_REFUSED @ http://localhost:8501/_stcore/host-config:0
[ 5694391ms] [ERROR] Failed to load resource: net::ERR_CONNECTION_REFUSED @ http://localhost:8501/_stcore/health:0
[ 5694391ms] [ERROR] Client Error in reaching server endpoint - No response received when attempting to reach /_stcore/health @ http://localhost:8501/static/js/index.k-9rUdPI.js:19
[ 5694396ms] [ERROR] Failed to load resource: net::ERR_CONNECTION_REFUSED @ http://localhost:8501/_stcore/host-config:0
[ 5698743ms] [ERROR] Failed to load resource: net::ERR_CONNECTION_REFUSED @ http://localhost:8501/_stcore/health:0
[ 5698743ms] [ERROR] Client Error in reaching server endpoint - No response received when attempting to reach /_stcore/health @ http://localhost:8501/static/js/index.k-9rUdPI.js:19
[ 5698748ms] [ERROR] Failed to load resource: net::ERR_CONNECTION_REFUSED @ http://localhost:8501/_stcore/host-config:0
[ 5703075ms] [ERROR] Failed to load resource: net::ERR_CONNECTION_REFUSED @ http://localhost:8501/_stcore/health:0
[ 5703075ms] [ERROR] Client Error in reaching server endpoint - No response received when attempting to reach /_stcore/health @ http://localhost:8501/static/js/index.k-9rUdPI.js:19
[ 5703080ms] [ERROR] Failed to load resource: net::ERR_CONNECTION_REFUSED @ http://localhost:8501/_stcore/host-config:0
[ 5707430ms] [ERROR] Failed to load resource: net::ERR_CONNECTION_REFUSED @ http://localhost:8501/_stcore/health:0
[ 5707431ms] [ERROR] Client Error in reaching server endpoint - No response received when attempting to reach /_stcore/health @ http://localhost:8501/static/js/index.k-9rUdPI.js:19
[ 5707435ms] [ERROR] Failed to load resource: net::ERR_CONNECTION_REFUSED @ http://localhost:8501/_stcore/host-config:0
[ 5711789ms] [ERROR] Failed to load resource: net::ERR_CONNECTION_REFUSED @ http://localhost:8501/_stcore/health:0
[ 5711789ms] [ERROR] Client Error in reaching server endpoint - No response received when attempting to reach /_stcore/health @ http://localhost:8501/static/js/index.k-9rUdPI.js:19
[ 5711793ms] [ERROR] Failed to load resource: net::ERR_CONNECTION_REFUSED @ http://localhost:8501/_stcore/host-config:0
[ 5716134ms] [ERROR] Failed to load resource: net::ERR_CONNECTION_REFUSED @ http://localhost:8501/_stcore/health:0
[ 5716134ms] [ERROR] Client Error in reaching server endpoint - No response received when attempting to reach /_stcore/health @ http://localhost:8501/static/js/index.k-9rUdPI.js:19
[ 5716138ms] [ERROR] Failed to load resource: net::ERR_CONNECTION_REFUSED @ http://localhost:8501/_stcore/host-config:0
[ 5720485ms] [ERROR] Failed to load resource: net::ERR_CONNECTION_REFUSED @ http://localhost:8501/_stcore/health:0
[ 5720485ms] [ERROR] Client Error in reaching server endpoint - No response received when attempting to reach /_stcore/health @ http://localhost:8501/static/js/index.k-9rUdPI.js:19
[ 5720490ms] [ERROR] Failed to load resource: net::ERR_CONNECTION_REFUSED @ http://localhost:8501/_stcore/host-config:0
[ 5724843ms] [ERROR] Failed to load resource: net::ERR_CONNECTION_REFUSED @ http://localhost:8501/_stcore/health:0
[ 5724843ms] [ERROR] Client Error in reaching server endpoint - No response received when attempting to reach /_stcore/health @ http://localhost:8501/static/js/index.k-9rUdPI.js:19
[ 5724847ms] [ERROR] Failed to load resource: net::ERR_CONNECTION_REFUSED @ http://localhost:8501/_stcore/host-config:0
[ 5729200ms] [ERROR] Failed to load resource: net::ERR_CONNECTION_REFUSED @ http://localhost:8501/_stcore/health:0
[ 5729200ms] [ERROR] Client Error in reaching server endpoint - No response received when attempting to reach /_stcore/health @ http://localhost:8501/static/js/index.k-9rUdPI.js:19
[ 5729201ms] [ERROR] Failed to load resource: net::ERR_CONNECTION_REFUSED @ http://localhost:8501/_stcore/host-config:0
[ 5733556ms] [ERROR] Failed to load resource: net::ERR_CONNECTION_REFUSED @ http://localhost:8501/_stcore/health:0
[ 5733556ms] [ERROR] Client Error in reaching server endpoint - No response received when attempting to reach /_stcore/health @ http://localhost:8501/static/js/index.k-9rUdPI.js:19
[ 5733560ms] [ERROR] Failed to load resource: net::ERR_CONNECTION_REFUSED @ http://localhost:8501/_stcore/host-config:0
[ 5737911ms] [ERROR] Failed to load resource: net::ERR_CONNECTION_REFUSED @ http://localhost:8501/_stcore/health:0
[ 5737911ms] [ERROR] Client Error in reaching server endpoint - No response received when attempting to reach /_stcore/health @ http://localhost:8501/static/js/index.k-9rUdPI.js:19
[ 5737916ms] [ERROR] Failed to load resource: net::ERR_CONNECTION_REFUSED @ http://localhost:8501/_stcore/host-config:0
[ 5742261ms] [ERROR] Failed to load resource: net::ERR_CONNECTION_REFUSED @ http://localhost:8501/_stcore/health:0
[ 5742262ms] [ERROR] Client Error in reaching server endpoint - No response received when attempting to reach /_stcore/health @ http://localhost:8501/static/js/index.k-9rUdPI.js:19
[ 5742265ms] [ERROR] Failed to load resource: net::ERR_CONNECTION_REFUSED @ http://localhost:8501/_stcore/host-config:0
[ 5746622ms] [ERROR] Failed to load resource: net::ERR_CONNECTION_REFUSED @ http://localhost:8501/_stcore/health:0
[ 5746623ms] [ERROR] Client Error in reaching server endpoint - No response received when attempting to reach /_stcore/health @ http://localhost:8501/static/js/index.k-9rUdPI.js:19
[ 5746658ms] [ERROR] Failed to load resource: net::ERR_CONNECTION_REFUSED @ http://localhost:8501/_stcore/host-config:0
[ 5751008ms] [ERROR] Failed to load resource: net::ERR_CONNECTION_REFUSED @ http://localhost:8501/_stcore/health:0
[ 5751009ms] [ERROR] Client Error in reaching server endpoint - No response received when attempting to reach /_stcore/health @ http://localhost:8501/static/js/index.k-9rUdPI.js:19
[ 5751013ms] [ERROR] Failed to load resource: net::ERR_CONNECTION_REFUSED @ http://localhost:8501/_stcore/host-config:0
[ 5755352ms] [ERROR] Failed to load resource: net::ERR_CONNECTION_REFUSED @ http://localhost:8501/_stcore/health:0
[ 5755352ms] [ERROR] Client Error in reaching server endpoint - No response received when attempting to reach /_stcore/health @ http://localhost:8501/static/js/index.k-9rUdPI.js:19
[ 5755357ms] [ERROR] Failed to load resource: net::ERR_CONNECTION_REFUSED @ http://localhost:8501/_stcore/host-config:0
[ 5759758ms] [ERROR] Failed to load resource: net::ERR_CONNECTION_REFUSED @ http://localhost:8501/_stcore/health:0
[ 5759758ms] [ERROR] Client Error in reaching server endpoint - No response received when attempting to reach /_stcore/health @ http://localhost:8501/static/js/index.k-9rUdPI.js:19
[ 5759893ms] [ERROR] Failed to load resource: net::ERR_CONNECTION_REFUSED @ http://localhost:8501/_stcore/host-config:0
[ 5765238ms] [ERROR] Failed to load resource: net::ERR_CONNECTION_REFUSED @ http://localhost:8501/_stcore/health:0
[ 5765239ms] [ERROR] Client Error in reaching server endpoint - No response received when attempting to reach /_stcore/health @ http://localhost:8501/static/js/index.k-9rUdPI.js:19
[ 5765243ms] [ERROR] Failed to load resource: net::ERR_CONNECTION_REFUSED @ http://localhost:8501/_stcore/host-config:0
[ 5769582ms] [ERROR] Failed to load resource: net::ERR_CONNECTION_REFUSED @ http://localhost:8501/_stcore/health:0
[ 5769582ms] [ERROR] Client Error in reaching server endpoint - No response received when attempting to reach /_stcore/health @ http://localhost:8501/static/js/index.k-9rUdPI.js:19
[ 5769586ms] [ERROR] Failed to load resource: net::ERR_CONNECTION_REFUSED @ http://localhost:8501/_stcore/host-config:0
[ 5773944ms] [ERROR] Failed to load resource: net::ERR_CONNECTION_REFUSED @ http://localhost:8501/_stcore/health:0
[ 5773945ms] [ERROR] Client Error in reaching server endpoint - No response received when attempting to reach /_stcore/health @ http://localhost:8501/static/js/index.k-9rUdPI.js:19
[ 5773950ms] [ERROR] Failed to load resource: net::ERR_CONNECTION_REFUSED @ http://localhost:8501/_stcore/host-config:0
[ 5778291ms] [ERROR] Failed to load resource: net::ERR_CONNECTION_REFUSED @ http://localhost:8501/_stcore/health:0
[ 5778291ms] [ERROR] Client Error in reaching server endpoint - No response received when attempting to reach /_stcore/health @ http://localhost:8501/static/js/index.k-9rUdPI.js:19
[ 5778295ms] [ERROR] Failed to load resource: net::ERR_CONNECTION_REFUSED @ http://localhost:8501/_stcore/host-config:0
[ 5782626ms] [ERROR] Failed to load resource: net::ERR_CONNECTION_REFUSED @ http://localhost:8501/_stcore/health:0
[ 5782626ms] [ERROR] Client Error in reaching server endpoint - No response received when attempting to reach /_stcore/health @ http://localhost:8501/static/js/index.k-9rUdPI.js:19
[ 5782631ms] [ERROR] Failed to load resource: net::ERR_CONNECTION_REFUSED @ http://localhost:8501/_stcore/host-config:0
[ 5786982ms] [ERROR] Failed to load resource: net::ERR_CONNECTION_REFUSED @ http://localhost:8501/_stcore/health:0
[ 5786982ms] [ERROR] Client Error in reaching server endpoint - No response received when attempting to reach /_stcore/health @ http://localhost:8501/static/js/index.k-9rUdPI.js:19
[ 5786987ms] [ERROR] Failed to load resource: net::ERR_CONNECTION_REFUSED @ http://localhost:8501/_stcore/host-config:0
[ 5791329ms] [ERROR] Failed to load resource: net::ERR_CONNECTION_REFUSED @ http://localhost:8501/_stcore/health:0
[ 5791330ms] [ERROR] Client Error in reaching server endpoint - No response received when attempting to reach /_stcore/health @ http://localhost:8501/static/js/index.k-9rUdPI.js:19
[ 5791334ms] [ERROR] Failed to load resource: net::ERR_CONNECTION_REFUSED @ http://localhost:8501/_stcore/host-config:0
[ 5795685ms] [ERROR] Failed to load resource: net::ERR_CONNECTION_REFUSED @ http://localhost:8501/_stcore/health:0
[ 5795685ms] [ERROR] Client Error in reaching server endpoint - No response received when attempting to reach /_stcore/health @ http://localhost:8501/static/js/index.k-9rUdPI.js:19
[ 5795717ms] [ERROR] Failed to load resource: net::ERR_CONNECTION_REFUSED @ http://localhost:8501/_stcore/host-config:0
