Organization Name,Organization Name URL,Industry Groups,Number of Employees,Industries,Headquarters Location,Description,CB Rank (Organization),Stage,CB Rank (Company),Website,Contact Email,LinkedIn,Phone Number,Last Funding Date,Last Funding Type,Last Funding Amount,Last Funding Amount Currency,Last Funding Amount (in USD)
Vivo,https://www.crunchbase.com/organization/vivo-af74,"Community and Lifestyle, Health Care, Sports",1-10,"Elderly, Fitness, Health Care, Wellness","Atlanta, Georgia, United States",Vivo offers an online and interactive fitness program designed specifically for seniors.,287,,219,https://teamvivo.com,info@teamvivo.com,https://www.linkedin.com/company/team-vivo,678-701-8486,2021-11-08,Seed,,,
R1 Therapeutics,https://www.crunchbase.com/organization/r1-therapeutics,"Biotechnology, Health Care, Science and Engineering",1-10,"Biotechnology, Health Care, Medical, Therapeutics","London, England, United Kingdom",R1 Therapeutics is a clinical-stage biopharmaceutical company that develops first-in-class treatments for kidney disease patients.,485,,373,https://r1therapeutics.com,info@r1therapeutics.com,https://www.linkedin.com/company/r1-therapeutics,,2026-03-17,Series A,77500000,USD,77500000
Parallel Health,https://www.crunchbase.com/organization/parallel-health,"Biotechnology, Consumer Goods, Health Care, Science and Engineering",1-10,"Beauty, Biotechnology, Health Care, Health Diagnostics, Wellness","San Francisco, California, United States","Parallel is a next-generation skin health company providing derm telehealth, skin microbiome diagnostics, and precision skincare and Rx",500,,388,https://www.parallelhealth.io/,hello@parallelhealth.io,https://www.linkedin.com/company/parallelhealth/,,2022-09-20,Grant,,,
Patientory,https://www.crunchbase.com/organization/patientory-2,"Artificial Intelligence (AI), Blockchain and Cryptocurrency, Data and Analytics, Health Care, Other, Science and Engineering, Software",1-10,"Artificial Intelligence (AI), Blockchain, Electronic Health Record (EHR), Health Care, Software","Atlanta, Georgia, United States",Patientory is a patient data platform that empowers individuals to control their health data and earn personalized rewards.,505,,393,http://patientory.com,info@patientory.com,https://www.linkedin.com/company/patientory,(678) 951-9007,2026-04-03,Venture - Series Unknown,500000,USD,500000
Stipple Bio,https://www.crunchbase.com/organization/stipple-bio,"Biotechnology, Health Care, Science and Engineering",1-10,"Biopharma, Biotechnology, Medical, Wellness","Cambridge, Massachusetts, United States",Stipple Bio is a biotechnology company that offers cellular profiling and target discovery with epitope resolution.,518,,404,https://www.stipple.bio,info@stipple.bio,https://www.linkedin.com/company/stipple-bio,+1 5099394681,2026-04-06,Series A,100000000,USD,100000000
Littlebird,https://www.crunchbase.com/organization/littlebird-connected-care,"Administrative Services, Apps, Artificial Intelligence (AI), Community and Lifestyle, Data and Analytics, Health Care, Internet Services, Privacy and Security, Science and Engineering, Software",1-10,"Apps, Artificial Intelligence (AI), Children, Internet of Things, Parenting, Personal Health, Physical Security, SaaS, Wellness","Seattle, Washington, United States",The Future of Family Safety.,621,,481,http://www.littlebird.care,hello@littlebird.care,https://www.linkedin.com/company/littlebirdcare,,2022-11-01,Pre-Seed,250000,USD,250000
Excellergy,https://www.crunchbase.com/organization/excellergy,"Biotechnology, Health Care, Science and Engineering",1-10,"Biotechnology, Health Care, Medical","Palo Alto, California, United States",Excellergy develops immunology-based therapies focused on treating allergic diseases through novel biologic drug candidates.,813,,641,https://excellergy.com,jgordon@dnacommunications.com,https://www.linkedin.com/company/excellergy,+1 4089155571,2025-10-13,Series A,70000000,USD,70000000
Avisi Technologies,https://www.crunchbase.com/organization/avisi-technologies,"Health Care, Science and Engineering",1-10,"Health Care, Medical Device, Nanotechnology","Redwood City, California, United States",Avisi Technologies develops nanotechnology-based ophthalmic devices to address vision loss from glaucoma and related eye conditions.,849,,671,https://www.avisitech.com,info@avisitech.com,https://www.linkedin.com/company/avisi-technologies,,2026-02-25,Series A,10786700,USD,10786700
RenovoRx,https://www.crunchbase.com/organization/renovorx,"Biotechnology, Health Care, Science and Engineering",1-10,"Biotechnology, Health Care, Medical Device, Therapeutics","Mountain View, California, United States",RenovoRx is developing innovative solutions for targeted delivery of fluids to selected sites in the peripheral vascular system.,979,,773,http://www.renovorx.com,shaun@renovorx.com,http://www.linkedin.com/company/renovorx,(650)-284-4433,2026-03-18,Post-IPO Equity,10000000,USD,10000000
Acurion,https://www.crunchbase.com/organization/acurion,"Artificial Intelligence (AI), Biotechnology, Data and Analytics, Health Care, Science and Engineering, Software",1-10,"Artificial Intelligence (AI), Biotechnology, Health Care, Health Diagnostics, Machine Learning, Medical","San Diego, California, United States",Acurion develops AI-driven diagnostic solutions that extract actionable genomic biomarker insights from standard pathology images.,"1,064",,842,https://acurionhealth.com,,https://www.linkedin.com/company/acurionhealth,,2026-04-02,Seed,4300000,USD,4300000
KeyCare,https://www.crunchbase.com/organization/keycare,Health Care,1-10,"Health Care, Hospital","Chicago, Illinois, United States",KeyCare is a virtual care platform powered by Epic created to support progressive health systems.,"1,076",,851,https://www.keycare.org,,https://www.linkedin.com/company/keycareinc,,2026-03-03,Series A,27400000,USD,27400000
Rivia,https://www.crunchbase.com/organization/rivia-5c64,"Artificial Intelligence (AI), Data and Analytics, Health Care, Science and Engineering, Software",1-10,"Artificial Intelligence (AI), Clinical Trials, Software","Zürich, Zurich, Switzerland",Rivia is a next-gen operating system for improved trial outcomes.,"1,134",,895,https://www.rivia.ch,info@rivia.com,https://www.linkedin.com/company/rivia-sa,,2026-03-18,Series A,13000000,EUR,14956041
Create Wellness,https://www.crunchbase.com/organization/create-wellness,"Commerce and Shopping, Consumer Goods, Food and Beverage, Health Care",1-10,"Consumer Goods, Dietary Supplements, E-Commerce, Food and Beverage","New York, New York, United States","Create Wellness offers creatine monohydrate gummies for improved focus, strength, and endurance, catering to health-conscious individuals.","1,272",,"1,009",https://trycreate.co,hi@trycreate.co,https://www.linkedin.com/company/trycreate,,2026-03-31,Series B,20000000,USD,20000000
Carecubes,https://www.crunchbase.com/organization/carecubes,"Biotechnology, Health Care, Science and Engineering",1-10,"Biotechnology, Medical, Medical Device","San Francisco, California, United States",Carecubes develops medical-grade isolation technology that helps caregivers respond to pandemics in a calm and caring manner.,"1,547",,"1,244",https://www.carecubes.com,support@carecubes.com,https://www.linkedin.com/company/carecubes,,2026-03-19,Series A,6500000,USD,6500000
Turn Therapeutics,https://www.crunchbase.com/organization/turn-therapeutics,"Biotechnology, Health Care, Science and Engineering",1-10,"Biotechnology, Medical, Medical Device, Pharmaceutical","Calabasas, California, United States",Turn Therapeutics is a pharmaceutical company that is dedicated to reducing the human and economic costs of infection and skin disease.,"1,959",,"1,572",https://www.turntherapeutics.com,info@turntherapeutics.com,https://www.linkedin.com/company/hexagenhealing,+1-818-564-4011,2026-03-24,Post-IPO Debt,7000000,USD,7000000
VeraDermics,https://www.crunchbase.com/organization/veradermics,Health Care,1-10,"Health Care, Pharmaceutical, Therapeutics","New Haven, Connecticut, United States",VeraDermics is a dermatology company that creates novel drug delivery mechanisms for a pain-free cure for skin conditions.,"1,991",,"1,598",https://www.veradermics.com,info@veradermics.com,https://www.linkedin.com/company/veradermics-inc,,2025-10-16,Series C,150000000,USD,150000000
Phinge,https://www.crunchbase.com/organization/phinge,"Artificial Intelligence (AI), Commerce and Shopping, Consumer Electronics, Data and Analytics, Financial Services, Hardware, Health Care, Internet Services, Media and Entertainment, Mobile, Science and Engineering, Software",1-10,"Artificial Intelligence (AI), Data Governance, Data Management, E-Commerce Platforms, FinTech, Health Care, Mobile Devices, Search Engine, Social Media, Software","Incline Village, Nevada, United States","Phinge® Creating Netverse®, Patented App-less, Integrated Technologies & Verifed Platform & AI With Magnetically Connectable Mobile Devices","2,085",,"1,677",https://www.phinge.com,Info@phinge.com,https://www.linkedin.com/company/phinge,,2026-04-09,Convertible Note,40000,USD,40000
Slate Medicines,https://www.crunchbase.com/organization/slate-medicines,"Biotechnology, Health Care, Science and Engineering",1-10,"Biotechnology, Medical, Therapeutics","Raleigh, North Carolina, United States",Slate Medicines develops therapeutics that target Pituitary Adenylate Cyclase-Activating Polypeptide for migraine treatment and prevention.,"2,313",,"1,859",https://www.slatemedicines.com,,https://www.linkedin.com/company/slate-medicines,,2026-02-24,Series A,130000000,USD,130000000
Audicin,https://www.crunchbase.com/organization/audicin,"Health Care, Media and Entertainment, Music and Audio",1-10,"Audio, Health Care, Music","Austin, Texas, United States",Audicin is a science-based digital health startup that offers audio medicine through music tracks to help people recharge while working.,"2,322",,"1,866",https://www.audicin.com/,,,,2026-04-01,Seed,1900000,USD,1900000
Bliss,https://www.crunchbase.com/organization/bliss-a550,"Artificial Intelligence (AI), Data and Analytics, Health Care, Science and Engineering, Software",1-10,"Artificial Intelligence (AI), Mental Health","Helsinki, Southern Finland, Finland",AI-powered online therapy platform making mental health care accessible to diaspora communities wordwide,"2,323",,"1,867",https://www.blisstherapy.org/,info@bliss.al,https://www.linkedin.com/company/blissreal/,,2026-03-11,Angel,270000,USD,270000
Nakamoto,https://www.crunchbase.com/organization/nakamoto-ef91,"Blockchain and Cryptocurrency, Data and Analytics, Financial Services, Health Care, Payments, Software",1-10,"Analytics, Bitcoin, Health Care, Medical","Murray, Utah, United States",Kindly MD Company is designed to serve as a global conglomerate focused on accelerating Bitcoin adoption and utility across capital markets.,"2,456",,"1,982",https://nakamoto.com,hello@kindlymd.com,https://www.linkedin.com/company/nakamotoholdings/,(385) 388-8220,2025-10-03,Post-IPO Debt,203017500,USD,203017500
Arya,https://www.crunchbase.com/organization/arya-4595,"Artificial Intelligence (AI), Data and Analytics, Health Care, Other, Science and Engineering, Software",1-10,"Artificial Intelligence (AI), Consumer, Wellness","San Francisco, California, United States","Arya's AI concierge makes it radically easy for couples to invest in their relationship and love life, inside and outside the bedroom.","2,517",,"2,031",https://www.arya.fyi/start,hello@arya.fyi,https://www.linkedin.com/company/arya-fyi,,2026-03-10,Grant,17000000,USD,17000000
Serina Therapeutics,https://www.crunchbase.com/organization/serina-therapeutics,"Biotechnology, Health Care, Science and Engineering",1-10,"Biopharma, Biotechnology, Health Care, Therapeutics","Huntsville, Alabama, United States","Serina Therapeutics employs its proprietary polymer technology to develop treatments for cancer, inflammation, pain and metabolic disorders.","2,532",,"2,045",http://www.serinatherapeutics.com,info@serinatherapeutics.com,https://www.linkedin.com/company/serina-therapeutics-inc.,256-327-0566,2026-03-18,Post-IPO Equity,15000000,USD,15000000
Laigo Bio,https://www.crunchbase.com/organization/laigo-bio,"Biotechnology, Health Care, Science and Engineering",1-10,"Biotechnology, Medical","Utrecht, Utrecht, The Netherlands",Laigo Bio uses E3 ligase internalization to precisely degrade membrane proteins linked to autoimmune and inflammatory disorders.,"2,597",,"2,101",https://www.laigobio.com/en/,contactus@laigobio.com,https://www.linkedin.com/company/laigobio,,2026-03-23,Seed,5500000,EUR,6351978
Semarion,https://www.crunchbase.com/organization/semarion,"Biotechnology, Health Care, Science and Engineering",1-10,"Biotechnology, Health Care, Therapeutics","Cambridge, Cambridgeshire, United Kingdom",Semarion leverages microfabrication technology to build smart materials and develop novel cell assaying applications.,"2,626",,"2,122",https://www.semarion.com,info@semarion.com,https://www.linkedin.com/company/semarion,,2026-03-31,Venture - Series Unknown,2900000,GBP,3841390
Avalon GloboCare,https://www.crunchbase.com/organization/avalon-globocare,"Biotechnology, Health Care, Science and Engineering",1-10,"Biopharma, Biotechnology, Health Care","Freehold, New Jersey, United States","Avalon GloboCare is a biotech company that develops diagnostics, cellular therapies, along with health tech products.","2,635",,"2,131",http://www.avalon-globocare.com,info@avalon-globocare.com,https://www.linkedin.com/company/avalon-globocare-corp/,+1 732-780-4400,2026-02-26,Post-IPO Equity,9750000,USD,9750000
basys.ai,https://www.crunchbase.com/organization/basys-ai,"Artificial Intelligence (AI), Data and Analytics, Health Care, Science and Engineering, Software",1-10,"Artificial Intelligence (AI), Health Care, Software","Cambridge, Massachusetts, United States",Basys.ai automates the process of prior authorization and utilization management for health plans/payers using an AI-based platform.,"2,667",,"2,158",https://www.basys.ai,support@basys.ai,https://www.linkedin.com/company/basysai,617-490-0840,2024-09-16,Seed,25000,USD,25000
Birches Health,https://www.crunchbase.com/organization/birches-health,"Gaming, Health Care",1-10,"Addiction Treatment, Gambling, Health Care","Phoenix, Arizona, United States",Birches Health provides therapy and support for those struggling with behavioral and process addictions.,"2,734",,"2,216",https://bircheshealth.com/,hello@bircheshealth.com,https://www.linkedin.com/company/bircheshealth/,,2026-02-09,Venture - Series Unknown,,,
Transcend Therapeutics,https://www.crunchbase.com/organization/transcend-therapeutics,"Biotechnology, Health Care, Science and Engineering",1-10,"Biotechnology, Health Care, Mental Health, Pharmaceutical, Therapeutics","Waltham, Massachusetts, United States","Transcend Therapeutics is a biotechnology company that offers treatments for neuropsychiatric diseases, particularly PTSD.","2,735",,"2,217",https://www.transcendtherapeutics.com,,https://www.linkedin.com/company/transcend-therapeutics,(617) 374-1200 ,2024-10-28,Convertible Note,,,
Porter,https://www.crunchbase.com/organization/porter-8733,"Data and Analytics, Health Care",1-10,"Analytics, Health Care, Hospital, Medical","Miami, Florida, United States",Porter is a big data and analytics company for health care and consumer products.,"3,101",,"2,527",https://www.helloporter.com,,https://www.linkedin.com/company/helloporterus,(786) 321-7570,2025-03-13,Private Equity,34999999,USD,34999999
Polyrizon,https://www.crunchbase.com/organization/polyrizon,"Biotechnology, Health Care, Science and Engineering",1-10,"Biotechnology, Health Care, Medical","Ra'anana, HaMerkaz, Israel",Polyrizon is a biotechnology company that focuses on hydrogel-based nasal spray technologies.,"3,118",,"2,542",https://polyrizon-biotech.com/,support@polyrizon.com,https://www.linkedin.com/company/polyrizon-ltd-,+972 055-433-5665,2026-04-07,Post-IPO Equity,3500000,USD,3500000
Pelage Pharmaceuticals,https://www.crunchbase.com/organization/pelage-pharma,Health Care,1-10,"Health Care, Medical, Pharmaceutical, Therapeutics, Wellness","Los Angeles, California, United States",Pelage Pharma is a regenerative medicine biotechnology company developing treatments for hair loss.,"3,160",,"2,580",https://pelagepharma.com,info@pelagepharma.com,https://www.linkedin.com/company/pelage-pharmaceuticals,,2025-10-15,Series B,119999987,USD,119999987
Syndex Bio,https://www.crunchbase.com/organization/syndex-bio,"Artificial Intelligence (AI), Biotechnology, Data and Analytics, Health Care, Science and Engineering, Software",1-10,"Artificial Intelligence (AI), Biotechnology, Health Care","Cambridge, Cambridgeshire, United Kingdom",Syndex Bio is a biotechnology platform offering molecular technologies and AI for the diagnosis and treatment of disease.,"3,187",,"2,602",https://www.syndex.bio,info@syndex.bio,https://www.linkedin.com/company/syndexbio/,,2026-02-23,Seed,15500000,USD,15500000
Triangle Health,https://www.crunchbase.com/organization/triangle-health,"Artificial Intelligence (AI), Data and Analytics, Health Care, Information Technology, Science and Engineering, Software",1-10,"Analytics, Artificial Intelligence (AI), Database, Document Management, Health Care, Software","Pasadena, California, United States",Triangle Health is a software company that uses artificial intelligence to analyze medical documents.,"3,372",,"2,765",https://www.trianglehealth.com,support@trianglehealth.com,https://www.linkedin.com/company/trianglehealth,,2026-03-24,Pre-Seed,4000000,USD,4000000
Dexterous Endoscopes,https://www.crunchbase.com/organization/dexterous-endoscopes,"Hardware, Health Care",1-10,"Hardware, Health Care, Medical, Medical Device","Lausanne, Vaud, Switzerland",Supporting the best outcome for patients by equipping doctors with next-gen endoscope technology,"3,385",,"2,778",https://www.dexterousendoscopes.com/,,https://www.linkedin.com/company/dexterousendoscopes/,,2026-03-18,Grant,150000,CHF,190264
Sinopia Biosciences,https://www.crunchbase.com/organization/sinopia-biosciences,"Artificial Intelligence (AI), Biotechnology, Data and Analytics, Health Care, Science and Engineering, Software",1-10,"Artificial Intelligence (AI), Biopharma, Biotechnology, Machine Learning, Neuroscience","San Diego, California, United States","Sinopia Biosciences enables data-driven drug discovery by means of multi-omics data, machine learning, network analyses, and disease models.","3,390",,"2,783",http://www.sinopiabio.com,,https://www.linkedin.com/company/sinopiabio,,2026-03-24,Grant,400000,USD,400000
Rybodyn,https://www.crunchbase.com/organization/rybodyn,"Biotechnology, Health Care, Science and Engineering",1-10,"Biotechnology, Medical, Pharmaceutical, Therapeutics","San Diego, California, United States",Rybodyn is a biotechnology research company that develops therapeutics to train the immune system to detect and eradicate cancer internally.,"3,561",,"2,932",https://www.rybodyn.com,,https://www.linkedin.com/company/rybodyn,,2026-03-24,Seed,10000000,USD,10000000
Minnesota Medical Technologies,https://www.crunchbase.com/organization/minnesota-medical-technologies,"Health Care, Manufacturing",1-10,"Health Care, Manufacturing, Medical, Personal Health","Minnesota City, Minnesota, United States",Minnesota Medical develops devices for fecal incontinence care applications.,"3,580",,"2,948",https://mnmedtech.us/,,https://www.linkedin.com/company/minnesota-medical-technologies,507-533-0366,2026-03-05,Series A,20600000,USD,20600000
Marvel Biosciences,https://www.crunchbase.com/organization/marvel-biotechnology,"Biotechnology, Health Care, Science and Engineering",1-10,"Biotechnology, Health Care","Calgary, Alberta, Canada",Marvel Biosciences is a life sciences company.,"3,585",,"2,952",https://www.marvelbiotechnology.com,,https://www.linkedin.com/company/marvel-biotechnology/,,2026-04-07,Post-IPO Equity,,,
People Science,https://www.crunchbase.com/organization/people-science-f8d1,"Food and Beverage, Health Care",1-10,"Clinical Trials, Dietary Supplements, Health Care, Nutraceutical, Personal Health","Los Angeles, California, United States",People Science is a tech-led R&D platform for alternative medicine.,"3,606",,"2,972",https://www.peoplescience.health/,ask@peoplescience.health,https://www.linkedin.com/company/people-science-co,,2023-01-26,Seed,5300000,USD,5300000
cadootz!,https://www.crunchbase.com/organization/cadootz,"Food and Beverage, Health Care",1-10,"Nutrition, Organic Food, Snack Food","Vauxhall, New Jersey, United States","cadootz! is a food brand that provides organic, whole food, and protein snacks for kids.","3,807",,"3,149",https://cadootz.com/,hello@cadootz.com,https://www.linkedin.com/company/cadootz/about/,,2026-04-07,Seed,3000000,USD,3000000
MAIA Biotechnology,https://www.crunchbase.com/organization/maia-biotechnology,"Biotechnology, Health Care, Science and Engineering",1-10,"Biotechnology, Health Care, Oncology, Therapeutics","Chicago, Illinois, United States",MAIA Biotechnology is a clinical-stage biopharmaceutical company developing cancer therapies that target telomeres through immunotherapy.,"3,851",,"3,187",https://maiabiotech.com,info@maiabiotech.com,https://www.linkedin.com/company/maiabiotech,312-416-8592,2026-03-02,Post-IPO Equity,30000000,USD,30000000
eSSENTL Creator,https://www.crunchbase.com/organization/essentl-creator,"Administrative Services, Financial Services, Health Care, Internet Services, Media and Entertainment, Payments, Professional Services",1-10,"Bookkeeping and Payroll, Compliance, Content Creators, Employee Benefits, Health Insurance, Human Resources, Internet, Payments, Social Media","Reno, Nevada, United States",Health Insurance & HR Benefits for Creators by Creators,"3,862",,"3,196",https://essentlcreator.com/,contact@essentlcreator.com,https://www.linkedin.com/company/essentl-creator,,2025-01-15,Pre-Seed,1350000,USD,1350000
Bevel,https://www.crunchbase.com/organization/bevel-9eaa,"Apps, Health Care, Mobile, Software, Sports",1-10,"Apps, Fitness, Health Care, mHealth, Wellness","New York, New York, United States","Bevel is a next-gen holistic wellness app unifying nutrition, sleep, recovery, strain, and stress tracking.","3,895",,"3,225",https://www.bevel.health/,hello@bevel.health,https://www.linkedin.com/company/bevel-health/,,2025-10-16,Series A,10000000,USD,10000000
BioCaptiva,https://www.crunchbase.com/organization/biocaptiva,Health Care,1-10,"Health Care, Medical, Medical Device","Edinburgh, Edinburgh, City of, United Kingdom",BioCaptiva develops liquid biopsy technology devices to diagnose and monitoring to detect cancers.,"3,899",,"3,227",https://www.biocaptiva.com/,,https://www.linkedin.com/company/biocaptiva-limited,,2026-03-09,Venture - Series Unknown,1580000,GBP,2101313
Rimidi,https://www.crunchbase.com/organization/rimidi,"Health Care, Information Technology, Software",1-10,"Health Care, Information Technology, Software","Atlanta, Georgia, United States","Rimidi is a health IT platform that enables virtual, personalized management of cardiometabolic diseases.","3,960",,"3,280",https://rimidi.com/,info@rimidi.com,https://www.linkedin.com/company/rimidi,404-317-4400,2023-01-12,Venture - Series Unknown,5000000,USD,5000000
sona,https://www.crunchbase.com/organization/meet-sona,"Apps, Biotechnology, Health Care, Internet Services, Media and Entertainment, Music and Audio, Science and Engineering, Software",1-10,"Apps, Health Care, Medical, Medical Device, Mental Health, Music, Music Streaming, Neuroscience, Therapeutics, Wellness","Los Angeles, California, United States","sona is a digital therapeutics company, using science-backed music to improve mental health.","4,180",,"3,468",https://sona.care,sona@sona.care,https://www.linkedin.com/company/sona-labs,,2023-01-05,Equity Crowdfunding,75432,USD,75432
Manas AI,https://www.crunchbase.com/organization/manas-ai-2aa7,"Artificial Intelligence (AI), Biotechnology, Data and Analytics, Health Care, Science and Engineering, Software",1-10,"Artificial Intelligence (AI), Biotechnology, Pharmaceutical","San Francisco, California, United States",Manas AI is a disruptive drug development AI firm that offers drugs for cancer and rare diseases.,"4,192",,"3,479",https://www.manasai.co/,contact@manasai.co,https://www.linkedin.com/company/manas-ai/,,2025-01-27,Seed,26000000,USD,26000000
Catch,https://www.crunchbase.com/organization/catchco,"Administrative Services, Apps, Community and Lifestyle, Financial Services, Health Care, Mobile, Other, Software",1-10,"Apps, Employee Benefits, Financial Services, FinTech, Health Insurance, Insurance, InsurTech, Mobile Apps, Retirement, Software","New York, New York, United States","Catch is a platform that offers health insurance, retirement plans, and tax withholding for freelancers without benefits.","4,205",,"3,491",http://catch.co,hey@catch.co,https://www.linkedin.com/company/catchbenefits,,2021-07-30,Series A,12000000,USD,12000000
Decoy Therapeutics,https://www.crunchbase.com/organization/decoy-therapeutics,"Biotechnology, Health Care, Science and Engineering",1-10,"Biotechnology, Health Care, Therapeutics","Cambridge, Massachusetts, United States",Decoy Therapeutics is a biotech company that design the next generation of peptide conjugate therapies to protect and expand patient lives.,"4,264",,"3,539",https://decoytx.com,,https://www.linkedin.com/company/decoy-therapeutics-inc/,,2021-04-22,Convertible Note,250000,USD,250000
iDEL Therapeutics,https://www.crunchbase.com/organization/idel-therapeutics,"Biotechnology, Health Care, Science and Engineering",1-10,"Biotechnology, Health Care, Medical","Dortmund, Nordrhein-Westfalen, Germany",iDEL Therapeutics is a cancer therapeutics company.,"4,362",,"3,622",https://idel-tx.com,info@idel-tx.com,https://www.linkedin.com/company/idel-therapeutics-gmbh,+49 231 292927-00,2026-03-17,Seed,9000000,EUR,10356291
Prickly Pear Health,https://www.crunchbase.com/organization/prickly-pear-health,"Artificial Intelligence (AI), Community and Lifestyle, Data and Analytics, Health Care, Science and Engineering, Software",1-10,"Artificial Intelligence (AI), Health Care, Health Diagnostics, Women's","Phoenix, Arizona, United States","Prickly Pear is an AI-powered digital health solution that focuses on supporting women’s brain health, during the menopausal transition.","4,734",,"3,942",https://pricklypear.io,,https://www.linkedin.com/company/prickly-pear-health/,,2026-03-26,Pre-Seed,600000,USD,600000
TempraMed,https://www.crunchbase.com/organization/tempramed,Health Care,1-10,"Health Care, Medical, Medical Device","Sammamish, Washington, United States",TempraMed provides last-mile control and management solutions to protect patients from temperature-sensitive medications.,"4,747",,"3,950",https://tempramed.com/,,https://www.linkedin.com/company/tempramed/,+1 800 871 9923,2025-10-21,Post-IPO Equity,2524836,CAD,1800806
Spinogenix,https://www.crunchbase.com/organization/spinogenix,"Biotechnology, Health Care, Science and Engineering",1-10,"Biotechnology, Health Care, Medical, Therapeutics","San Diego, California, United States",Spinogenix is a developer of a new class of therapeutics for neurodegenerative and psychiatric diseases.,"4,793",,"3,991",http://www.spinogenix.com/,vince@spinogenix.com,https://www.linkedin.com/company/spinogenix/,858-263-3252,2026-03-09,Venture - Series Unknown,10606566,USD,10606566
DiappyMed,https://www.crunchbase.com/organization/diappymed,"Apps, Health Care, Manufacturing, Software",1-10,"Apps, Health Care, Manufacturing, Medical","Clapiers, Languedoc-Roussillon, France",DiappyMed specializes in developing platforms to calculate insulin dosages.,"4,893",,"4,077",https://diappymed.com/,contact@diappymed.com,https://www.linkedin.com/company/diappymed,33 (0) 6 86 28 68 74,2026-03-22,Seed,5000000,EUR,5793749
Metavalis,https://www.crunchbase.com/organization/metavalis,"Artificial Intelligence (AI), Biotechnology, Data and Analytics, Government and Military, Hardware, Health Care, Information Technology, Science and Engineering, Software",1-10,"Agentic AI, AI Infrastructure, Artificial Intelligence (AI), Foundational AI, Generative AI, Genetics, GovTech, Health Care, Pharmaceutical, Therapeutics","Branson, Missouri, United States","Veteran led Strategic Bioengineering Firm Merging AI infrastructure with our proprietary LNP to engineer, re-dosable genetic medicines.","4,939",,"4,117",https://metavalis.com/,Jordan@metavalis.com,https://www.linkedin.com/company/metavalis/,(417) 243-9965,2026-04-05,Angel,15000,USD,15000
Coya Therapeutics,https://www.crunchbase.com/organization/coya-therapeutics,"Biotechnology, Health Care, Science and Engineering",1-10,"Biopharma, Biotechnology, Life Science","Houston, Texas, United States","Coya Therapeutics is a T Reg platform company addressing neurodegenerative, autoimmune, and metabolic diseases","5,016",,"4,180",https://coyatherapeutics.com/,daniel@coyatherapeutics.com,https://www.linkedin.com/company/coya-therapeutics,1(800) 587-8570,2026-01-30,Post-IPO Equity,11100000,USD,11100000
Neok Bio,https://www.crunchbase.com/organization/neok-bio,"Biotechnology, Health Care, Science and Engineering",1-10,"Biotechnology, Oncology, Pharmaceutical","Palo Alto, California, United States",Neok Bio is a biotech startup that focuses on bispecific ADCs in cancer therapy.,"5,019",,"4,182",https://www.neokbio.com/,,https://www.linkedin.com/company/neok-bio/,,2026-03-30,Series A,25000000,USD,25000000
reprai,https://www.crunchbase.com/organization/reprai,"Artificial Intelligence (AI), Data and Analytics, Health Care, Information Technology, Sales and Marketing, Science and Engineering, Software",1-10,"Artificial Intelligence (AI), Information Services, Pharmaceutical, Sales Enablement, Software","Wilmington, Delaware, United States","SaaS, B2B, Entreprise, Marketing and Sales, Pharma","5,042",,"4,202",https://www.reprai.com/,info@reprai.com,https://www.linkedin.com/company/reprai/,+13023606635,2025-09-01,Pre-Seed,1000000,USD,1000000
Veracity,https://www.crunchbase.com/organization/veracity-selfcare,"Food and Beverage, Health Care",1-10,"Dietary Supplements, Health Care, Personal Health, Wellness","New York, New York, United States",Veracity is a root-cause metabolic health platform that provides clinically-backed and drug-free solutions.,"5,079",,"4,236",http://veracityselfcare.com,hello@veracityselfcare.com,https://www.linkedin.com/company/veracity-selfcare/?viewAsMember=true,,2025-06-17,Series A,6000000,USD,6000000
Eir Partners,https://www.crunchbase.com/organization/eir-partners,"Financial Services, Health Care",1-10,"Financial Services, Health Care","Miami, Florida, United States",EIR Partners is a middle market private equity firm focused on healthcare technology and tech-enabled services.,"5,080",,"4,237",http://www.eirpartners.com/,,https://www.linkedin.com/company/eir-partners,,,,,,
OSR Holdings,https://www.crunchbase.com/organization/osr-holdings,"Financial Services, Health Care, Lending and Investments, Other",1-10,"Collaboration, Finance, Financial Exchanges, Financial Services, Health Care","Paju, Kyonggi-do, South Korea",OSR Holdings specializes in providing investments and collaborations for biotech and biotherapeutics companies.,"5,105",,"4,257",https://osr-holdings.com/,group@osr-holdings.com,https://www.linkedin.com/company/osr-holdings/?trk=ppro_cprof,,2025-04-03,Post-IPO Equity,80000000,USD,80000000
Bolt,https://www.crunchbase.com/organization/bolt-4730,"Health Care, Information Technology, Navigation and Mapping, Software",1-10,"Health Care, Information Technology, Medical, Medical Device, Navigation, Productivity Tools, Software","Concord, Massachusetts, United States",Bolt offers surgical navigation systems to optimizing surgical efficiency.,"5,380",,"4,495",https://www.boltnav.com,Info@boltnav.com,https://www.linkedin.com/company/bolt-nav,1.866.628.3422,2024-01-17,Series B,,,
View Point Medical,https://www.crunchbase.com/organization/view-point-medical,Health Care,1-10,"Health Care, Health Diagnostics, Medical, Oncology","Carlsbad, California, United States",View Point Medical is a medical device and technology company developing tissue markers that enable lesion localization in cancer care.,"5,473",,"4,571",https://viewpointmed.com,,,858-847-9446,2024-01-23,Debt Financing,3758000,USD,3758000
Physiologas Technologies,https://www.crunchbase.com/organization/physiologas-technologies,"Health Care, Manufacturing",1-10,"Health Care, Manufacturing, Medical Device, Pharmaceutical","Sagamihara, Kanagawa, Japan",Physiologas Technologies is a manufacturing company that designs and develops medical equipment for the healthcare industry.,"5,496",,"4,590",https://physiologas.co.jp,info@physiologas.co.jp,https://www.linkedin.com/company/physiologas/,+81 04-2711-9320,2026-03-31,Series A,,,
Prolium,https://www.crunchbase.com/organization/prolium,"Biotechnology, Health Care, Science and Engineering",1-10,"Biotechnology, Clinical Trials, Medical","New York, New York, United States","Prolium is a biotechnology company, which specializes in providing breakthrough therapies to the patients with autoimmune diseases.","5,511",,"4,604",https://www.proliumbio.com./index.html,info@proliumbio.com,https://www.linkedin.com/company/prolium-bio/,,2026-03-03,Series A,50000000,USD,50000000
Abram Scientific,https://www.crunchbase.com/organization/abram-scientific,"Biotechnology, Health Care, Science and Engineering",1-10,"Health Diagnostics, Life Science, Medical Device","Menlo Park, California, United States",Abram Scientific is a novel diagnostic platform for diagnosis and characterization of coagulation-related disorders rapid hemostasis.,"5,596",,"4,680",https://www.abramscientific.com/,,https://www.linkedin.com/company/abram-scientific/,,2026-02-25,Series A,11750000,USD,11750000
JuneBrain,https://www.crunchbase.com/organization/junebrain,"Biotechnology, Health Care, Science and Engineering",1-10,"Biotechnology, Health Care, Health Diagnostics, Medical, Medical Device","Washington, District of Columbia, United States",JuneBrain is an early start-up company that helps multiple sclerosis patients through the power of telemedicine.,"5,619",,"4,702",https://www.junebrain.com/,info@junebrain.com,https://www.linkedin.com/company/junebrain/,240-668-4049,2026-04-03,Venture - Series Unknown,,,
May Health,https://www.crunchbase.com/organization/ablacare,Health Care,1-10,"Health Care, Medical Device","Paris, Ile-de-France, France",May Health develops an innovative solution for Polycystic Ovary Syndrome (PCOS) related infertility.,"5,623",,"4,705",https://mayhealth.com/,contact@ablacare.com,https://www.linkedin.com/company/may-health/,,2026-03-10,Venture - Series Unknown,10000000,EUR,11636079
Topicals,https://www.crunchbase.com/organization/topicals,"Consumer Goods, Health Care",1-10,"Beauty, Cosmetics, Health Care","Santa Monica, California, United States","Topicals is a beauty and skincare company that specializes in the fields of e-commerce, community, and beauty devices.","5,634",,"4,716",https://mytopicals.com/,info@mytopicals.com,https://www.linkedin.com/company/mytopicals/,(323) 776-1963,2026-01-08,Undisclosed,,,
Translucent AI,https://www.crunchbase.com/organization/translucent-ai,"Artificial Intelligence (AI), Data and Analytics, Financial Services, Health Care, Science and Engineering, Software",1-10,"Artificial Intelligence (AI), Financial Services, Health Care","New York, New York, United States",Translucent AI develops an AI-powered financial platform tailored for healthcare operators.,"5,687",,"4,763",https://www.translucent.co/,,https://www.linkedin.com/company/translucentai,,2026-03-11,Series A,27000000,USD,27000000
Linnaeus Therapeutics,https://www.crunchbase.com/organization/linnaeus-therapeutics,"Biotechnology, Health Care, Science and Engineering",1-10,"Biotechnology, Health Care, Medical, Therapeutics","Haddonfield, New Jersey, United States",Linnaeus Therapeutics is a development stage biotech company that develops and commercializes drugs for cancer.,"5,750",,"4,814",https://www.linnaeustx.com,info@linnaeustx.com,https://www.linkedin.com/company/linnaeustx,856-433-1300,2026-02-27,Venture - Series Unknown,4992000,USD,4992000
Subsense,https://www.crunchbase.com/organization/subsense,"Biotechnology, Health Care, Science and Engineering",1-10,"Biotechnology, Medical Device, Neuroscience","Covina, California, United States",Subsense develops non-surgical brain-computer interface (BCI) technologies that link neural activity with external systems.,"5,760",,"4,823",https://www.subsense-bci.com,ta@subsense-bci.com,https://www.linkedin.com/company/subsense-inc,,2025-12-11,Seed,10000000,USD,10000000
UNITY,https://www.crunchbase.com/organization/unity-9bd4,"Commerce and Shopping, Community and Lifestyle, Food and Beverage, Health Care",1-10,"Cannabis, E-Commerce, Health Care, Nutrition, Personal Health, Wellness","Miami, Florida, United States",UNITY is a functional food and beverage company specializing in CBD beverages.,"5,824",,"4,886",https://www.unitybevs.com/,info@unitywellness.co,https://www.linkedin.com/company/unity-wellness-co,,2022-05-06,Series A,1107139,USD,1107139
Zócalo Health,https://www.crunchbase.com/organization/zócalo-health,Health Care,1-10,"Health Care, Hospital, Wellness","Seattle, Washington, United States","Zócalo Health is a primary care platform offering culturally aligned virtual healthcare, community outreach, and care coordination.","5,845",,"4,905",https://zocalo.health,hello@zocalo.health,https://www.linkedin.com/company/z%C3%B3calo-health,425-954-6637,2025-12-11,Grant,,,
MindImmune Therapeutics,https://www.crunchbase.com/organization/mindimmune-therapeutics,"Biotechnology, Health Care, Science and Engineering",1-10,"Biotechnology, Neuroscience, Pharmaceutical","Providence, Rhode Island, United States",MindImmune Therapeutics is a pharmaceutical company developing drugs to treat diseases of the central nervous system.,"5,864",,"4,922",http://mindimmune.com/,contact@mindimmune.com,https://www.linkedin.com/company/mindimmune-therapeutics-inc.,401-225-4612,2026-03-10,Grant,5000000,USD,5000000
Longevity Health,https://www.crunchbase.com/organization/carmell-therapeutics,"Biotechnology, Commerce and Shopping, Consumer Goods, Health Care, Manufacturing, Science and Engineering",1-10,"Biotechnology, Cosmetics, E-Commerce, Health Care, Life Science, Manufacturing, Medical Device, Personal Care and Hygiene, Therapeutics","Pittsburgh, Pennsylvania, United States",Longevity develops technology for producing biologically-active plastics from blood plasma for treating bone and connective tissue injuries.,"5,931",,"4,982",https://www.carmellcosmetics.com,awest@carmellrx.com,https://www.linkedin.com/company/carmell-therapeutics,4122088033,2026-03-13,Post-IPO Equity,200000,USD,200000
OOVA,https://www.crunchbase.com/organization/oova,"Consumer Goods, Health Care, Other",1-10,"Consumer, Consumer Goods, Health Care","New York, New York, United States",OOVA is a fertility diagnostic company that brings the accuracy of a clinic into your own home.,"5,937",,"4,987",http://www.oova.life,hello@oova.life,http://www.linkedin.com/company/oova-inc/,,2023-06-12,Series A,10300000,USD,10300000
Genflow Biosciences,https://www.crunchbase.com/organization/genflow-biosciences,"Biotechnology, Health Care, Science and Engineering",1-10,"Biotechnology, Health Care, Life Science","London, England, United Kingdom",GenFlow Biosciences is a biotech company that develops gene therapies for slow or reverse aging in humans and animals.,"6,028",,"5,070",https://genflowbio.com/,info@genflowbio.com,https://www.linkedin.com/company/genflow-biosciences/about/,+32 477495881,2026-03-05,Post-IPO Equity,800000,GBP,1068476
Rowan,https://www.crunchbase.com/organization/rowan-64e2,"Biotechnology, Energy, Health Care, Science and Engineering",1-10,"Biotechnology, Chemical, Energy, Pharmaceutical","Boston, Massachusetts, United States",Rowan is a molecular design and simulation tool used by scientists for modeling and analyzing molecular structures and behavior.,"6,035",,"5,077",https://rowansci.co,contact@rowansci.co,https://www.linkedin.com/company/rowansci/,,2024-12-09,Pre-Seed,2100000,USD,2100000
Beastlife,https://www.crunchbase.com/organization/beastlife,"Food and Beverage, Health Care, Sports",1-10,"Fitness, Nutrition","Gurgaon, Haryana, India",Beastlife specializes in providing nutrition and bodybuilding supplements.,"6,125",,"5,157",https://beastlife.in/,care@beastlife.in,https://www.linkedin.com/company/beastlife/?originalSubdomain=in,8071800717,2026-03-26,Seed,200000000,INR,2128153
HeartBeam,https://www.crunchbase.com/organization/heartbeam,Health Care,1-10,"Health Care, Hospital, Medical","Santa Clara, California, United States",HeartBeam is a cardiac technology company that has created the first and only 3D-vector electrocardiogram (VECG) platform.,"6,254",,"5,273",https://www.heartbeam.com,info@heartbeam.com,https://www.linkedin.com/company/heartbeam-inc,,2025-02-13,Post-IPO Equity,11500000,USD,11500000
Olatec Therapeutics,https://www.crunchbase.com/organization/olatec-therapeutics-llc,"Biotechnology, Health Care, Science and Engineering",1-10,"Biopharma, Biotechnology, Health Care, Pharmaceutical","New York, New York, United States",Olatec is a biopharmaceutical company developing a platform to treat and prevent acute and chronic inflammatory diseases.,"6,312",,"5,321",http://www.olatec.com,inquiries@olatec.com,https://www.linkedin.com/company/olatec/,833-652-8321,2023-03-10,Grant,,,
Sub-Q Bionics,https://www.crunchbase.com/organization/sub-q-bionics,"Biotechnology, Health Care, Science and Engineering",1-10,"Biotechnology, Medical, Oncology","Minneapolis, Minnesota, United States","Sub-Q Bionics is a medtech company, that aids the management of chronic pain and debilitating symptoms of lymphedema specially for women.","6,341",,"5,349",https://subqbionics.com/,info@subqbionics.com,https://www.linkedin.com/company/sub-q-bionics/,,2026-03-31,Pre-Seed,1500000,USD,1500000
Asimily,https://www.crunchbase.com/organization/asimily,"Data and Analytics, Design, Health Care, Information Technology, Privacy and Security, Software",1-10,"Cyber Security, Data Visualization, Health Care, Hospital, Software","Sunnyvale, California, United States",Asimily's IoMT risk remediation platform holistically secures the mission-critical healthcare devices that deliver safe and reliable care.,"6,357",,"5,361",https://www.asimily.com,info@asimily.com,https://www.linkedin.com/company/asimily/,+1 408-627-4097,2022-06-23,Venture - Series Unknown,5000000,USD,5000000
Adino,https://www.crunchbase.com/organization/adino,"Health Care, Information Technology, Other, Software",1-10,"B2B, Health Care, Information and Communications Technology (ICT), Software","Atlanta, Georgia, United States","SaaS, Communications Network, Technology Network, Healthcare Network","6,416",,"5,412",https://www.adino.com,Ann@adino.com,https://www.linkedin.com/company/adino/,,2024-10-01,Pre-Seed,150000,USD,150000
SuppCo,https://www.crunchbase.com/organization/suppco,"Health Care, Sports",1-10,"Fitness, Health Care, Personal Health","Long Island City, New York, United States","SuppCo helps people find health supplements, manage supplement routines, and track their health.","6,419",,"5,415",https://supp.co/,support@supp.co,https://www.linkedin.com/company/supp-co/,,2024-10-17,Seed,5500000,USD,5500000
Citius Oncology,https://www.crunchbase.com/organization/citius-oncology,Health Care,1-10,"Medical, Oncology, Pharmaceutical","Cranford, New Jersey, United States",Citius Oncology is a pharmaceutical company that provides the development and commercialization of innovative oncology therapies.,"6,579",,"5,558",https://citiusonc.com/overview/default.aspx,info@citiusonc.com,,+1 908-967-6677,2025-12-09,Post-IPO Equity,18000000,USD,18000000
Rainfall Health,https://www.crunchbase.com/organization/rainfall-health,Health Care,1-10,"Health Care, Hospital","Berkeley, California, United States",Rainfall Health was established to help bridge the gap in providing access to quality healthcare in medical deserts.,"6,670",,"5,638",https://www.rainfallhealth.com,,https://www.linkedin.com/company/rainfall-health,,2026-02-18,Series A,15000000,USD,15000000
Onco-Innovations,https://www.crunchbase.com/organization/onco-innovations,"Biotechnology, Health Care, Science and Engineering",1-10,"Biotechnology, Life Science, Oncology","Calgary, Alberta, Canada",Onco-Innovations is a biotech business that develops and commercializes medicines for various cancers.,"6,671",,"5,639",https://oncoinnovations.com/,investors@oncoinnovations.com,https://www.linkedin.com/company/onco-innovations,+1 888-261-8055,2026-01-23,Post-IPO Equity,1215500,CAD,885642
Mae Health,https://www.crunchbase.com/organization/mae-214d,"Community and Lifestyle, Health Care",1-10,"Health Care, Wellness, Women's","New York, New York, United States","Mae provides pregnancy, postpartum, and tailored services.","6,705",,"5,671",https://meetmae.com/,hello@meetmae.com,https://www.linkedin.com/company/meetmae/,,2025-10-09,Venture - Series Unknown,2899991,USD,2899991
LambdaVision,https://www.crunchbase.com/organization/lambdavision,"Biotechnology, Health Care, Science and Engineering",1-10,"Aerospace, Biotechnology, Health Care, Medical","Farmington, Connecticut, United States",LambdaVision is a biotechnology company that develops a protein-based artificial retina to restore vision for patients.,"6,789",,"5,747",http://www.lambdavision.com,info@lambdavision.com,https://www.linkedin.com/company/6930248, +1 860-679-2558,2025-11-05,Seed,7000000,USD,7000000
Glass Health,https://www.crunchbase.com/organization/glass-health,"Artificial Intelligence (AI), Data and Analytics, Health Care, Science and Engineering, Software",1-10,"Artificial Intelligence (AI), Health Care, Software","San Francisco, California, United States",Glass Health empowers clinicians with a platform for AI-assisted diagnosis and clinical decision-making,"6,883",,"5,834",https://glass.health,support@glass.health,https://www.linkedin.com/company/glass-health-inc,,2023-09-11,Seed,5000000,USD,5000000
Clasp,https://www.crunchbase.com/organization/clasp-c6fa,"Administrative Services, Financial Services, Health Care, Software",1-10,"Embedded Software, Employee Benefits, FinTech, Human Resources, Software","New York, New York, United States",Clasp is an employee benefits infrastructure provider for brokerages and payroll platforms.,"6,898",,"5,847",https://clasp.ai/,contact@withclasp.com,https://www.linkedin.com/company/clasp-inc,,2024-05-28,Seed,5000000,USD,5000000
Shimmer,https://www.crunchbase.com/organization/shimmer-76ec,Health Care,1-10,"Health Care, Medical, Personal Health, Wellness","San Francisco, California, United States",Shimmer provides a platform for 1:1 remote ADHD coaching,"6,943",,"5,886",https://www.shimmer.care,hi@shimmer.care,https://www.linkedin.com/company/shimmer-care,,2024-09-16,Seed,25000,USD,25000
Visit,https://www.crunchbase.com/organization/visit-internet-services,"Artificial Intelligence (AI), Data and Analytics, Health Care, Science and Engineering, Software",1-10,"Artificial Intelligence (AI), Chatbot, Health Care, Machine Learning, Wellness","New Delhi, Delhi, India",AI driven chatbot to provide health advice within minutes. ,"6,968",,"5,908",https://getvisitapp.com,hello@getvisitapp.com,https://www.linkedin.com/company/visit-internet-services-pvt--ltd-,+919680899449,2024-08-07,Private Equity,2500000000,INR,29782289
Coefficient Bio,https://www.crunchbase.com/organization/coefficient-bio,"Biotechnology, Health Care, Science and Engineering",1-10,"Biotechnology, Life Science, Pharmaceutical, Therapeutics","New York, New York, United States",Coefficient Bio develops an AI platform designed to automate and optimize the pharmaceutical research and development lifecycle.,"6,988",,"5,923",https://coefficientbio.com,info@coefficientbio.com,https://www.linkedin.com/company/coefficientbio,,,,,,
Redwood AI,https://www.crunchbase.com/organization/redwood-ai,"Artificial Intelligence (AI), Data and Analytics, Health Care, Science and Engineering, Software",1-10,"Artificial Intelligence (AI), Generative AI, Pharmaceutical","Vancouver, Alberta, Canada",Redwood AI is a startup reinventing drug synthesis using advanced AI to accelerate pharmaceutical discovery and development.,"6,997",,"5,931",https://redwoodai.com,info@redwoodai.ca,https://www.linkedin.com/company/redwood-ai/,,2026-02-20,Post-IPO Equity,403571,CAD,294889
RTHM,https://www.crunchbase.com/organization/rthm,"Biotechnology, Health Care, Science and Engineering",1-10,"Biotechnology, Health Care, Medical","Redwood City, California, United States","Transforming care for complex illness, starting with Long COVID","7,011",,"5,943",https://www.rthm.com,support@rthm.com,https://www.linkedin.com/company/rthm,,2022-05-18,Seed,2000000,USD,2000000
SweetBio,https://www.crunchbase.com/organization/sweetbio,"Biotechnology, Health Care, Manufacturing, Science and Engineering",1-10,"Advanced Materials, Biotechnology, Health Care, Medical Device","Memphis, Tennessee, United States",SweetBio is a medical device company that develops regenerative products using honey.,"7,018",,"5,949",http://sweetbio.com/,info@sweetbio.com,https://www.linkedin.com/company/sweetbio-inc-,,2021-08-26,Corporate Round,,,
Wearable Devices,https://www.crunchbase.com/organization/wearable-devices-ltd,"Artificial Intelligence (AI), Biotechnology, Consumer Electronics, Data and Analytics, Hardware, Health Care, Science and Engineering, Software",1-10,"Artificial Intelligence (AI), Consumer Electronics, Health Care, Neuroscience, Software, Virtual Reality, Wearables","Yoqne`am `illit, HaZafon, Israel",Wearable Devices is a growth company that produces AI touch wristbrands that uses neural input technology for controlling digital devices.,"7,065",,"5,989",https://www.wearabledevices.co.il/,shmuel.barel@wearabledevices.co.il,https://www.linkedin.com/company/wearable-devices-ltd,+972 46185670,2025-12-11,Grant,750000,USD,750000
Gelmedix,https://www.crunchbase.com/organization/gelmedix,"Biotechnology, Health Care, Science and Engineering",1-10,"Biotechnology, Health Care, Pharmaceutical","Newton, Massachusetts, United States",Gelmedix is a developer of a biomaterial platform to improve drug delivery for complicated ophthalmic treatment.,"7,254",,"6,159",http://www.gelmedix.com,info@gelmedix.com,https://www.linkedin.com/company/gelmedix,,2026-02-17,Seed,13000000,USD,13000000
Symbiome,https://www.crunchbase.com/organization/symbiome,"Health Care, Natural Resources, Sustainability",1-10,"Health Care, Natural Resources, Wellness","San Francisco, California, United States",Symbiome offers skincare as nature intended solution which is scientifically and intentionally formulated using ancestral ingredients.,"7,319",,"6,220",https://www.symbiome.com,,https://www.linkedin.com/company/symbiomeinc/,,2022-10-31,Venture - Series Unknown,,,
Symbiosis,https://www.crunchbase.com/organization/symbiosis-9666,"Health Care, Real Estate",1-10,"Coworking, Health Care, Hospital","Washington, District of Columbia, United States","Symbiosis is an online marketplace where private practices can find business services, including flexible clinic space, for their practices.","7,348",,"6,248",https://joinsymbiosis.com,arun@joinsymbiosis.com,https://www.linkedin.com/company/joinsymbiosis,(202) 794-6820,2023-03-01,Seed,450000,USD,450000
BioSapien,https://www.crunchbase.com/organization/biosapien-inc,"Biotechnology, Health Care, Science and Engineering",1-10,"Biopharma, Biotechnology, Health Care, Pharmaceutical","San Diego, California, United States",BioSapien is a biotech startup that provides a drug delivery platform to deliver drugs for cancer treatment.,"7,356",,"6,255",http://www.biosapien.com,kpa@biosapien.com,https://www.linkedin.com/company/biosapien/,917-647-8600,2024-12-13,Seed,8000000,USD,8000000
RECLAIM,https://www.crunchbase.com/organization/reclaim-mya-health,"Financial Services, Health Care",1-10,"Financial Services, FinTech, Health Care, InsurTech","Cambridge, Massachusetts, United States",RECLAIM is a financial wellness app that relieves patients from financial stress so that they can focus on their wellbeing.,"7,408",,"6,301",https://www.reclaimhealth.com,info@reclaim.health,https://www.linkedin.com/company/mya-health/,,2019-07-18,Venture - Series Unknown,2455000,USD,2455000
myStoria,https://www.crunchbase.com/organization/mystoria,Health Care,1-10,"Fertility, Health Care, Wellness","Kitchener, Ontario, Canada","Mystoria offers a digital platform for fertility support, empowering users with tools and knowledge for reproductive health.","7,436",,"6,327",https://mystoria.com,info@mystoria.com,https://www.linkedin.com/company/mystoria,+1 519 497 6595,2026-03-31,Seed,1625000,CAD,1166308
Ancilia Biosciences,https://www.crunchbase.com/organization/ancilia-biosciences,"Biotechnology, Health Care, Science and Engineering",1-10,"Biotechnology, Health Care, Life Science","New York, New York, United States",Ancilia Biosciences offers bacterial therapeutics that address the microbiome's viral components.,"7,459",,"6,348",http://www.anciliabio.com,info@anciliabio.com,https://www.linkedin.com/company/ancilia/,,2026-04-06,Venture - Series Unknown,10076464,USD,10076464
Sequel,https://www.crunchbase.com/organization/sequel-5bfd,Health Care,1-10,"Health Care, Medical Device","San Francisco, California, United States",Sequel has created a tampon designed to prevent leakage.,"7,465",,"6,352",https://www.trysequel.com/,,https://www.linkedin.com/company/trysequel/,,2021-12-21,Seed,5000000,USD,5000000
Allarity Therapeutics,https://www.crunchbase.com/organization/allarity-therapeutics,"Biotechnology, Health Care, Science and Engineering",1-10,"Biotechnology, Health Care, Health Diagnostics, Oncology, Pharmaceutical","Boston, Massachusetts, United States",Allarity Therapeutics is a biopharma company developing oncology products and drugs for the personalized treatment of cancer.,"7,487",,"6,373",https://allarity.com,info@allarity.com,https://www.linkedin.com/company/allaritytx,401-426-4664,2026-03-06,Post-IPO Debt,20000000,USD,20000000
Convergent Therapeutics,https://www.crunchbase.com/organization/convergent-therapeutics,Health Care,1-10,"Health Care, Medical, Pharmaceutical","Cambridge, Massachusetts, United States",Convergent Therapeutics is a pharmaceutical company that focuses on developing radiopharmaceutical therapies for prostate cancer.,"7,492",,"6,378",https://convergentrx.com,,https://www.linkedin.com/company/convergent-therapeutics,,2024-09-24,Series A,40000000,USD,40000000
Seraphina Therapeutics,https://www.crunchbase.com/organization/seraphina-therapeutics,"Biotechnology, Health Care, Science and Engineering",1-10,"Biotechnology, Health Care, Therapeutics","San Diego, California, United States",Seraphina Therapeutics provides therapeutics services using natural products.,"7,546",,"6,425",https://www.seraphinatherapeutics.com/,,https://www.linkedin.com/company/seraphina-therapeutics,,2020-05-18,Series A,5500000,USD,5500000
Virchow Medical,https://www.crunchbase.com/organization/virchow-medical,"Commerce and Shopping, Health Care, Manufacturing",1-10,"Manufacturing, Medical Device, Wholesale","La Jolla, California, United States",Virchow Medical is a manufacturer and supplier of biopsy catchment devices.,"7,598",,"6,469",https://virchowmed.com,,https://www.linkedin.com/company/virchowmed,+1 833 424 6779,2026-03-24,Seed,4120829,USD,4120829
Sky Labs,https://www.crunchbase.com/organization/skylabs-2,"Consumer Electronics, Hardware, Health Care",1-10,"Clinical Trials, Electronics, Health Care, Hospital","Seongnam, Kyonggi-do, South Korea",Skylabs is developing a healthcare wearable ring as part of its mission to develop a mobile personal health analysis and prediction system.,"7,613",,"6,482",https://www.skylabs.io,info@i-skylabs.com,http://www.linkedin.com/in/SkyLabs,,2025-03-07,Venture - Series Unknown,,,
Imaginostics,https://www.crunchbase.com/organization/imaginostics,"Biotechnology, Health Care, Science and Engineering",1-10,"Biotechnology, Health Care, Health Diagnostics, Medical, Neuroscience, Precision Medicine","Orlando, Florida, United States",Imaginostics is creating the next generation of precision medicine diagnostic and prognostic tools.,"7,624",,"6,492",https://imaginostics.com/,info@imaginostics.com,https://www.linkedin.com/company/imaginostics/,833-674-7226,2024-06-01,Seed,5353594,USD,5353594
Aethl Bio,https://www.crunchbase.com/organization/aethl-bio,"Biotechnology, Consumer Goods, Health Care, Manufacturing, Science and Engineering",1-10,"Biotechnology, Cosmetics, Health Care, Manufacturing, Pharmaceutical","Pittsburgh, Pennsylvania, United States",Aethl Bio is a biotechnology and pharmaceutical company focused on developing innovative therapeutic solutions.,"7,639",,"6,504",https://aethl.com,info@aethl.com,https://www.linkedin.com/company/aethlbio,+1 412 212 6563,2025-08-30,Pre-Seed,200000,USD,200000
Health Lean Analytics,https://www.crunchbase.com/organization/health-lean-analytics,Health Care,1-10,"Health Care, Hospital","Barcelona, Catalonia, Spain","Health Lean Analytics, a healthcare‑technology company focuses on hospital data‑management and operating‑room analytics.","7,651",,"6,515",https://www.hlanalytics.org,info@hlanalytics.org,https://www.linkedin.com/company/health-lean-analytics,,2026-03-19,Debt Financing,700000,EUR,810858
Metalchemy,https://www.crunchbase.com/organization/metalchemy,"Biotechnology, Consumer Goods, Data and Analytics, Design, Food and Beverage, Health Care, Natural Resources, Science and Engineering, Sustainability",1-10,"Biotechnology, CleanTech, Food and Beverage, Health Care, Nanotechnology, Personal Care and Hygiene, Precious Metals, Product Research, Sustainability","London, England, United Kingdom","The world’s most innovative technology company, bringing the revolutionary benefits of green nanotechnology to all parts of life.","7,739",,"6,595",https://www.metalchemy.tech/,info@metalchemy.tech,https://www.linkedin.com/company/metalchemy,,2023-12-04,Equity Crowdfunding,248627,GBP,314105
Fermtech,https://www.crunchbase.com/organization/fermtech,"Biotechnology, Health Care, Science and Engineering",1-10,"Biopharma, Biotechnology, Pharmaceutical","Oxford, Oxfordshire, United Kingdom",Fermtech provides equipment for precision fermentation companies to scale production processes.,"7,747",,"6,601",https://www.fermtech.co.uk,,https://www.linkedin.com/company/fermtech,07948891846,2026-04-07,Seed,2500000,GBP,3306327
Infinimmune,https://www.crunchbase.com/organization/infinimmune,"Biotechnology, Health Care, Science and Engineering",1-10,"Biotechnology, Health Care, Life Science, Medical","San Francisco, California, United States",Infinimmune operates as a biotechnology company.,"7,796",,"6,645",https://www.infinimmune.com/,,https://www.linkedin.com/company/infinimmune/,,2022-12-06,Seed,12000000,USD,12000000
Starling Medical,https://www.crunchbase.com/organization/starling-medical,Health Care,1-10,"Health Care, Health Diagnostics, Medical Device","Houston, Texas, United States",Starling develops predictive technology to identify chronic illnesses earlier.,"7,809",,"6,657",http://www.starlingmedical.com,mckenney@starlingmedical.com,https://www.linkedin.com/company/64570104,7276566576,2026-03-19,Venture - Series Unknown,824990,USD,824990
Freestyle,https://www.crunchbase.com/organization/freestyle-374d,"Commerce and Shopping, Community and Lifestyle, Health Care",1-10,"Child Care, Children, E-Commerce","Los Angeles, California, United States",Technology and products for the modern parent.,"7,840",,"6,685",https://freestyle.world,hello@freestyle.world,http://www.linkedin.com/company/freestyledotworld,,2026-03-05,Series A,10000000,USD,10000000
OrthoSens,https://www.crunchbase.com/organization/orthosens,Health Care,1-10,"Health Care, Health Diagnostics, Medical Device","Biel, Bern, Switzerland",We’ve miniaturized orthopedic sensing. We transform standard implants into smart connected devices enabling remote clincal risk management,"7,861",,"6,705",https://www.orthosens.ch,,https://www.linkedin.com/company/orthosens/,,2026-03-20,Grant,902000,CHF,1143428
Lotus AI,https://www.crunchbase.com/organization/lotus-health-ai,"Artificial Intelligence (AI), Data and Analytics, Health Care, Science and Engineering, Software",1-10,"Artificial Intelligence (AI), Health Care, Software","San Francisco, California, United States",Lotus Health AI is transforming consumer health,"7,867",,"6,709",https://lotus.ai/,support@lotus.ai,https://www.linkedin.com/company/lotushealthai,,2026-02-02,Series A,35000000,USD,35000000
Maia,https://www.crunchbase.com/organization/maia-ede8,"Artificial Intelligence (AI), Data and Analytics, Health Care, Other, Science and Engineering, Software",1-10,"Artificial Intelligence (AI), B2C, Software, Wellness","San Francisco, California, United States","Maia is an AI relationship coach, designed to help couples nurture and grow their relationships. Relationships take work. Maia can help.","7,876",,"6,718",https://ourmaia.com/,support@ourmaia.com,https://www.linkedin.com/company/ourmaia/,,2024-04-03,Pre-Seed,500000,USD,500000
Vertigenius,https://www.crunchbase.com/organization/vertigenius,"Health Care, Sports",1-10,"Fitness, Health Care, Wellness","Dublin, Dublin, Ireland",Vertigenius designs and deploys customized exercises using an easy-to-use clinician portal.,"7,889",,"6,731",https://www.vertigenius.com,sales(@)vertigenius.com,https://www.linkedin.com/company/vertigenius,,2026-04-08,Venture - Series Unknown,2550000,EUR,2979484
heva,https://www.crunchbase.com/organization/heva-4ed0,"Artificial Intelligence (AI), Data and Analytics, Health Care, Science and Engineering, Software, Travel and Tourism",1-10,"Artificial Intelligence (AI), Medical, Software, Tourism","New York, New York, United States",heva is a vertical SaaS AI platform for doctors serving medical tourists.,"7,953",,"6,788",https://heva.co,,https://www.linkedin.com/company/yourheva,,2025-04-25,Pre-Seed,3099995,USD,3099995
Pharos,https://www.crunchbase.com/organization/pharos-12e6,"Artificial Intelligence (AI), Data and Analytics, Health Care, Science and Engineering, Software",1-10,"Artificial Intelligence (AI), Health Care, Wellness","San Francisco, California, United States",Pharos is a Hospitals and Health Care tech that helps with quality reporting without any manual chart review.,"7,988",,"6,819",https://pharos.health,,https://www.linkedin.com/company/pharoshealth/,,2025-12-28,Grant,100000,USD,100000
Bluejay Diagnostics,https://www.crunchbase.com/organization/bluejay-diagnostics,"Health Care, Manufacturing, Sales and Marketing",1-10,"Manufacturing, Marketing, Medical, Medical Device","Acton, Massachusetts, United States",Bluejay Diagnostics is a manufacturing company,"8,118",,"6,935",http://bluejaydx.com,Contact@BluejayDX.com,https://www.linkedin.com/company/bluejay-diagnostics,978.631.4884,2025-10-09,Post-IPO Equity,4500000,USD,4500000
Enodia Therapeutics,https://www.crunchbase.com/organization/enodia-therapeutics,"Biotechnology, Health Care, Science and Engineering",1-10,"Biotechnology, Health Care, Medical, Therapeutics","Paris, Ile-de-France, France","Enodia Therapeutics is a biotech company that provides transforming treatments for cancer, inflammation, and viral infection diseases.","8,140",,"6,953",https://www.enodiatx.com/,hello@enodiatx.com,https://www.linkedin.com/company/enodiatx,,2026-01-08,Seed,20700000,EUR,24164712
Options MD,https://www.crunchbase.com/organization/options-md,Health Care,1-10,"Health Care, Medical, Telehealth","Los Angeles, California, United States",Options MD provides personalized care for people suffering from severe and treatment-resistant mental illnesses.,"8,165",,"6,975",https://www.optionsmd.com,founders@options-md.com,https://www.linkedin.com/company/optionsmd,,2023-12-31,Seed,,,
Keep Company,https://www.crunchbase.com/organization/keep-company,"Administrative Services, Health Care, Other",1-10,"Employee Benefits, Human Resources, Professional Services, Wellness","Bethesda, Maryland, United States","Helping organizations care for, and keep, parents and caregivers.","8,223",,"7,028",https://keep-company.com/,hello@keep-company.com,https://www.linkedin.com/company/joinkeepcompany/,,2025-07-15,Seed,500000,USD,500000
Sika Health,https://www.crunchbase.com/organization/sika-health,"Financial Services, Health Care, Payments, Software",1-10,"FinTech, Health Care, Payments, Software","New York, New York, United States",Sika Health provides payment solutions for the healthcare sector. Our platform enables merchants to accept HSA/FSA payments.,"8,265",,"7,062",https://www.sikahealth.com/,,https://www.linkedin.com/company/sikahealth,,2022-01-24,Seed,6200000,USD,6200000
Pocket,https://www.crunchbase.com/organization/pocket-858e,"Artificial Intelligence (AI), Data and Analytics, Financial Services, Health Care, Science and Engineering, Software",1-10,"Artificial Intelligence (AI), Health Care, Health Insurance, Medical","Brooklyn, New York, United States",Pocket is an AI powered front office that operates system for medical clinics.,"8,328",,"7,121",https://letspocket.com/,info@letspocket.com,https://www.linkedin.com/company/letspocketinc/,,2026-03-30,Pre-Seed,1350000,USD,1350000
iSono Health,https://www.crunchbase.com/organization/isono-health,"Artificial Intelligence (AI), Data and Analytics, Health Care, Science and Engineering, Software",1-10,"Artificial Intelligence (AI), Health Care, Medical Device","San Francisco, California, United States",iSono Health develops an AI platform for accessible and personalized breast health monitoring,"8,349",,"7,141",http://www.isonohealth.com/,info@isonohealth.com,https://www.linkedin.com/company/6453013?trk=prof-exp-company-name,(415) 857-2034,2025-10-13,Venture - Series Unknown,,,
Aeovian Pharmaceuticals,https://www.crunchbase.com/organization/aeonian-pharmaceuticals,"Biotechnology, Health Care, Science and Engineering",1-10,"Biopharma, Biotechnology, Health Care, Pharmaceutical","San Francisco, California, United States","Aeovian Pharmaceuticals aims to discover, develop, and commercialize therapeutics for the treatment of rare and age-related diseases.","8,397",,"7,183",https://www.aeovian.com,bd@aeovian.com,https://www.linkedin.com/company/aeonian-pharmaceuticals,+1 510-961-1148,2025-12-16,Series B,55000000,USD,55000000
illumicell AI,https://www.crunchbase.com/organization/illumicell-ai,"Artificial Intelligence (AI), Data and Analytics, Health Care, Science and Engineering, Software",1-10,"Artificial Intelligence (AI), Fertility, Health Care, Health Diagnostics, Medical Device","Allston, Massachusetts, United States",AI-powered fertility screening tool for clinics and healthcare providers,"8,416",,"7,202",https://www.illumicell.ai/,jeyla@illumicell.ai,https://www.linkedin.com/company/illumicell-ai/,,2025-04-10,Pre-Seed,2000000,USD,2000000
Poplar Therapeutics,https://www.crunchbase.com/organization/poplar-therapeutics,Health Care,1-10,"Health Care, Medical, Therapeutics","Cambridge, Massachusetts, United States","Poplar Therapeutics anti-IgE therapy treats atopic diseases such as food allergy, allergic asthma, and atopic dermatitis.","8,438",,"7,220",https://poplartx.com,,https://www.linkedin.com/company/poplar-therapeutics,,2026-01-07,Series A,50000000,USD,50000000
Eon Health,https://www.crunchbase.com/organization/matrix-analytics,"Health Care, Information Technology",1-10,"Health Care, Hospital, Information Technology","Denver, Colorado, United States","Eon is a health-tech company that revolutionizes the way healthcare data is gathered, curated, and shared among healthcare professionals.","8,637",,"7,401",https://eonhealth.com,christine.spraker@eonhealth.com,https://www.linkedin.com/company/eonhealth,(303)870-4042,2022-04-06,Series A,16000000,USD,16000000
RevelAi Health,https://www.crunchbase.com/organization/revelai-health,"Artificial Intelligence (AI), Data and Analytics, Health Care, Science and Engineering, Software",1-10,"Artificial Intelligence (AI), Generative AI, Health Care, Medical, Primary and Urgent Care","Durham, North Carolina, United States",Generative AI Health Technology Company,"8,656",,"7,418",https://www.revelaihealth.com,christian@revelaihealth.com,https://www.linkedin.com/company/revelaihealth,9566488161,2025-06-18,Seed,3100000,USD,3100000
Amulet,https://www.crunchbase.com/organization/allergy-amulet,"Apps, Hardware, Health Care, Mobile, Software",1-10,"Health Care, Health Diagnostics, Mobile Apps, Personal Health, Sensor","Madison, Wisconsin, United States",Amulet provides consumer food allergen sensors that helps in testing for common allergenic ingredients in seconds.,"8,661",,"7,423",https://www.amulet-inc.com/,abarnes@allergyamulet.com,https://www.linkedin.com/company/amulet-inc/,,2026-03-12,Debt Financing,757973,USD,757973
Jupiter Neurosciences,https://www.crunchbase.com/organization/jupiter-neurosciences,"Biotechnology, Data and Analytics, Design, Health Care, Science and Engineering",1-10,"Biotechnology, Pharmaceutical, Product Research","Palm Beach Gardens, Florida, United States",Jupiter Neurosciences is a biotechnology company that focuses on developing a treatment for Alzheimer and rare neurological disorders.,"8,699",,"7,454",https://jupiterneurosciences.com,info@jupiterneurosciences.com,https://www.linkedin.com/company/jupiterneurosciences,(561)-406-6154,2025-10-27,Post-IPO Equity,14000000,USD,14000000
Amissa Health,https://www.crunchbase.com/organization/amissa,"Artificial Intelligence (AI), Data and Analytics, Design, Health Care, Information Technology, Science and Engineering, Software",1-10,"Analytics, Artificial Intelligence (AI), Big Data, Data Visualization, Health Care, Health Diagnostics, Personal Health, Precision Medicine, Predictive Analytics","Charlotte, North Carolina, United States",Amissa powers evidence-based perimenopause care with AI-enabled clinical decision support.,"8,755",,"7,503",https://www.amissa.com/,admin@amissa.com,https://www.linkedin.com/company/amissa/,,2025-03-17,Grant,75000,USD,75000
Entirety Biomedical,https://www.crunchbase.com/organization/magsorbeo-biomedical,Health Care,1-10,"Health Care, Medical, Medical Device","East Lansing, Michigan, United States",Entirety Biomedical develops and manufactures absorbable metal implants with optimized absorption profiles.,"8,830",,"7,571",https://www.entiretybio.com/,Jake.edick@entiretybio.com,https://www.linkedin.com/company/magsorbeo-biomedical/,,2026-02-11,Seed,1200000,USD,1200000
Flashpoint Therapeutics,https://www.crunchbase.com/organization/flashpoint-therapeutics,"Biotechnology, Health Care, Science and Engineering",1-10,"Biotechnology, Medical, Therapeutics","Redwood City, California, United States",Flashpoint Therapeutics introduces a new way to building cancer immunotherapies.,"8,840",,"7,580",https://www.flashpoint.bio,,https://www.linkedin.com/company/flashpoint-therapeutics,,2023-10-25,Seed,10000000,USD,10000000
Cirrus Therapeutics,https://www.crunchbase.com/organization/cirrus-therapeutics,"Biotechnology, Health Care, Science and Engineering",1-10,"Biotechnology, Health Care, Wellness","Cambridge, Massachusetts, United States",Cirrus Therapeutics is a Biotechnology Research firm diganosing and treating eye diseases affecting ocular immune system.,"8,905",,"7,637",https://cirrustx.com/,info@cirrustx.com,https://www.linkedin.com/company/cirrus-therapeutics/,,2025-08-19,Seed,11000000,USD,11000000
Daffodil Health,https://www.crunchbase.com/organization/daffodil-health,Health Care,1-10,"Health Care, Personal Health","Bangalore, Karnataka, India",Daffodil Health is a paediatric behavioural health platform.,"8,953",,"7,682",https://www.daffodilhealth.com,team@daffodilhealth.com,https://www.linkedin.com/company/daffodilhealth,,2026-02-17,Series A,16300000,USD,16300000
Inductive Bio,https://www.crunchbase.com/organization/inductive-bio,"Biotechnology, Health Care, Science and Engineering",1-10,"Biotechnology, Medical","San Francisco, California, United States","Inductive Bio provides the information, machine learning, tools, and know-how required to resolve ADMET issues.","8,970",,"7,697",https://www.inductive.bio/,,https://www.linkedin.com/company/inductive-bio/about/,,2025-05-07,Series A,25000000,USD,25000000
Somethings,https://www.crunchbase.com/organization/somethings,"Apps, Health Care, Mobile, Software",1-10,"Health Care, Mental Health, Mobile Apps, Wellness","New York, New York, United States",Somethings is a platform for wellness tailored to young people that links youngsters with qualified mentors.,"8,978",,"7,704",https://www.somethings.com/,,https://www.linkedin.com/company/somethingsgetbetter/about/,,2026-02-10,Series A,19200000,USD,19200000
Better,https://www.crunchbase.com/organization/better-78aa,"Health Care, Sports",1-10,"Fitness, Health Care, Wellness","Dubai, Dubai, United Arab Emirates",Better is a men's wellness firm that improves the lives of 10 million people in MENA through individualized and discreet health solutions.,"9,007",,"7,729",https://itsbetter.app/,,https://www.linkedin.com/company/itsbetterapp/,,2025-04-30,Seed,,,
DESKi,https://www.crunchbase.com/organization/deski,"Artificial Intelligence (AI), Data and Analytics, Health Care, Science and Engineering, Software",1-10,"Artificial Intelligence (AI), Health Care, Machine Learning, Medical Device","Bordeaux, Aquitaine, France",DESKi a healthtech firm developing AI-powered diagnostic tools in conjunction with physicians and researchers.,"9,035",,"7,753",http://deski.io,contact@deski.io,https://www.linkedin.com/company/deski,,2025-06-18,Seed,6000000,USD,6000000
Delphyr,https://www.crunchbase.com/organization/delphyr,"Artificial Intelligence (AI), Data and Analytics, Health Care, Science and Engineering, Software",1-10,"Artificial Intelligence (AI), Health Diagnostics, Medical, Medical Device, Software","Amsterdam, Noord-Holland, The Netherlands",Delphyr is an AI platform that automates clinical workflows and summarizes patient data for healthcare professionals.,"9,153",,"7,857",https://www.delphyr.ai,info@delphyr.ai,https://www.linkedin.com/company/delphyr/,,2026-03-03,Seed,1750000,EUR,2047421
MDisrupt,https://www.crunchbase.com/organization/mdisrupt,"Biotechnology, Commerce and Shopping, Financial Services, Health Care, Lending and Investments, Science and Engineering",1-10,"Health Care, Health Diagnostics, Life Science, Marketplace, Medical, Medical Device, Venture Capital","Austin, Texas, United States",MDisrupt the premier health expert marketplace for the healthtech and life sciences industries.,"9,154",,"7,858",https://www.mdisrupt.com/,community@mdisrupt.com,https://www.linkedin.com/company/mdisrupt,,2024-10-15,Venture - Series Unknown,1000000,USD,1000000
Synergy Disc Replacement Inc,https://www.crunchbase.com/organization/synergy-disc-replacement-inc,Health Care,1-10,Health Care,"Cambridge, Ontario, Canada","Synergy Disc Replacement Inc(SDRI) produces Cervical disc implant to restore patient's balance, range of motion and alignment.","9,209",,"7,909",https://synergyspinesolutions.com/,info@synergy-disc.com,https://www.linkedin.com/company/synergy-disc-replacement-inc.,647.692.3493,2024-01-31,Series A,30000000,USD,30000000
Agora Care,https://www.crunchbase.com/organization/agora-care,"Health Care, Information Technology, Software",1-10,"Health Care, Information Services, Medical, Web Development","Geneva, Geneve, Switzerland","Agora Care develops the new generation of web-based, patient-centered storage for medical images.","9,215",,"7,915",https://www.agora-care.ch/,,https://www.linkedin.com/company/agora-care-sa/?originalSubdomain=ch,,2026-03-17,Undisclosed,2200000,CHF,2793399
Aster,https://www.crunchbase.com/organization/aster-f110,"Health Care, Software",1-10,"Health Care, Medical, SaaS","San Francisco, California, United States",Aster is a SaaS platform designed specifically for OB/GYN clinics and women’s health practices.,"9,235",,"7,933",https://astercare.com/,hello@astercare.com,,,2024-01-30,Pre-Seed,2400000,USD,2400000
Aura Health,https://www.crunchbase.com/organization/aura-health,"Apps, Content and Publishing, Health Care, Media and Entertainment, Mobile, Other, Software",1-10,"Alternative Medicine, Consumer, Content Discovery, Health Care, Mobile Apps, Personal Health, Wellness","San Francisco, California, United States",Aura is a digital wellness ecosystem that provides personalized content & community from therapists & coaches around the world,"9,256",,"7,954",https://aurahealth.io,hello@aurahealth.io,https://www.linkedin.com/company/12956248,,2024-07-18,Equity Crowdfunding,1244387,USD,1244387
Eosera,https://www.crunchbase.com/organization/eosera-inc,"Biotechnology, Consumer Goods, Health Care, Science and Engineering",1-10,"Biotechnology, Medical Device, Personal Care and Hygiene","Fort Worth, Texas, United States",Eosera is a new biotechnology company aiming to address underserved medical needs.,"9,279",,"7,977",http://www.eosera.com,,https://www.linkedin.com/company/eosera-inc.,,2023-12-29,Venture - Series Unknown,1318772,USD,1318772
Linus Technology,https://www.crunchbase.com/organization/linus-technology,"Food and Beverage, Health Care",1-10,"Health Care, Nutrition, Personal Health, Wellness","New York, New York, United States",Linus Technology is a food technology company that offers consumers to manage their weight and protein consumption goals.,"9,375",,"8,061",https://www.linus.technology/,,https://www.linkedin.com/company/linus-technology-inc/,+1 717-654-1836,2026-04-07,Venture - Series Unknown,2999578,USD,2999578
HapWare,https://www.crunchbase.com/organization/hapware,"Artificial Intelligence (AI), Consumer Electronics, Data and Analytics, Hardware, Health Care, Science and Engineering, Software",1-10,"Artificial Intelligence (AI), Assistive Technology, Computer Vision, Consumer Electronics, Hardware, Software, Wearables","Golden, Colorado, United States",HapWare offers wearable technology that uses AI and haptic feedback to support communication for people who are blind or neurodiverse.,"9,389",,"8,071",https://www.hapware.com/,jack@hapware.com,https://www.linkedin.com/company/hapware/,+1 720-280-8117,2025-11-21,Grant,250000,USD,250000
Fortitude Biomedicines,https://www.crunchbase.com/organization/fortitude-biomedicines,"Biotechnology, Health Care, Science and Engineering",1-10,"Biotechnology, Medical","Waltham, Massachusetts, United States",Fortitude Biomedicines is a biotechnology company that develops antibody-based biologic drugs targeting autoimmune diseases.,"9,399",,"8,080",https://fortitudebio.com,info@fortitudebio.com,https://www.linkedin.com/company/fortitudebio/,+1 781 734 6880,2026-01-26,Seed,13000000,USD,13000000
NeoSoma,https://www.crunchbase.com/organization/neosoma,"Artificial Intelligence (AI), Data and Analytics, Health Care, Science and Engineering, Software",1-10,"Artificial Intelligence (AI), Health Care, Medical, Medical Device, Oncology, Software","Groton, Massachusetts, United States",NeoSoma is a neuro-oncology AI platform providing AI imaging solutions for precise medical management.,"9,439",,"8,117",https://neosomainc.com/,marketing@neosomainc.com,https://www.linkedin.com/company/neosoma-inc,,2026-03-27,Venture - Series Unknown,3517368,USD,3517368
Qlaris Bio,https://www.crunchbase.com/organization/qlaris-bio,"Biotechnology, Health Care, Science and Engineering",1-10,"Biotechnology, Health Care, Medical","Wellesley, Massachusetts, United States",Qlaris Bio focuses on developing first-in-class therapies for serious and debilitating ophthalmic diseases.,"9,465",,"8,143",https://qlaris.bio,,https://www.linkedin.com/company/qlaris-bio-inc,,2024-04-22,Series B,24000000,USD,24000000
Avelis Health,https://www.crunchbase.com/organization/avelis-health,"Artificial Intelligence (AI), Data and Analytics, Financial Services, Health Care, Science and Engineering, Software",1-10,"Artificial Intelligence (AI), Health Care, Health Insurance, Medical, SaaS","San Francisco, California, United States",Avelis Health uses AI that eliminates medical bills and fights insurance denials.,"9,475",,"8,153",https://www.avelishealth.com/,support@avelis.co,https://www.linkedin.com/company/avelis-ai,+1 346-395-7118,2025-06-25,Pre-Seed,500000,USD,500000
MoleSense,https://www.crunchbase.com/organization/molesense,Health Care,1-10,"Health Care, Medical","Lausanne, Vaud, Switzerland",MoleSense is to provide a wearable skin sensor to help monitor high-risk pregnancies.,"9,551",,"8,221",https://www.molesense.ch/,,https://www.linkedin.com/company/molesense,,2026-03-18,Debt Financing,100000,CHF,126843
August,https://www.crunchbase.com/organization/august-492a,"Community and Lifestyle, Health Care",1-10,"Personal Health, Wellness, Women's","Brooklyn, New York, United States",August is a lifestyle period brand dedicated to reimagining periods to be powerful.,"9,568",,"8,234",https://www.itsaugust.co/,care@itsaugust.co,https://www.linkedin.com/company/itsaugust/,1 209-689-2270,2022-05-25,Seed,3654990,USD,3654990
Transition,https://www.crunchbase.com/organization/transition,Health Care,1-10,Health Care,"Lawrenceville, Georgia, United States",Transition connects CNA schools and healthcare employers to career outcomes.,"9,570",,"8,235",https://jointransition.com,info@jointransition.com,https://www.linkedin.com/company/join-transition,,2023-05-12,Seed,,,
3X Genetics,https://www.crunchbase.com/organization/3x-genetics,"Biotechnology, Health Care, Science and Engineering",1-10,"Biotechnology, Genetics, Health Care, Health Diagnostics, Medical","Worcester, Massachusetts, United States",3X Genetics develops medical screening solutions to identify genetic disorders.,"9,597",,"8,260",https://3xgenetics.com/,,,,2026-03-25,Seed,3159986,USD,3159986
Valthos,https://www.crunchbase.com/organization/valthos,"Artificial Intelligence (AI), Data and Analytics, Health Care, Science and Engineering, Software",1-10,"Artificial Intelligence (AI), Medical, Software","New York, New York, United States",Valthos is an applied biological intelligence company focusing on biodefense by developing AI systems to identify biological threats.,"9,642",,"8,301",http://www.valthos.com,contact@valthos.com,https://www.linkedin.com/company/valthos,5102804349,2025-10-24,Seed,30000000,USD,30000000
Atommap,https://www.crunchbase.com/organization/atommap,"Biotechnology, Health Care, Science and Engineering",1-10,"Biopharma, Biotechnology, Medical","New York, New York, United States",Atommap is a physics-based and ML-augmented computational drug discovery platform,"9,675",,"8,331",https://www.atommap.com/,info@atommapper.com,,,2026-03-18,Series A,31130335,USD,31130335
Leesol,https://www.crunchbase.com/organization/leesol,"Consumer Electronics, Hardware, Health Care",1-10,"Electronics, Health Care, Medical Device, Personal Health","Seoul, Seoul-t'ukpyolsi, South Korea",Leesol is a sleep technology company which develops AI based neuromodulation devices for the prevention and treatment neural ailments.,"9,699",,"8,353",http://leesolbrain.com,info@leesolbrain.com,,+82-2-318-8890,2026-02-19,Series A,3000000000,KRW,2066513
HEARTio,https://www.crunchbase.com/organization/heart-input-output-inc,"Artificial Intelligence (AI), Data and Analytics, Health Care, Science and Engineering, Software",1-10,"Artificial Intelligence (AI), Health Care, Health Diagnostics, Machine Learning","Pittsburgh, Pennsylvania, United States",HEARTio is a digital diagnostics startup that uses artificial intelligence to help emergency providers identify heart abnormalities.,"9,717",,"8,370",https://www.heartio.ai,Michael.Leasure@heartio.ai,https://www.linkedin.com/company/heart-i-o/,+1 610 451 7343,2026-03-16,Seed,4250000,USD,4250000
Hubly Surgical,https://www.crunchbase.com/organization/hublysurgical,Health Care,1-10,"Health Care, Medical Device","Lisle, Illinois, United States","Advanced drill, with autostop and visual feedback, making medical drilling safe.","9,725",,"8,376",http://hublysurgical.com,info@hublysurgical.com,http://linkedin.com/company/hublysurgical/,,2023-07-12,Seed,3890000,USD,3890000
Khloud,https://www.crunchbase.com/organization/khloud,"Food and Beverage, Health Care",1-10,"Food and Beverage, Nutrition, Snack Food","Los Angeles, California, United States",Khloud is a consumer platform that offers healthy and high-protein alternatives.,"9,743",,"8,393",https://khloudfoods.com/,hi@khloudfoods.com,https://www.linkedin.com/company/khloudfoods/,,2025-04-22,Venture - Series Unknown,12000000,USD,12000000
Curio,https://www.crunchbase.com/organization/curio-2b46,Health Care,1-10,"Health Care, Mental Health, Personal Health, Wellness","Glendale, New York, United States",Curio is a mental health care navigation startup focused on patient empowerment and novel treatments.,"9,755",,"8,404",https://joincurio.com/,hello@joincurio.com,https://www.linkedin.com/company/joincurio/,(415) 818-8848,2022-08-31,Convertible Note,1600000,USD,1600000
AEON Biopharma,https://www.crunchbase.com/organization/aeon-biopharma,"Biotechnology, Financial Services, Health Care, Professional Services, Science and Engineering",1-10,"Biotechnology, Consulting, Financial Services, Health Care, Medical, Pharmaceutical","Newport Beach, California, United States",AEON Biopharma is a biopharmaceutical company that develops novel and proprietary treatment paradigms to improve patient outcomes.,"9,846",,"8,484",https://aeonbiopharma.com,info@aeonbiopharma.com,https://www.linkedin.com/company/aeon-biopharma-inc,+1-949-298-2211,2025-11-13,Post-IPO Equity,22000000,USD,22000000
Artelo Biosciences,https://www.crunchbase.com/organization/artelo-biosciences,"Biotechnology, Health Care, Science and Engineering",1-10,"Biotechnology, Life Science, Pharmaceutical","La Jolla, California, United States",Artelo Biosciences aims to accelerate the development and commercialization of endocannabinoid system modulating therapeutics.,"9,920",,"8,551",http://artelobio.com,info@artelobio.com,https://www.linkedin.com/company/artelo-biosciences-inc,+1 760 943 1689,2026-03-27,Post-IPO Equity,11000000,USD,11000000
Max BioPharma,https://www.crunchbase.com/organization/max-biopharma,"Biotechnology, Health Care, Science and Engineering",1-10,"Biopharma, Biotechnology, Health Care","Santa Monica, California, United States","This company is a California-based biotechnology firm developing novel small molecule lipids, referred to as oxysterols.","9,933",,"8,564",http://www.maxbiopharma.com,,https://in.linkedin.com/company/maxbiopharma,,2026-03-10,Series A,13000000,USD,13000000
Myosin Therapeutics,https://www.crunchbase.com/organization/myosin-therapeutics,"Biotechnology, Health Care, Science and Engineering",1-10,"Biotechnology, Health Care, Therapeutics","Jupiter, Florida, United States",Myosin Therapeutics is a privately-held biopharmaceutical company developing novel medications for CNS-based disorders.,"9,935",,"8,566",https://www.myosintherapeutics.com,contact@myosintx.com,https://www.linkedin.com/company/myosin-therapeutics-inc,1-844-696-7469,2026-03-23,Grant,2000000,USD,2000000
Amplified Sciences,https://www.crunchbase.com/organization/amplified-sciences,"Biotechnology, Health Care, Science and Engineering",1-10,"Biotechnology, Health Care, Health Diagnostics","West Lafayette, Indiana, United States",Amplified Sciences is a life science diagnostics company focusing on detecting and pre-empting the risks of debilitating diseases.,"9,964",,"8,591",https://www.amplifiedsciences.com,contact@amplifiedsci.com,https://www.linkedin.com/company/amplifiedsciences/,3174900511,2025-06-10,Non-equity Assistance,,,
Substrate,https://www.crunchbase.com/organization/substrate-2542,"Artificial Intelligence (AI), Data and Analytics, Health Care, Science and Engineering, Software",1-10,"Artificial Intelligence (AI), Health Care, Robotic Process Automation (RPA)","San Francisco, California, United States","Substrate uses AI to help medical billing teams by automating data entry and repetitive tasks, boosting efficiency and accuracy.","10,056",,"8,672",https://www.substrate.cc/,help@substrate.cc,https://www.linkedin.com/company/substratecc/,,2024-09-25,Pre-Seed,500000,USD,500000
Empirical Health,https://www.crunchbase.com/organization/empirical-health,"Apps, Artificial Intelligence (AI), Data and Analytics, Health Care, Mobile, Science and Engineering, Software",1-10,"Artificial Intelligence (AI), Health Care, Health Diagnostics, Mobile Apps, Personal Health","Long Island City, New York, United States",Don't die of heart disease. The first AI-native heart health clinic.,"10,144",,"8,752",https://www.empirical.health/,hello@empirical.health,https://www.linkedin.com/company/empiricalhealth/,,2025-11-01,Seed,3000000,USD,3000000
Ataraxis,https://www.crunchbase.com/organization/ataraxis-4f24,"Artificial Intelligence (AI), Biotechnology, Data and Analytics, Health Care, Science and Engineering, Software",1-10,"Artificial Intelligence (AI), Biotechnology, Health Diagnostics, Software","New York, New York, United States",Ataraxis is an AI-based diagnostic platform that helps develop personalized treatment plans.,"10,155",,"8,762",https://ataraxis.ai,info@ataraxis.ai,https://www.linkedin.com/company/ataraxis-ai,,2025-03-05,Series A,20400000,USD,20400000
Imbria Pharmaceuticals,https://www.crunchbase.com/organization/imbria-pharmaceuticals,"Biotechnology, Health Care, Science and Engineering",1-10,"Biotechnology, Health Care, Life Science, Pharmaceutical","Boston, Massachusetts, United States",Imbria Pharmaceuticals is a clinical stage biotechnology company developing novel therapies for cardiometabolic diseases.,"10,169",,"8,774",https://www.imbria.com,info@imbria.com,https://www.linkedin.com/company/imbria,+1 617 675 4060,2025-11-17,Series B,,,
Revero,https://www.crunchbase.com/organization/revero,"Artificial Intelligence (AI), Data and Analytics, Health Care, Mobile, Software",1-10,"Health Care, Machine Learning, Medical, mHealth, Precision Medicine, Telehealth","San Francisco, California, United States","Digital health clinic, treating chronic disease with personalized medical care, nutrition therapy, and daily biomarker tracking.","10,235",,"8,833",https://revero.com,,https://www.linkedin.com/company/revero/,,2025-12-23,Equity Crowdfunding,1262624,USD,1262624
JotPsych,https://www.crunchbase.com/organization/jotpsych,"Administrative Services, Artificial Intelligence (AI), Data and Analytics, Health Care, Science and Engineering, Software",1-10,"Artificial Intelligence (AI), Document Preparation, Health Care, Therapeutics","Cleveland, Ohio, United States","JotPsych provides AI-driven medical documentation for behavioral health, focusing on accurate, HIPAA-compliant notes.","10,260",,"8,854",https://www.jotpsych.com,contact@jotpsych.com,https://www.linkedin.com/company/smartscribehealth,+1 216-313-0125,2025-07-29,Seed,5000000,USD,5000000
Annovis Bio,https://www.crunchbase.com/organization/qr-pharma,"Biotechnology, Health Care, Science and Engineering, Software",1-10,"Biotechnology, Developer Platform, Therapeutics","Berwyn, Pennsylvania, United States","Annovis Bio develops novel treatments for Alzheimer’s disease, Parkinson’s disease, and other neurodegenerative disorders.","10,275",,"8,867",http://annovisbio.com/,info@annovisbio.com,https://www.linkedin.com/company/annovis-bio-inc,(610)727-3913,2026-04-09,Post-IPO Equity,10000000,USD,10000000
Othership,https://www.crunchbase.com/organization/othership-f195,"Health Care, Sports",1-10,"Fitness, Psychology, Recreation, Wellness","Toronto, Ontario, Canada",Othership provides emotional wellness service through social bathhouse experiences and a breathwork.,"10,329",,"8,920",https://www.othership.us/,,https://www.linkedin.com/company/othershipus/,+1 416-361-0101,2025-07-04,Series A,11300000,USD,11300000
Inmedix,https://www.crunchbase.com/organization/inmedix,"Biotechnology, Health Care, Science and Engineering",1-10,"Biotechnology, Health Care, Therapeutics","Seattle, Washington, United States",Inmedix brings cloud-based clinical diagnostics and immuno-autonomics to medicine to improve outcomes in autoimmune diseases and beyond.,"10,334",,"8,925",https://inmedix.com/,andrew.holman@inmedix.com,http://www.linkedin.com/in/AndrewJHolman,206-412-5347,2024-11-01,Venture - Series Unknown,720000,USD,720000
BetterAge,https://www.crunchbase.com/organization/betterage,"Data and Analytics, Health Care, Software",1-10,"Analytics, Elder Care, Health Care, Software, Wellness","Sunnyside, New York, United States","BetterAge provides a personalized, web-based program to help individuals improve health and well-being.","10,337",,"8,928",https://betterage.net,contact@betterage.net,https://www.linkedin.com/company/betterage,(888) 556-2236,2025-09-26,Grant,3000000,USD,3000000
Deliberate AI,https://www.crunchbase.com/organization/deliberate,"Biotechnology, Health Care, Science and Engineering",1-10,"Biopharma, Clinical Trials, Health Care, Medical Device, Neuroscience","New York, New York, United States",Ambient Multimodal AI for Mental Health,"10,344",,"8,935",https://www.deliberate.ai,info@deliberate.ai,https://www.linkedin.com/company/deliberate-ai,,2025-02-21,Seed,,,
Blackbird Health,https://www.crunchbase.com/organization/blackbird-health-2,"Health Care, Information Technology",1-10,"Health Care, Information Technology, Medical, Wellness","Pittsburgh, Pennsylvania, United States","Blackbird Health is a mental health clinic that supports children and young adults facing social, developmental, and academic difficulties.","10,362",,"8,949",https://blackbirdhealth.com,info@blackbirdhealth.com,https://www.linkedin.com/company/blackbird-health,,2024-02-21,Series A,17000000,USD,17000000
BrainSpace,https://www.crunchbase.com/organization/brainspace-d6c9,Health Care,1-10,"Health Care, Medical, Medical Device","Bothell, Washington, United States","BrainSpace protects the brain and spine after trauma, surgery, or neurodegeneration.","10,400",,"8,984",https://www.brainspacemed.com/,,https://www.linkedin.com/company/brainspacemedical/,,2026-02-02,Debt Financing,1025000,USD,1025000
Mercurial AI Inc.,https://www.crunchbase.com/organization/mercurial-ai,"Artificial Intelligence (AI), Data and Analytics, Hardware, Health Care, Science and Engineering, Software",1-10,"Artificial Intelligence (AI), Computer Vision, Health Care, Machine Learning","Chicago, Illinois, United States",Revolutionizing healthcare with cutting-edge AI solutions,"10,448",,"9,028",https://mercurial-ai.com,contact@mercurial-ai.com,https://www.linkedin.com/company/mercurial-ai/,5059279576,2025-01-01,Seed,100000,USD,100000
Swarm Oncology,https://www.crunchbase.com/organization/swarm-oncology,"Biotechnology, Health Care, Science and Engineering",1-10,"Biotechnology, Life Science, Therapeutics","London, England, United Kingdom",Swarm Oncology is a biotechnology company that develops novel T cell therapies for cancer patients.,"10,570",,"9,146",https://swarmoncology.bio,info@swarmoncology.bio,https://www.linkedin.com/company/swarmoncology/,,2026-03-05,Seed,6100000,GBP,8138520
AGAPÉ,https://www.crunchbase.com/organization/agapé-5d2a,"Health Care, Information Technology, Software",1-10,"Developer Platform, Health Care, Information Services, Information Technology, Software, Wellness","Rochester, New York, United States",AGAPÉ provides a relationship wellness platform designed to spark meaningful conversation.,"10,585",,"9,158",https://www.getdailyagape.com,info@theagapeapp.com,https://www.linkedin.com/company/theagapeapp,(585) 376-1750,2022-10-20,Grant,1000000,USD,1000000
Clayful,https://www.crunchbase.com/organization/clayful-ebb6,"Apps, Community and Lifestyle, Education, Health Care, Mobile, Software",1-10,"Children, E-Learning, Mental Health, Mobile Apps, Wellness","Davie, Florida, United States",Preventative mental health support for the TikTok generation.,"10,677",,"9,241",https://www.clayfulhealth.com,hello@clayfulhealth.com,https://www.linkedin.com/company/clayful,,2023-11-30,Seed,7000000,USD,7000000
Tacit Therapeutics,https://www.crunchbase.com/organization/tacit-therapeutics,"Biotechnology, Health Care, Science and Engineering",1-10,"Biotechnology, Genetics, Health Care, Medical","South San Francisco, California, United States",Tacit Therapeutics created RNA-targeting treatments for devastating diseases.,"10,739",,"9,301",https://tacittx.com/,,https://www.linkedin.com/company/tacit-therapeutics/,,2026-03-09,Series A,19000000,USD,19000000
Cinclus Pharma,https://www.crunchbase.com/organization/cinclus-pharma-ag,"Biotechnology, Health Care, Science and Engineering",1-10,"Biotechnology, Clinical Trials, Health Care, Pharmaceutical","Mölndal, Vastra Gotaland, Sweden",Cinclus Pharma is a research based biotech company.,"10,746",,"9,308",http://www.cincluspharma.com/,,https://www.linkedin.com/company/cincluspharma,,2026-03-13,Post-IPO Debt,8000000,EUR,9201695
MedWatch Technologies,https://www.crunchbase.com/organization/medwatch-technologies,"Health Care, Software",1-10,"Health Care, Medical Device, SaaS","Las Vegas, Nevada, United States",MedWatch Technologies is a medical device and SaaS company that specializes in health monitoring and management technology solutions.,"10,798",,"9,352",https://medwatchtech.com,info@medwatchtech.com,http://www.linkedin.com/company/medwatchtechnologies,,2026-01-14,Series A,17550969,USD,17550969
Mindday,https://www.crunchbase.com/organization/mindday,Health Care,1-10,"Health Care, Wellness","Paris, Ile-de-France, France","Mindday provides programs, activities, content and tools as well as certified professionals.","10,854",,"9,403",https://www.mindday.com/,,https://www.linkedin.com/company/mindday,,2026-03-24,Seed,2000000,EUR,2322751
Sonar,https://www.crunchbase.com/organization/sonar-ace8,Health Care,1-10,"Health Care, Mental Health, Personal Health","Mill Valley, California, United States",Sonar is a healthcare company focusing on the proactive identification and intervention of mental health challenges in youth.,"10,895",,"9,442",https://www.sonarmentalhealth.com,support@sonarmentalhealth.com,https://www.linkedin.com/company/sonar-mental-health,,2025-02-24,Pre-Seed,2400000,USD,2400000
Pharaoh Neuro,https://www.crunchbase.com/organization/exergy-international-9489,"Health Care, Manufacturing",1-10,"Manufacturing, Medical, Medical Device","Minneapolis, Minnesota, United States",Pharaoh Neuro develops a neurapheresis cerebrospinal fluid management system for neurological patients.,"10,968",,"9,509",https://pharaohneuro.com,info@pharaohneuro.com,https://www.linkedin.com/company/pharaohneuro/,+1 612 900 2099,2026-02-18,Series A,20000000,USD,20000000
Catch Bio,https://www.crunchbase.com/organization/catch-bio,Health Care,1-10,"Health Care, Medical, Personal Health","Chicago, Illinois, United States",Catch Bio maps risk factors for every major cancer and builds an optimal screening protocol and personalized action plan.,"10,993",,"9,533",https://www.catchbio.com/,,https://www.linkedin.com/company/catchlabs/,1 612-201-8816,2026-03-30,Seed,750000,USD,750000
Jinko,https://www.crunchbase.com/organization/jinko-4211,Health Care,1-10,"Health Care, Hospital, Medical","Saint-denis-de-pile, Aquitaine, France",Jinko provides tailored supportive care to those impacted by cancer.,"11,032",,"9,569",https://www.jinko.care/,contact@jinko.care,https://www.linkedin.com/company/jinko-care/,+33 06 60 40 71 66,2024-09-17,Seed,1400000,EUR,1557097
Future Cardia,https://www.crunchbase.com/organization/future-cardia,"Health Care, Manufacturing",1-10,"Health Care, Manufacturing, Medical, Medical Device, Precision Medicine","Houston, Texas, United States",Future Cardia is a healthcare company that is developing a compact cardiac device.,"11,111",,"9,644",https://futurecardia.com,jaeB@FutureCardia.Com,https://www.linkedin.com/company/oracle-health,1 7274703466,2025-06-20,Equity Crowdfunding,2742609,USD,2742609
Model Medicines,https://www.crunchbase.com/organization/model-medicines,"Artificial Intelligence (AI), Biotechnology, Data and Analytics, Health Care, Science and Engineering, Software",1-10,"Artificial Intelligence (AI), Biotechnology, Machine Learning, Medical, Pharmaceutical","La Jolla, California, United States",Model Medicines uses human expertise and AI to accelerate the development of life-changing drugs at scale.,"11,206",,"9,731",https://www.modelmedicines.com,press@modelmedicines.com,https://www.linkedin.com/company/modelmedicines,+1 732-423-2763,2025-11-14,Venture - Series Unknown,3260000,USD,3260000
Apimeds Pharmaceuticals,https://www.crunchbase.com/organization/apimeds-pharmaceuticals,"Biotechnology, Health Care, Science and Engineering",1-10,"Biotechnology, Health Care, Pharmaceutical","Matawan, New Jersey, United States",Apimeds Pharmaceuticals is a company that develops therapeutic application solutions for honeybee venom used for inflammatory conditions.,"11,244",,"9,768",https://www.apimedsus.com/,info@apimedsus.com,https://www.linkedin.com/company/apimeds-pharma-us/,+1 808-209-7887,2025-12-01,Post-IPO Equity,100000000,USD,100000000
Wear-Tech,https://www.crunchbase.com/organization/wearable-technologies-42d6,"Artificial Intelligence (AI), Community and Lifestyle, Data and Analytics, Government and Military, Health Care, Mobile, Platforms, Professional Services, Software",1-10,"Consulting, Elder Care, Family, Health Care, Home Health Care, iOS, Personal Health, Predictive Analytics, Public Safety, Wellness","Hartland, Wisconsin, United States",Wear-Tech helps senior living providers improve resident safety and proactive care with connected monitoring and AI-enabled insights.,"11,267",,"9,789",https://wear-tech.com,info@wear-tech.com,https://www.linkedin.com/company/wear-tech,414-567-8500,2025-12-19,Seed,610000,USD,610000
Therna Biosciences,https://www.crunchbase.com/organization/therna-biosciences,"Biotechnology, Health Care, Science and Engineering",1-10,"Biotechnology, Medical, Therapeutics","San Francisco, California, United States",Therna Biosciences is a medicines development company that specializes in designing RNA therapeutics programme.,"11,282",,"9,803",https://www.therna.com/,,https://www.linkedin.com/company/therna-bio/,,2025-08-26,Seed,10000000,USD,10000000
MedicubeX,https://www.crunchbase.com/organization/medicubex,"Artificial Intelligence (AI), Data and Analytics, Health Care, Software",1-10,"Health Care, Health Diagnostics, Machine Learning, Medical, Medical Device","Helsinki, Southern Finland, Finland",Autonomous medical check-ups and AI-powered disease risk prediction.,"11,286",,"9,807",https://www.medicubex.com/,info@medicubex.com,https://www.linkedin.com/company/medicubex/,+358443001617,2025-11-06,Equity Crowdfunding,3376800,EUR,3899753
XRlabs,https://www.crunchbase.com/organization/xarlabs,"Artificial Intelligence (AI), Data and Analytics, Hardware, Health Care, Science and Engineering, Software",1-10,"Artificial Intelligence (AI), Augmented Reality, Clinical Trials, Computer Vision, Health Care","London, England, United Kingdom",Where Surgical Intelligence Meets Extended Reality,"11,300",,"9,817",https://www.xrlabs.ai/,general@xrlabs.ai,https://www.linkedin.com/company/xrlabs-ai/,,2025-02-10,Pre-Seed,2300000,USD,2300000
Tombot,https://www.crunchbase.com/organization/tombot,"Consumer Electronics, Hardware, Health Care, Science and Engineering, Software",1-10,"Assisted Living, Assistive Technology, Electronics, Home Health Care, Medical Device, Personal Health, Robotics","Santa Clarita, California, United States","Tombot develops robotic animals that transform the daily life of individuals, families and communities facing health adversities.","11,304",,"9,821",https://www.tombot.com,tom.stevens@tombot.com,https://www.linkedin.com/company/tombot,+818-294-2050,2025-06-12,Series A,6100000,USD,6100000
MentalHappy,https://www.crunchbase.com/organization/mentalhappy,Health Care,1-10,"Health Care, Mental Health, Wellness","San Francisco, California, United States","MentalHappy is the social network designed to help people of all races, genders and economic statuses find positive peer support","11,306",,"9,823",https://www.mentalhappy.com,hi@mentalhappy.com,https://www.linkedin.com/company/mentalhappy/,,2024-08-06,Venture - Series Unknown,500000,USD,500000
Lucis,https://www.crunchbase.com/organization/lucis-c75c,"Artificial Intelligence (AI), Data and Analytics, Health Care, Science and Engineering, Software",1-10,"Artificial Intelligence (AI), Consumer Software, Health Care, Medical, Personal Health","Artannes-sur-indre, Centre, France",Lucis provides a health technology platform focused on biological age measurement using advanced diagnostics and data analysis.,"11,389",,"9,899",https://www.lucis.life,founders@lucis.life,https://www.linkedin.com/company/lucis-life,,2025-12-16,Seed,7200000,EUR,8459471
Daymark Health,https://www.crunchbase.com/organization/daymark-health,Health Care,1-10,"Health Care, Medical, Wellness","San Francisco, California, United States","Daymark Health is a value-based oncology company redefining the cancer care experience for patients, providers, and health plans.","11,394",,"9,903",https://www.daymarkhealth.com,hello@daymarkhealth.com,https://www.linkedin.com/company/daymarkhealth,,2025-09-25,Series A,20000000,USD,20000000
Synchrony Medical,https://www.crunchbase.com/organization/synchrony-medical,Health Care,1-10,"Health Care, Medical, Medical Device","Or Yehuda, Tel Aviv, Israel","Synchrony Medical is a clinical stage medical device company developing a next generation, home-use, airway clearance system","11,414",,"9,920",https://synchrony-medical.com/,info@synchrony-medical.com,https://www.linkedin.com/company/synchronymedical/,,2026-02-18,Venture - Series Unknown,5000000,USD,5000000
BrightHeart,https://www.crunchbase.com/organization/brightheart-85ba,"Artificial Intelligence (AI), Data and Analytics, Health Care, Science and Engineering, Software",1-10,"Artificial Intelligence (AI), Health Care, Medical, Medical Device","Paris, Ile-de-France, France",BrightHeart is a medical technology startup that is developing artificial intelligence software.,"11,422",,"9,928",https://www.brightheart.fr,contact@brightheart.fr,https://www.linkedin.com/company/brightheart,,2026-01-08,Series A,11000000,EUR,12841151
Exciva,https://www.crunchbase.com/organization/exciva,"Biotechnology, Health Care, Science and Engineering",1-10,"Biotechnology, Health Care, Pharmaceutical","Heidelberg, Baden-Wurttemberg, Germany",Exciva develops clinical-stage biopharmaceutical therapies focused on addressing neuropsychiatric symptoms associated with dementia.,"11,466",,"9,969",http://www.exciva.com,,https://www.linkedin.com/company/exciva,,2026-01-20,Series B,51000000,EUR,59408086
Surf Therapeutics,https://www.crunchbase.com/organization/surf-therapeutics,Health Care,1-10,"Health Care, Medical","Austin, Texas, United States",Surf Therapeutics is a clinical-stage firm leading the development of non-invasive ultrasound neuromodulation technology.,"11,477",,"9,979",https://www.surftherapeutics.com/,,https://www.linkedin.com/company/surf-therapeutics/,,2026-03-17,Seed,6000000,USD,6000000
Neurovalens,https://www.crunchbase.com/organization/neurovalens,"Biotechnology, Health Care, Science and Engineering",1-10,"Biotechnology, Health Care, Life Science, Neuroscience","Belfast, Belfast, United Kingdom","Neurovalens delivers innovative solutions in the field of neuroscience, bioscience and neurophysiology","11,483",,"9,984",http://neurovalens.com/,,https://www.linkedin.com/company/neurovalens,,2025-08-19,Venture - Series Unknown,5000000,GBP,6742461
Hope Medicine,https://www.crunchbase.com/organization/hope-medicine,Health Care,1-10,"Health Care, Medical","Nanjing, Jiangsu, China",Hope Medicine is a science-driven clinical stage biopharmaceutical company,"11,568",,"10,059",http://hopemedinc.com/,,,,2024-09-27,Series B,18490000,USD,18490000
Tonic Health,https://www.crunchbase.com/organization/tonic-nutrition,"Commerce and Shopping, Food and Beverage, Health Care",1-10,"E-Commerce, Food and Beverage, Health Care, Nutrition, Retail, Wellness","London, England, United Kingdom",Tonic Health is a natural product designed to support the immune system.,"11,605",,"10,091",https://www.tonichealth.co/,hello@tonichealth.co,https://www.linkedin.com/company/tonichealthco/about/,+44 7862136508,2025-07-01,Series A,3000000,GBP,4123751
Pulse,https://www.crunchbase.com/organization/pulse-c26d,"Health Care, Manufacturing",1-10,"Manufacturing, Medical","Bangalore, Karnataka, India",Pulse focuses on low and mid-complexity medical equipment and consumables categories.,"11,652",,"10,134",https://pulseio.in/,info@pulseio.in,https://www.linkedin.com/company/pulseiomed/,+91 9899554722,2026-02-25,Seed,4000000,USD,4000000
betterhood,https://www.crunchbase.com/organization/betterhood,Health Care,1-10,"Health Care, Personal Health","Bengaluru, Karnataka, India","betterhood is an Indian wellness brand providing products for pain relief, posture support, and active living.","11,720",,"10,196",https://betterhood.in/,care@betterhood.in,https://www.linkedin.com/company/betterhood-in,08484805885,2026-03-16,Seed,50000000,INR,540743
Spotlight Pathology,https://www.crunchbase.com/organization/spotlight-pathology,"Artificial Intelligence (AI), Data and Analytics, Health Care, Science and Engineering, Software",1-10,"Artificial Intelligence (AI), Medical","Manchester, Manchester, United Kingdom",Spotlight Pathology develops decision support tools powered by artificial intelligence (AI) to help in the diagnosis of blood cancers.,"11,743",,"10,217",https://www.spotlightpathology.com,,https://www.linkedin.com/company/spotlight-pathology,,2026-03-11,Seed,1400000,GBP,1875871
SoHookd,https://www.crunchbase.com/organization/sohookd,"Commerce and Shopping, Health Care, Sports",1-10,"E-Commerce, Fitness, Health Care, Sports","Washington, District of Columbia, United States",SoHookd is a health-oriented curated marketplace offering wellness experiences and products.,"11,754",,"10,228",http://www.sohookd.com,hello@sohookd.com,https://www.linkedin.com/company/sohookd,917-562-1534,2022-12-14,Seed,1600000,USD,1600000
Injewelme,https://www.crunchbase.com/organization/injewelme,"Artificial Intelligence (AI), Data and Analytics, Health Care, Science and Engineering, Software",1-10,"Artificial Intelligence (AI), Health Care, Wellness","Seoul, Seoul-t'ukpyolsi, South Korea",Injewelme is an artificial intelligence health management platform.,"11,825",,"10,293",https://www.injewelme.com,help@injewelme.com,https://www.linkedin.com/company/injewelme,,2026-04-08,Venture - Series Unknown,1200000,USD,1200000
Hoth Therapeutics,https://www.crunchbase.com/organization/hoth-therapeutics,"Biotechnology, Health Care, Science and Engineering",1-10,"Biotechnology, Health Care, Hospital, Medical","New York, New York, United States",Hoth Therapeutics is a clinical-stage biopharmaceutical company focusing on developing new therapies for dermatological disorders.,"11,845",,"10,313",https://www.hoththerapeutics.com,,https://www.linkedin.com/company/hoth-therapeutics-inc,,2026-04-01,Post-IPO Equity,2000000,USD,2000000
Vella Bioscience,https://www.crunchbase.com/organization/vella-bioscience,Health Care,1-10,"Health Care, Wellness","Worcester, Massachusetts, United States",Vella Bioscience is a health-tech company dedicated to sexually empowering every woman.,"11,851",,"10,319",https://vellabio.com/,,https://www.linkedin.com/company/vella-bioscience-inc/,,2025-03-25,Non-equity Assistance,,,
Proper,https://www.crunchbase.com/organization/proper-c2b9,"Food and Beverage, Health Care",1-10,"Dietary Supplements, Health Care, Personal Health, Wellness","New York, New York, United States",Proper offers natural sleep supplements and sleep coaching to help consumers improve their long-term sleep health.,"11,896",,"10,362",https://www.getproper.com,nancy@getproper.com,https://www.linkedin.com/company/properlabs,,2020-07-24,Venture - Series Unknown,9500000,USD,9500000
Vdyne,https://www.crunchbase.com/organization/vdyne,"Biotechnology, Health Care, Science and Engineering",1-10,"Biotechnology, Health Care, Medical, Pharmaceutical","Maple Grove, Minnesota, United States",Vdyne is a medical device company developing several devices including a tricuspid replacement valve and repair technology.,"11,910",,"10,376",https://www.vdyne.com/,,,(763) 777-5969,2020-12-18,Series C,8000001,USD,8000001
Clear,https://www.crunchbase.com/organization/clear-5ef7,"Artificial Intelligence (AI), Data and Analytics, Health Care, Science and Engineering, Software, Sports",1-10,"Artificial Intelligence (AI), Fitness, Personal Health, Wellness","Amsterdam, Noord-Holland, The Netherlands",Clear measures blood glucose levels in real-time using an implanted arm patch and an app.,"11,982",,"10,438",https://www.clear.bio,info@theclearhealthprogram.com,https://nl.linkedin.com/company/programclear,+31 6 27920093,2025-09-29,Venture - Series Unknown,1700000,EUR,1994210
Surf Bio,https://www.crunchbase.com/organization/surf-bio,"Biotechnology, Health Care, Science and Engineering",1-10,"Biotechnology, Oncology, Pharmaceutical, Therapeutics","Palo Alto, California, United States","Surf Bio develops therapeutic solutions for diabetes, oncology, infectious diseases, and gene therapy.","12,047",,"10,495",https://www.surf.bio/,,https://www.linkedin.com/company/surf-bio/,,2024-04-30,Grant,1600000,USD,1600000
Century Health,https://www.crunchbase.com/organization/century-health,"Artificial Intelligence (AI), Biotechnology, Data and Analytics, Health Care, Science and Engineering, Software",1-10,"Artificial Intelligence (AI), Data Management, Health Care, Life Science","New York, New York, United States",Century Health accelerates drug development and commercialization by applying AI to real-world clinical data.,"12,098",,"10,541",https://century.health,contact@century.health,https://www.linkedin.com/company/centuryhealth,,2024-03-27,Pre-Seed,2000000,USD,2000000
Arbital Health,https://www.crunchbase.com/organization/arbital-health,Health Care,1-10,"Health Care, Medical, Wellness","Santa Rosa, California, United States",Arbital Health provides neutral adjudication services for outcomes-based healthcare contracts.,"12,104",,"10,547",https://www.arbitalhealth.com,info@arbitalhealth.com,https://www.linkedin.com/company/arbital-health,+1 858 229-9357,2025-07-29,Series B,31000000,USD,31000000
Parcel Health,https://www.crunchbase.com/organization/parcel-health,"Health Care, Sustainability, Transportation",1-10,"Health Care, Logistics, Pharmaceutical, Supply Chain Management, Sustainability","Pittsburgh, Pennsylvania, United States","We're on a mission to reduce plastic in healthcare supply chains, starting with prescription pill bottles.","12,176",,"10,611",http://www.parcelhealth.co,team@parcelhealth.co,https://www.linkedin.com/company/parcelhealth/,,2025-09-18,Seed,1335000,USD,1335000
Bloomi,https://www.crunchbase.com/organization/the-bloomi,"Commerce and Shopping, Consumer Goods, Health Care",1-10,"Consumer Goods, E-Commerce, Health Care","Oakland, California, United States",Bloomi is a wellness company that is transforming the intimacy category by bridging accessible products and education.,"12,216",,"10,649",https://thebloomi.com/,info@thebloomi.com,https://www.linkedin.com/company/the-bloomi/,,2022-03-01,Seed,2000000,USD,2000000
Granata Bio,https://www.crunchbase.com/organization/granata-bio,"Biotechnology, Health Care, Science and Engineering",1-10,"Biotechnology, Fertility, Health Care, Therapeutics","Duxbury, Massachusetts, United States",Granata Bio is a biotechnology company developing therapeutic solutions to address infertility and improve women's reproductive health.,"12,229",,"10,661",https://www.granata.bio,info@granata.bio,https://www.linkedin.com/company/granatabio,,2025-05-13,Corporate Round,,,
BOOST Pharma,https://www.crunchbase.com/organization/boost-pharma,"Biotechnology, Health Care, Science and Engineering",1-10,"Biopharma, Biotechnology, Medical, Therapeutics","Copenhagen, Hovedstaden, Denmark",BOOST Pharma develops a stem cell therapy for the treatment of osteogenesis imperfecta.,"12,241",,"10,673",https://boostpharma.com/,info@boostpharma.com,https://www.linkedin.com/company/boost-pharma-aps/,,2025-11-03,Venture - Series Unknown,34000000,SEK,3583638
D3 Bio,https://www.crunchbase.com/organization/d3-bio,"Biotechnology, Health Care, Science and Engineering",1-10,"Biotechnology, Life Science, Pharmaceutical","Wuxi Shi, Jiangsu, China",D3 Bio is a biotechnology company focusing on the development and registration of medicines.,"12,313",,"10,740",https://www.d3bio.com,bd@d3bio.com,https://www.linkedin.com/company/d3bio,,2025-12-09,Series B,108000000,USD,108000000
Viora Health,https://www.crunchbase.com/organization/viora-health,"Apps, Food and Beverage, Health Care, Other, Social Impact, Software",1-10,"Apps, Health Care, Nutrition, Social Impact, Wellness","Philadelphia, Pennsylvania, United States",Viora Health is a tech-enabled human centered program that wraps around the care management to engage patients in their own communities,"12,331",,"10,757",https://viorahealth.com,info@viorahealth.com,https://www.linkedin.com/company/viorahealth,,2023-09-05,Grant,941000,USD,941000
One Health Group,https://www.crunchbase.com/organization/one-health-group,"Artificial Intelligence (AI), Data and Analytics, Health Care, Science and Engineering, Software",1-10,"Artificial Intelligence (AI), Health Care, Medical Device, Wellness","Cazenovia, New York, United States",One Health Group develops a health assessment platform that uses intelligent sensors and artificial intelligence for health information.,"12,352",,"10,777",https://www.onehealthgroup.com/,info@ohgcorp.com,https://www.linkedin.com/company/one-health-group-corp/,3158154483,2024-08-01,Seed,500000,USD,500000
Judo Bio,https://www.crunchbase.com/organization/judo-bio,"Biotechnology, Health Care, Science and Engineering",1-10,"Biotechnology, Life Science, Medical, Therapeutics","Cambridge, Massachusetts, United States",Judo Bio is a biotechnology company that develops precision therapeutics targeting specific cell populations to address genetic diseases.,"12,385",,"10,805",https://judo.bio,,https://www.linkedin.com/company/judobio,,2024-10-07,Series A,75000000,USD,75000000
Roshi,https://www.crunchbase.com/organization/roshi-solutions-inc,"Community and Lifestyle, Data and Analytics, Food and Beverage, Health Care, Information Technology, Software, Transportation",1-10,"Analytics, Cannabis, Enterprise Software, Information Technology, Logistics, SaaS, Software, Supply Chain Management","Oakland, California, United States",Roshi is a software company that offers purpose-built inventory management solution for cannabis operators.,"12,428",,"10,845",https://www.roshi.me,engage@roshi.me,https://www.linkedin.com/company/roshi-solutions/,415-493-8308,2020-02-05,Seed,2400000,USD,2400000
Ernexa Therapeutics,https://www.crunchbase.com/organization/brooklyn-immunotherapeutics,"Biotechnology, Health Care, Science and Engineering",1-10,"Biotechnology, Health Care, Pharmaceutical, Therapeutics","Cambridge, Massachusetts, United States",Ernexa Therapeutics is a biopharmaceutical firm in the clinical stages that researches and develops innovative cytokine-based therapies.,"12,465",,"10,879",https://www.ernexatx.com/,,,(212)-582-1199,2025-04-03,Post-IPO Equity,7250000,USD,7250000
KinetikIQ,https://www.crunchbase.com/organization/precision-sports-technology,"Artificial Intelligence (AI), Data and Analytics, Hardware, Health Care, Science and Engineering, Software, Sports",1-10,"Artificial Intelligence (AI), Computer Vision, Fitness, Machine Learning, Software, Sports, Wellness","Galway, Galway, Ireland","KinetikIQ specializes in advanced motion capture tech for athletic performance and health, previously known as Precision Sports Technology","12,550",,"10,960",https://www.kinetikiq.com/,hello@kinetikiq.com,https://www.linkedin.com/company/77766112,,2025-11-04,Seed,,,
Cake,https://www.crunchbase.com/organization/my-exit-strategy,"Apps, Artificial Intelligence (AI), Data and Analytics, Health Care, Information Technology, Internet Services, Media and Entertainment, Science and Engineering, Software",1-10,"Apps, Artificial Intelligence (AI), Health Care, Information Technology, Internet, Social Media","Cambridge, Massachusetts, United States",Cake offers a library of resources and interactive tools that use AI and data science to help consumers.,"12,556",,"10,966",https://www.joincake.com/,support@joincake.com,https://www.linkedin.com/company/joincake,,2024-07-11,Seed,125000,USD,125000
RubyWell,https://www.crunchbase.com/organization/rubywell,"Financial Services, Health Care",1-10,"Financial Services, FinTech, Health Care","New York, New York, United States",RubyWell is an intelligent and automated guide that helps family caregivers regain financial stability.,"12,562",,"10,972",https://www.rubywell.com/,,https://www.linkedin.com/company/rubywell/,+1 646-978-559,2025-11-01,Seed,,,
ImmunoVec,https://www.crunchbase.com/organization/immunovec,"Biotechnology, Health Care, Science and Engineering",1-10,"Biotechnology, Genetics, Health Care, Medical","Santa Monica, California, United States",ImmunoVec develops gene therapy treatments to cure terminal genetic diseases of the immune system.,"12,566",,"10,976",https://www.immunovec.com/,,,,2025-09-22,Grant,40700000,USD,40700000
Conexeu Sciences Inc.,https://www.crunchbase.com/organization/conexeu,"Biotechnology, Health Care, Science and Engineering",1-10,"Biopharma, Biotechnology, Life Science","Reno, Nevada, United States","Medical Aesthetics, Longevity, Anti-Aging, Regenerative Medicine, Wound Care, Human Collagen","12,580",,"10,989",https://www.conexeu.com,davidbogart@conexeu.com,https://www.linkedin.com/company/conexeu-sciences-inc,702-513-8856,2025-11-12,Venture - Series Unknown,5748745,USD,5748745
Almond,https://www.crunchbase.com/organization/almond-b588,"Community and Lifestyle, Health Care",1-10,"Health Care, Medical, Personal Health, Telehealth, Women's","Los Angeles, California, United States",Almond is a mobile platform that provides telehealth and in-person services for women's obstetrics and gynecology care.,"12,620",,"11,025",https://almondobgyn.com,hello@almondobgyn.com,https://www.linkedin.com/company/almond-obgyn,+1 424-237-8406,2022-11-22,Seed,7000000,USD,7000000
Ena Respiratory,https://www.crunchbase.com/organization/innavac,"Biotechnology, Health Care, Science and Engineering",1-10,"Biotechnology, Health Diagnostics, Medical","Melbourne, Victoria, Australia",Ena Respiratory researches and develops solutions to transform the treatment and prevention of respiratory infections.,"12,622",,"11,027",https://enarespiratory.com/,info@innavac.com,https://www.linkedin.com/company/6578468/,,2025-10-22,Series B,22400000,USD,22400000
Inflow,https://www.crunchbase.com/organization/inflow-605b,"Health Care, Mobile",1-10,"Health Care, mHealth, Wellness","London, England, United Kingdom",Inflow develops a science-based digital program intended to manage ADHD.,"12,634",,"11,039",https://www.getinflow.io,hello@getinflow.io,https://www.linkedin.com/company/getinflow/about,,2023-01-11,Series A,11000000,USD,11000000
Lanyard Health,https://www.crunchbase.com/organization/lanyard-health,"Artificial Intelligence (AI), Data and Analytics, Health Care, Science and Engineering, Software",1-10,"Artificial Intelligence (AI), Health Care, Medical, Mental Health, Software","Houston, Texas, United States","Lanyard Health is a provider data, provider enrollment and credentialing platform.","12,715",,"11,112",https://www.lanyardhealth.com,operations@lanyardhealth.com,https://www.linkedin.com/company/lanyardhealth/,3024404147,2025-06-17,Pre-Seed,150000,USD,150000
Emagine Solutions Technology,https://www.crunchbase.com/organization/emagine-solutions-technology,"Health Care, Mobile, Software",1-10,"Health Care, Medical, Mobile, Software","Tucson, Arizona, United States",Tackling the U.S. maternal health crisis with remote patient monitoring for pregnancy care to improve outcomes.,"12,752",,"11,147",http://www.emaginesolutionstech.com,info@emaginesolutionstech.com,https://www.linkedin.com/company/emagine-solutions-technology/,888-345-1115,2026-03-24,Grant,250000,USD,250000
The Beans,https://www.crunchbase.com/organization/the-beans,"Financial Services, Health Care",1-10,"Finance, Financial Services, FinTech, Wealth Management, Wellness","San Francisco, California, United States",The Beans offers a software application platform that creates personalized cash flow plans designed for its users.,"12,784",,"11,177",https://www.thebeans.io/,hello@thebeans.io,https://www.linkedin.com/company/the-beans/,,2025-10-14,Seed,5400000,USD,5400000
Flora,https://www.crunchbase.com/organization/flora-fertility,"Financial Services, Health Care",1-10,"Fertility, Health Care, Insurance","Calgary, Alberta, Canada",Flora is the first to provide individually owned insurance for fertility and women's health.,"12,788",,"11,181",https://www.heyflora.co,christy@heyflora.co,https://www.linkedin.com/company/heyflora,,2026-04-07,Seed,5000000,USD,5000000
Elly,https://www.crunchbase.com/organization/elly-health,"Apps, Health Care, Information Technology, Software",1-10,"Apps, Health Care, Information Technology","Los Angeles, California, United States",Elly is the world's first empathetic audio companion for patients living with a chronic disease.,"12,827",,"11,217",https://www.ellyhealth.com,hello@ellyhealth.com,https://www.linkedin.com/company/ellyhealthinc,+1 747-282-4457,2022-03-25,Venture - Series Unknown,,,
H100 Group,https://www.crunchbase.com/organization/h100-group,"Artificial Intelligence (AI), Health Care, Internet Services",1-10,"Generative AI, Health Care, Internet","Stockholm, Stockholms Lan, Sweden","H100 is a data-driven, scalable model to optimize user health journeys by integrating digital health services.","12,841",,"11,230",https://www.h100.group/,info@h100.group,https://www.linkedin.com/company/h100group/,,2025-07-28,Post-IPO Equity,109000000,SEK,11345084
Kairos Pharma,https://www.crunchbase.com/organization/kairos-pharma,"Biotechnology, Health Care, Science and Engineering",1-10,"Biotechnology, Pharmaceutical, Therapeutics","Los Angeles, California, United States",Kairos Pharma is a clinical-stage biopharmaceutical company focused on cancer immunotherapy and drug resistance.,"12,884",,"11,269",https://kairospharma.com,info@kairospharma.com,https://www.linkedin.com/company/kairospharmaltd,,2026-01-12,Post-IPO Equity,75000000,USD,75000000
M7 Health,https://www.crunchbase.com/organization/m7-health,"Health Care, Information Technology, Software",1-10,"Health Care, Scheduling, Software","New York, New York, United States",M7 Health is a scheduling software that provides workforce management solutions for healthcare industries.,"12,886",,"11,271",https://www.m7health.com,info@m7health.com,https://www.linkedin.com/company/m7health,,2025-07-15,Series A,10000000,USD,10000000
Kyron.bio,https://www.crunchbase.com/organization/kyron-bio,"Biotechnology, Health Care, Science and Engineering",1-10,"Biotechnology, Health Care, Medical","Faubourg Saint-jacques, Bourgogne, France",Kyron.bio uses the power of glycan alterations to enable improved protein therapies.,"12,914",,"11,297",https://www.kyron.bio/,hello@kyron.bio,https://www.linkedin.com/company/kyron-bio/,,2025-05-28,Seed,5500000,EUR,6175640
Sportl,https://www.crunchbase.com/organization/sportl,"Apps, Education, Health Care, Software, Sports",1-10,"Apps, Fitness, Training, Wellness","London, England, United Kingdom",Sportl makes it simple for users to find and reserve studio and gym lessons in real time.,"12,928",,"11,309",https://www.sportl.co.uk,support@sportl.co.uk,https://www.linkedin.com/company/sportl-app/,,2026-03-10,Pre-Seed,250000,GBP,336252
HelixNano,https://www.crunchbase.com/organization/helixnano,"Artificial Intelligence (AI), Biotechnology, Data and Analytics, Health Care, Science and Engineering, Software",1-10,"Artificial Intelligence (AI), Biotechnology, Genetics, Health Care","Cambridge, Massachusetts, United States",Helix Nanotechnologies uses artificial intelligence to help cure genetic diseases.,"12,943",,"11,320",http://helixnano.com/,info@helixnano.com,https://www.linkedin.com/company/4992142,,2024-04-04,Series A,,,
Cenote,https://www.crunchbase.com/organization/cenote-c52b,"Artificial Intelligence (AI), Data and Analytics, Hardware, Health Care, Other, Science and Engineering, Software",1-10,"Artificial Intelligence (AI), B2B, Health Care, Robotics","San Francisco, California, United States",Cenote is a AI software that automates the back office for medical practices by storing patient records.,"12,974",,"11,347",https://www.joincenote.com/,founders@joincenote.com,https://www.linkedin.com/company/cenote-network/,,2025-03-12,Pre-Seed,500000,USD,500000
Trogenix,https://www.crunchbase.com/organization/trogenix,"Biotechnology, Health Care, Science and Engineering",1-10,"Biotechnology, Health Care, Life Science, Medical, Therapeutics","Edinburgh, Edinburgh, City of, United Kingdom",Trogenix is a biotech company that develops precision cancer treatments that selectively target diseased cell states and behaviour.,"13,015",,"11,383",https://trogenix.com,contact@trogenix.com,https://www.linkedin.com/company/trogenixbio,,2025-10-06,Series A,70000000,GBP,94388725
TwoStep Therapeutics,https://www.crunchbase.com/organization/twostep-therapeutics,"Biotechnology, Health Care, Science and Engineering",1-10,"Biotechnology, Health Care, Medical","Palo Alto, California, United States",TwoStep Therapeutics is developing novel tumor-targeting therapeutics for solid tumors.,"13,030",,"11,398",https://www.twosteptx.com ,info@twosteptx.com,https://www.linkedin.com/company/twostep-therapeutics/,1-(423) 774-6778,2026-01-20,Series A,21109518,USD,21109518
Telomir Pharmaceuticals,https://www.crunchbase.com/organization/telomir-pharmaceuticals,"Biotechnology, Health Care, Science and Engineering",1-10,"Biotechnology, Health Care, Medical, Pharmaceutical","Baltimore, Maryland, United States",Telomir Pharmaceuticals develops a novel treatment that binds critical metals to interrupt enzyme function.,"13,062",,"11,428",https://telomirpharma.com/,info@Telomirpharma.com,https://www.linkedin.com/company/telomir-pharmaceuticals-inc,813-864-2562,2025-05-21,Post-IPO Debt,5000000,USD,5000000
UpTrials,https://www.crunchbase.com/organization/uptrials,"Administrative Services, Artificial Intelligence (AI), Data and Analytics, Health Care, Science and Engineering, Software",1-10,"Artificial Intelligence (AI), Clinical Trials, Human Resources, Software, Staffing Agency","Chicago, Illinois, United States",UpTrials is an AI enabled staffing & operations platform for clinical trial teams.,"13,065",,"11,431",https://www.uptrials.com/,info@uptrials.com,https://www.linkedin.com/company/uptrials/,,2025-04-30,Pre-Seed,,,
Mecha Health,https://www.crunchbase.com/organization/mecha-health,"Health Care, Information Technology",1-10,"Health Care, Information Technology, Medical","San Francisco, California, United States","Mecha Health is a healthtech company that develops digital tools for remote injury assessment, monitoring, and treatment plans.","13,092",,"11,456",https://www.mecha-health.ai/,,https://www.linkedin.com/company/mecha-health/,,2025-11-03,Seed,4100000,USD,4100000
Kinaset Therapeutics,https://www.crunchbase.com/organization/kinaset-therapeutics,Health Care,1-10,"Health Care, Medical, Therapeutics","Boston, Massachusetts, United States",Kinaset Therapeutics is a biopharma company that focuses on advancement of novel drugs in areas of unmet medical needs.,"13,109",,"11,471",https://www.kinasettherapeutics.com,info@kinasettx.com,https://www.linkedin.com/company/kinaset-tx,+1-508-858-5810,2026-01-10,Series B,103000000,USD,103000000
Daisy Genomics,https://www.crunchbase.com/organization/armonica,"Biotechnology, Health Care, Information Technology, Science and Engineering",1-10,"Biotechnology, Information Technology, Medical, Precision Medicine","Carlsbad, California, United States",Daisy Genomics is an medtech focused on developing its proprietary long-read DNA sequencing technology for precision medicine applications.,"13,125",,"11,487",http://armonicatech.com/,info@armonicatech.com,https://www.linkedin.com/company/armonica-technologies-inc/,442-224-3920,2025-12-17,Seed,2500000,USD,2500000
MangoRx,https://www.crunchbase.com/organization/mangorx,"Community and Lifestyle, Health Care",1-10,"Health Care, Men's, Wellness","Dallas, Texas, United States","MangoRx is a men’s digital health, wellness, and performance company.","13,164",,"11,523",https://www.mangorx.com/,,https://www.linkedin.com/company/mangorx/,,2025-12-18,Post-IPO Equity,2500000,USD,2500000
Gesynta Pharma,https://www.crunchbase.com/organization/gesynta-pharma,"Biotechnology, Health Care, Science and Engineering",1-10,"Biopharma, Health Care, Pharmaceutical","Stockholm, Stockholms Lan, Sweden","Drug candidates with a unique mechanism of action, aiming to reduce inflammation and pain. Vipoglanstat in phase 2 for endometriosis.","13,172",,"11,529",https://www.gesynta.se/,info@gesynta.se,https://www.linkedin.com/company/gesynta-pharma-ab/,46 (0)733 83 66 70,2025-10-21,Series B,43000000,SEK,4559137
Aptadel Therapeutics,https://www.crunchbase.com/organization/aptadel-therapeutics,"Biotechnology, Health Care, Science and Engineering",1-10,"Biotechnology, Health Care","Barcelona, Catalonia, Spain",Aptadel Therapeutics is a pre-clinical biomedical company.,"13,248",,"11,599",http://www.aptadeltx.com,,https://www.linkedin.com/company/aptadel-therapeutics/,,2026-03-24,Seed,2000000,EUR,2316466
60 Degrees Pharma,https://www.crunchbase.com/organization/60-degrees-pharmaceuticals,"Biotechnology, Health Care, Science and Engineering",1-10,"Biotechnology, Health Care, Pharmaceutical","Washington, District of Columbia, United States",60 Degrees Pharmaceuticals develops and commercializes new medicines to treat and prevent infectious diseases.,"13,280",,"11,630",https://60degreespharma.com,inquiries@60-p.com,https://www.linkedin.com/company/60-degrees-pharmaceuticals-inc,,2025-07-15,Post-IPO Equity,5000000,USD,5000000
Possibility Neurotechnologies,https://www.crunchbase.com/organization/possibility-neurotechnologies,"Artificial Intelligence (AI), Biotechnology, Data and Analytics, Design, Health Care, Science and Engineering, Software",1-10,"Assistive Technology, Human Computer Interaction, Machine Learning, Neuroscience, Software","Calgary, Alberta, Canada",Creating simple and accessible brain-controlled technologies.,"13,312",,"11,658",https://www.possneuro.com,info@possneuro.com,https://www.linkedin.com/company/possibility-neurotechnologies,,2025-06-01,Grant,30000,CAD,21857
Aura Finance,https://www.crunchbase.com/organization/aura-1195,"Administrative Services, Financial Services, Health Care, Lending and Investments",1-10,"Asset Management, Employee Benefits, Finance, Financial Services, FinTech, Trading Platform, Wealth Management, Wellness","San Francisco, California, United States","A financial wellness platform blending psychology with money management, empowering employees to achieve their financial goals.","13,345",,"11,689",https://www.aurafinance.io/,info@aurafinance.io,https://www.linkedin.com/company/aurafinance/,,2024-12-27,Pre-Seed,,,
Ballers,https://www.crunchbase.com/organization/ballers,"Health Care, Sports",1-10,"Fitness, Sports, Wellness","Philadelphia, Pennsylvania, United States",Ballers is a wellness and fitness company.,"13,380",,"11,722",https://www.ballers-philly.com,,https://www.linkedin.com/company/ballers-philly,,2025-06-09,Series A,20000000,USD,20000000
Encellin,https://www.crunchbase.com/organization/encellin,"Biotechnology, Health Care, Science and Engineering",1-10,"Biotechnology, Health Care, Health Diagnostics, Medical Device","San Francisco, California, United States",Encellin develops a novel thin-film cell encapsulation device for cell-based therapeutics.,"13,448",,"11,785",http://www.encellin.com,info@encellin.com,https://www.linkedin.com/company-beta/7973731/,,2023-12-13,Series A,9900000,USD,9900000
Datawizz.ai,https://www.crunchbase.com/organization/datawizz,"Artificial Intelligence (AI), Data and Analytics, Financial Services, Health Care, Science and Engineering, Software",1-10,"Artificial Intelligence (AI), Finance, Health Care","Berkeley, California, United States",Datawizz.ai is a software development firm offering a cutting edge GenAI data revolution platform.,"13,453",,"11,789",https://datawizz.ai/,datawizz@datawizz.ai,https://www.linkedin.com/company/datawizzai,+972 54-533-3170,2025-09-28,Seed,12500000,USD,12500000
IntraBio,https://www.crunchbase.com/organization/intrabio,"Biotechnology, Health Care, Science and Engineering",1-10,"Biotechnology, Neuroscience, Pharmaceutical","Austin, Texas, United States",IntraBio is a biopharmaceutical company.,"13,459",,"11,794",http://intrabio.com/,,https://www.linkedin.com/company/intrabioltd./,8770 386-7402,2024-03-23,Venture - Series Unknown,40267575,USD,40267575
Planbase,https://www.crunchbase.com/organization/planbase-89a5,"Health Care, Software",1-10,"Health Care, SaaS, Software","San Francisco, California, United States",AI employment management for heathcare,"13,515",,"11,844",https://www.joinplanbase.com,info@joinplanbase.com,https://www.linkedin.com/company/joinplanbase,,2025-11-04,Seed,2100000,USD,2100000
OxiWear,https://www.crunchbase.com/organization/oxiwear,"Consumer Electronics, Hardware, Health Care, Sports",1-10,"Fitness, Medical Device, Wearables","Arlington, Virginia, United States",OxiWear is  an ear wearable device that continuously monitors the oxygen levels and alerts the wearer when their oxygen levels falls too low,"13,595",,"11,921",https://oxiwear.com,info@oxiwear.com,https://www.linkedin.com/company/oxiwear/,+1 571-212-7526,2024-10-15,Grant,50000,USD,50000
io Health,https://www.crunchbase.com/organization/io-health-531b,"Apps, Artificial Intelligence (AI), Data and Analytics, Health Care, Science and Engineering, Software",1-10,"Apps, Artificial Intelligence (AI), Health Care, Software","Pasadena, California, United States",Io Health Technologies LLC provides AI-driven tools for home health documentation and workflow automation in healthcare.,"13,622",,"11,942",https://iohealthtech.com,,https://www.linkedin.com/company/io-health-tech,,2025-10-07,Seed,2000000,USD,2000000
MARAbio,https://www.crunchbase.com/organization/marabio,"Biotechnology, Data and Analytics, Design, Health Care, Science and Engineering",1-10,"Biotechnology, Medical, Product Research","Salt Lake City, Utah, United States",MARAbio is a biotech firm that works to detect and prevent severe forms of Autism.,"13,631",,"11,951",https://www.marabio.com,info@marabio.com,https://www.linkedin.com/company/marabio-inc,,2024-10-07,Series A,19058971,USD,19058971
NextGen Jane,https://www.crunchbase.com/organization/nextgen-jane,"Biotechnology, Health Care, Science and Engineering",1-10,"Biotechnology, Health Care, Medical","Oakland, California, United States",NextGen Jane is a data-driven women's health company.,"13,633",,"11,953",http://www.nextgenjane.com,jane@nextgenjane.com,https://www.linkedin.com/company/nextgen-jane-inc.,+1 415 722 2226,2025-05-08,Grant,2200000,USD,2200000
RoxFit,https://www.crunchbase.com/organization/roxfit,"Health Care, Sports",1-10,"Fitness, Wellness","York, Pennsylvania, United States",RoxFit is the best HYROX workout tracker for preparation and performance on race day.,"13,664",,"11,981",https://www.roxfit.app,,https://www.linkedin.com/company/roxfitapp,,2026-03-04,Seed,1900000,GBP,2531841
Biom,https://www.crunchbase.com/organization/biom-e9ee,"Consumer Goods, Health Care, Real Estate",1-10,"Consumer Goods, Health Care, Home Decor, Personal Health, Wellness","Charleston, South Carolina, United States",Biom is a wellness company that offers sustainable home care and personal care products.,"13,731",,"12,041",http://www.getbiom.co,partners@getbiom.co,,,2022-01-01,Seed,1000000,USD,1000000
Clarametyx Biosciences,https://www.crunchbase.com/organization/clarametyx-biosciences,"Biotechnology, Health Care, Science and Engineering",1-10,"Biotechnology, Health Care, Medical, Pharmaceutical","Columbus, Ohio, United States",Clarametyx Biosciences is a biotechnology company that develops immune-enabling biologic therapies.,"13,742",,"12,051",https://clarametyx.com/,info@clarametyx.com,https://www.linkedin.com/company/clarametyx-biosciences/,614.686.2689,2025-10-07,Series A,850000,USD,850000
Stardust,https://www.crunchbase.com/organization/stardust-e0bd,"Apps, Artificial Intelligence (AI), Data and Analytics, Health Care, Mobile, Platforms, Science and Engineering, Software",1-10,"Artificial Intelligence (AI), Consumer Software, Health Care, iOS, Machine Learning, Mobile Apps, Software","New York, New York, United States","Stardust is a cycle tracker that integrates science, ancient wisdom, astronomy and AI","13,747",,"12,056",https://stardust.app/,,https://www.linkedin.com/company/stardustapp/,,2023-12-01,Seed,3500000,USD,3500000
Nexa,https://www.crunchbase.com/organization/nexa-9c25,"Agriculture and Farming, Health Care, Manufacturing",1-10,"AgTech, Livestock, Manufacturing, Medical Device","San Francisco, California, United States",Nexa builds implantable microchips for cattle monitoring and health management.,"13,819",,"12,123",https://nexa.farm,admin@nexa.farm,https://www.linkedin.com/company/nexafarm,,2025-09-09,Pre-Seed,500000,USD,500000
Hugemed,https://www.crunchbase.com/organization/hugemed,Health Care,1-10,"Hospital, Medical, Medical Device","Shenzhen, Guangdong, China",Hugemed manufactures of medical devices and provides solutions in the field of endoscopy.,"13,823",,"12,127",https://hugemed.net/,info@hugemed.net,https://www.linkedin.com/company/shenzhen-hugemed-medical-technical-development-co-ltd/,+86-13802557602,2026-03-30,Series C,,,
Actithera,https://www.crunchbase.com/organization/actithera,"Biotechnology, Health Care, Science and Engineering",1-10,"Biotechnology, Health Care, Life Science, Medical, Therapeutics","Cambridge, Massachusetts, United States",Actithera is a molecular radiotherapeutic company that develops radioligand therapies.,"13,824",,"12,128",https://actithera.com/,info@actithera.com,https://www.linkedin.com/company/actithera/,+1-617-780-8045,2025-07-09,Series A,75500000,USD,75500000
Juicebox,https://www.crunchbase.com/organization/juicebox-71af,"Health Care, Software",1-10,"Consumer Software, Health Care, Wellness","San Francisco, California, United States","Juicebox is making a more pleasurable world by providing 1-on-1 sex, dating, and relationship coaching anonymously via an app.","13,840",,"12,143",https://www.juiceboxit.com,info@juiceboxit.com,https://www.linkedin.com/company/juicebox-it/,,2020-11-03,Seed,,,
Wellness,https://www.crunchbase.com/organization/wellness-72fd,"Health Care, Mobile",1-10,"Health Care, Health Diagnostics, mHealth, Personal Health","Shibuya, Kanagawa, Japan","Wellness is a medtech company that provides a personalized healthcare platform, health support, preventive care, and testing services.","13,933",,"12,224",https://company.wellness.jp/,info@wellness.jp,,,2024-04-12,Series A,280000000,JPY,1826782
AlphaTON Capital Corp.,https://www.crunchbase.com/organization/portage-biotech,"Biotechnology, Health Care, Science and Engineering",1-10,"Biotechnology, Pharmaceutical","Toronto, Ontario, Canada",AlphaTON Capital Corp. operates as a digital asset treasury company.,"13,969",,"12,258",https://alphatoncapital.com,,https://www.linkedin.com/company/portage-biotech-inc,(416) 929-1806,2026-04-09,Post-IPO Debt,43000000,USD,43000000
March Biosciences,https://www.crunchbase.com/organization/march-biosciences,"Biotechnology, Health Care, Science and Engineering",1-10,"Biotechnology, Health Care, Life Science, Medical, Therapeutics","Houston, Texas, United States",March Biosciences is a clinical-stage cell therapy company that develops CAR-T cell strategies to address hematological cancers.,"14,063",,"12,341",https://march.bio,info@march.bio,https://www.linkedin.com/company/march-biosciences,,2025-04-29,Grant,200000,USD,200000
Collabree,https://www.crunchbase.com/organization/collabree,"Health Care, Information Technology, Software",1-10,"Health Care, Information Technology, Personal Health, Software","Zürich, Zurich, Switzerland","Mobile healthcare, Therapy adherence, Chronic conditions, Behavioral health, Behavioral economics","14,067",,"12,345",https://www.collabree.com/,hello@collabree.com,https://www.linkedin.com/company/collabree/,,2024-12-20,Convertible Note,250000,CHF,279734
"Sports Data Labs, Inc.",https://www.crunchbase.com/organization/sports-data-labs,"Artificial Intelligence (AI), Data and Analytics, Financial Services, Health Care, Information Technology, Other, Science and Engineering, Software, Sports",1-10,"Analytics, Artificial Intelligence (AI), Data Integration, Health Insurance, Home Health Care, Personal Health, Predictive Analytics, Real Time, Sports","San Francisco, California, United States",Unlock the Value of Human Data®,"14,081",,"12,359",http://www.sportsdatalabs.com,info@sportsdatalabs.com,https://www.linkedin.com/company/sports-data-labs,,2019-04-16,Venture - Series Unknown,4800000,USD,4800000
Cyclerion Therapeutics,https://www.crunchbase.com/organization/cyclerion-therapeutics-inc,"Biotechnology, Health Care, Science and Engineering",1-10,"Biotechnology, Pharmaceutical","Cambridge, Massachusetts, United States",Cyclerion Therapeutics harnesses the potential of soluble guanylate cyclase (sGC) pharmacology.,"14,315",,"12,568",https://www.cyclerion.com/,,https://www.linkedin.com/company/cyclerion,(857) 327-8778,2023-05-25,Post-IPO Equity,5000000,USD,5000000
Wisdom.io,https://www.crunchbase.com/organization/wisdom-io,"Health Care, Software",1-10,"Elder Care, Software","New York, New York, United States",Wisdom is a privacy-preserving smart home care system designed for older adults and their trusted circle of caregivers.,"14,327",,"12,580",https://www.mywisdom.io,info@mywisdom.io,https://www.linkedin.com/company/wisdom-io,9733424942,2026-01-02,Pre-Seed,390000,USD,390000
Grapefruit Health,https://www.crunchbase.com/organization/grapefruit-health,"Education, Health Care",1-10,"Health Care, Medical, Training","Chicago, Illinois, United States",Grapefruit Health utilizes a clinical student workforce to perform interactions with patients remotely.,"14,358",,"12,608",https://www.grapefruit.health/,info@grapefruit.health,https://www.linkedin.com/company/grapefruit-health,,2025-08-19,Seed,,,
HealthLeap,https://www.crunchbase.com/organization/healthleap-fe9b,"Food and Beverage, Health Care",1-10,"Health Care, Hospital, Medical, Nutrition, Pharmaceutical, Therapeutics","San Francisco, California, United States",Solving disease-related malnutrition with a mobile clinical assistant for healthcare professionals.,"14,399",,"12,644",https://healthleap.io,team@healthleap.io,https://www.linkedin.com/company/healthleapinc/,,2022-01-06,Pre-Seed,1100000,USD,1100000
Tempty Foods,https://www.crunchbase.com/organization/tempty-foods,"Food and Beverage, Health Care",1-10,"Alternative Protein, Food and Beverage, Food Processing, Nutrition","Copenhagen, Hovedstaden, Denmark","Tempty Foods provides healthy, and sustainable protein-rich food products based on mycelium.","14,401",,"12,646",https://www.tempty-foods.com/,info@tempty-foods.com,https://www.linkedin.com/company/tempty-foods/,+45 91 81 13 05,2026-03-20,Seed,5200000,DKK,803160
Alpheus Medical,https://www.crunchbase.com/organization/alpheus-medical,"Biotechnology, Health Care, Science and Engineering",1-10,"Biotechnology, Health Care, Health Diagnostics, Medical","Oakdale, Pennsylvania, United States",Alpheus Medical provides a novel sonodynamic therapy platform targeting solid body cancers.,"14,469",,"12,712",https://www.alpheusmedical.com,info@alpheusmedical.com,https://www.linkedin.com/company/alpheus-medical-inc/,,2025-05-15,Series B,52000000,USD,52000000
Neuro Therapia,https://www.crunchbase.com/organization/neuro-therapia,"Biotechnology, Health Care, Science and Engineering",1-10,"Health Care, Neuroscience, Pharmaceutical, Therapeutics","Ohio, Illinois, United States",Neuro Therapia is developing new therapies for diseases with an underlying component of neuroinflammation.,"14,491",,"12,730",https://www.neurotherapia.com/,info@neurotherapia.com,https://www.linkedin.com/company/neurotherapia,(216)870-7969,2024-08-06,Series B,12300000,USD,12300000
Beijing Ansong Technology,https://www.crunchbase.com/organization/beijing-ansong-technology,"Education, Health Care",1-10,"Assistive Technology, Emergency Medicine, Medical, Medical Device, Training","Fengtai, Beijing, China","Beijing Ansong Technology Co., Ltd. focuses on the R&D, production, and sales of orthopedic medical devices.","14,498",,"12,737",http://arthrone.com,liyue@arthrone.com,,010-56865336,2026-04-03,Series C,150000000,CNY,21803910
Siren Biotechnology,https://www.crunchbase.com/organization/siren-biotechnology,"Biotechnology, Data and Analytics, Design, Health Care, Science and Engineering",1-10,"Biotechnology, Medical, Product Research","San Francisco, California, United States",Siren Biotechnology blends two revolutionary therapeutic technologies into one for a novel approach to treating cancer.,"14,510",,"12,748",https://sirenbiotechnology.com,contact@sirenbiotechnology.com,https://www.linkedin.com/company/siren-biotechnology-inc,,2024-06-04,Grant,,,
IndyGeneUS AI,https://www.crunchbase.com/organization/indygeneus-ai,"Biotechnology, Health Care, Science and Engineering",1-10,"Biotechnology, Health Care, Life Science, Medical","Washington, District of Columbia, United States",IndyGeneUS AI is a genomics company building a digital blockchain-encrypted bio-bank.,"14,560",,"12,794",https://indygeneus.ai/,info@indygeneus.ai,https://www.linkedin.com/company/indygeneus-ai/,6503466153,2022-12-16,Pre-Seed,50000,USD,50000
Kubera Health,https://www.crunchbase.com/organization/kubera-health,"Financial Services, Health Care, Software",1-10,"Health Care, Health Insurance, Software","New York, New York, United States",SaaS for managing healthcare contracts and payments,"14,563",,"12,797",http://kuberahealth.com,,,,2023-12-22,Pre-Seed,3000000,USD,3000000
Biologica,https://www.crunchbase.com/organization/biologica,"Community and Lifestyle, Health Care",1-10,"Health Care, Medical, Women's","San Francisco, California, United States","Biologica provides supplements designed to support women through the reproductive years, perimenopause, and post menopause stages.","14,585",,"12,819",https://biologica.com/?,help@biologica.com,https://www.linkedin.com/company/biologica-inc/,,2025-12-09,Seed,7000000,USD,7000000
NetraMark,https://www.crunchbase.com/organization/netramark,"Artificial Intelligence (AI), Data and Analytics, Health Care, Science and Engineering, Software",1-10,"Artificial Intelligence (AI), Pharmaceutical","Toronto, Ontario, Canada","NetraMark is an AI and pharma-tech company, has developed proprietary solutions for pharmaceutical and biotechnology companies.","14,657",,"12,884",https://netramark.com,,https://www.linkedin.com/company/netramark,,2026-01-13,Post-IPO Equity,3500000,CAD,2521883
Aegle Therapeutics,https://www.crunchbase.com/organization/aegle-therapeutics,"Biotechnology, Health Care, Science and Engineering",1-10,"Biotechnology, Clinical Trials, Therapeutics","Miami, Florida, United States",Aegle Therapeutics is a clinical-stage regenerative medicine company that develops novel therapeutics.,"14,676",,"12,901",http://aegletherapeutics.com,info@aegletherapeutics.com,https://www.linkedin.com/company/aegletherapeutics,,2026-03-03,Debt Financing,455695,USD,455695
Grief Coach,https://www.crunchbase.com/organization/grief-coach,"Apps, Health Care, Information Technology, Internet Services, Messaging and Telecommunications, Software",1-10,"Apps, Health Care, Messaging, Wellness","Seattle, Washington, United States",Grief Coach sends personalized text messages all year long to a grieving person.,"14,680",,"12,905",https://grief.coach/,,https://www.linkedin.com/company/griefcoach/,2069499121,2026-03-18,Seed,1000000,USD,1000000
One Stop Wellness,https://www.crunchbase.com/organization/one-stop-wellness,"Administrative Services, Apps, Health Care, Software, Sports",1-10,"Apps, Employee Benefits, Fitness, Health Care, Personal Health, Wellness","Mckinney, Texas, United States",One Stop Wellness is the on-demand health literacy platform that incentivizes employees to adopt healthy habits.,"14,690",,"12,914",http://www.onestopwellness.com,contact@onestopwellness.com,https://www.linkedin.com/company/one-stop-wellness-inc,9736418340,2025-08-14,Seed,300000,USD,300000
ParcelBio,https://www.crunchbase.com/organization/parcelbio,"Biotechnology, Health Care, Science and Engineering",1-10,"Biopharma, Biotechnology","San Francisco, California, United States",ParcelBio is a company that creating a programmable method for safely and precisely delivering mRNA to many cell types in the body.,"14,700",,"12,924",https://parcelbio.com,,https://www.linkedin.com/company/parcelbio,,2026-03-04,Venture - Series Unknown,13174977,USD,13174977
Acurx Pharmaceuticals,https://www.crunchbase.com/organization/acurx-pharmaceuticals,Health Care,1-10,Pharmaceutical,"White Plains, New York, United States",Acurx Pharmaceuticals is a clinical stage biopharmaceutical company focused on developing new antibiotics for difficult to treat infections.,"14,736",,"12,955",https://www.acurxpharma.com,,https://www.linkedin.com/company/acurx-pharmaceuticals-inc,,2025-11-18,Grant,,,
Jelt,https://www.crunchbase.com/organization/jelt-5627,"Commerce and Shopping, Health Care, Internet Services, Other",1-10,"B2B, E-Commerce, E-Commerce Platforms, Health Care, Marketplace, Medical, Medical Device, Personal Health","Bogotá, Distrito Especial, Colombia",Jelt is a B2B platform for acquisition and management of medical supplies and inventory for health businesses.,"14,755",,"12,973",https://jelt.com.co/,contacto@jelt.com.co,https://www.linkedin.com/company/jelt-app,+57 3024889941,2026-02-01,Seed,,,
MedTrans Go,https://www.crunchbase.com/organization/medtrans-go,"Health Care, Software",1-10,"Health Care, Medical, Software","Atlanta, Georgia, United States",MedTrans Go is a B2B healthcare appointment optimization system solving the $150B problems of medical appointment cancellations.,"14,831",,"13,043",https://www.medtransgo.com/,alexis@medtransgo.com,https://www.linkedin.com/company/medtrans-go-inc/about/,404-826-7300,2023-01-25,Venture - Series Unknown,2871003,USD,2871003
Prana Thoracic,https://www.crunchbase.com/organization/prana-thoracic,Health Care,1-10,"Health Care, Medical, Medical Device","Houston, Texas, United States",Prana Thoracic is a medical devices company that develops solutions for the early detection and intervention of lung cancer.,"14,838",,"13,049",https://www.pranathoracic.com/,team@pranathoracic.com,https://www.linkedin.com/company/pranathoracic,,2025-04-02,Venture - Series Unknown,1500000,USD,1500000
Metriport,https://www.crunchbase.com/organization/metriport,"Health Care, Software",1-10,"Developer Tools, Health Care, Open Source, Software","San Francisco, California, United States",Metriport is an open-source platform that makes it easy for healthcare organizations to access and exchange medical data for their patients.,"14,925",,"13,129",https://metriport.com/,support@metriport.com,https://www.linkedin.com/company/metriport,+1 415-941-3282,2022-12-21,Seed,2400000,USD,2400000
ProLynx,https://www.crunchbase.com/organization/prolynx,"Biotechnology, Health Care, Manufacturing, Science and Engineering",1-10,"Biotechnology, Health Care, Manufacturing, Therapeutics","San Francisco, California, United States",ProLynx is a biotechnology company that develops proprietary drug-delivery technologies to extend the half-life of therapeutic molecules.,"14,937",,"13,140",https://prolynxinc.com,BD@ProlynxInc.com,https://www.linkedin.com/company/prolynx-llc,+1 415-552-5306,2025-12-11,Series A,70000000,USD,70000000
Banquet Health,https://www.crunchbase.com/organization/banquet-health,"Food and Beverage, Health Care, Software",1-10,"Health Care, Nutrition, Software","New York, New York, United States",Healthcare nutrition and foodservice SaaS,"14,941",,"13,144",https://www.banquethealth.com,,https://www.linkedin.com/company/banquet-health,,2025-04-28,Seed,4500000,USD,4500000
InVirtuoLabs,https://www.crunchbase.com/organization/invirtuolabs,"Artificial Intelligence (AI), Data and Analytics, Health Care, Science and Engineering, Software",1-10,"Artificial Intelligence (AI), Health Care, Medical, Pharmaceutical","Lugano, Ticino, Switzerland",InVirtuoLabs is a firm that uses artificial intelligence and molecular simulations to transform drug discovery.,"14,957",,"13,158",https://www.invirtuolabs.com,info@invirtuolabs.com,https://www.linkedin.com/company/invirtuolabs/,,2026-02-11,Grant,2300000,EUR,2740265
NeuroVice,https://www.crunchbase.com/organization/neurovice,Health Care,1-10,"Health Care, Medical Device","Cary, North Carolina, United States","NeuroVice is an innovative company developing a new, disruptive medical device technology that improves the patient experience.","15,017",,"13,215",http://neurovicellc.com,ashlyn.sanders@duke.edu,https://www.linkedin.com/company/neurovice,,2021-02-03,Venture - Series Unknown,300000,USD,300000
Vocca,https://www.crunchbase.com/organization/vocca-ai,"Artificial Intelligence (AI), Data and Analytics, Health Care, Information Technology, Sales and Marketing, Science and Engineering, Software",1-10,"Artificial Intelligence (AI), Health Care, Sales Automation","Paris, Ile-de-France, France","Vocca provides AI powered voice agents for healthcare centers to handle calls, bookings, and reminders, improving the patient experience.","15,020",,"13,218",https://vocca.ai,contact@vocca.ai,https://www.linkedin.com/company/voccaai/,+33689972379,2025-09-25,Seed,5500000,USD,5500000
Navega Therapeutics,https://www.crunchbase.com/organization/navega-therapeutics,"Biotechnology, Health Care, Science and Engineering",1-10,"Biopharma, Biotechnology, Health Care, Neuroscience, Therapeutics","San Diego, California, United States",Navega Therapeutics is a preclinical stage company developing epigenetic gene therapies for neurological and ophthalmic diseases.,"15,056",,"13,252",https://www.navegatx.com/,info@navegatx.com,https://www.linkedin.com/company/18946927/,(858) 729-8345,2025-02-04,Grant,4000000,USD,4000000
Apeximmune Therapeutics,https://www.crunchbase.com/organization/apeximmune,"Biotechnology, Health Care, Science and Engineering",1-10,"Biotechnology, Health Diagnostics, Life Science","Burlingame, California, United States",Apeximmune Therapeutics engages in the discovery and development of novel biologics that modulate the immune system.,"15,099",,"13,291",https://apeximmune.com/,info@apeximmune.com,https://www.linkedin.com/company/apeximmunetherapeutics/,,2025-03-31,Series A,21300000,USD,21300000
Meeno,https://www.crunchbase.com/organization/meeno,"Artificial Intelligence (AI), Data and Analytics, Health Care, Information Technology, Other, Science and Engineering, Software",1-10,"Artificial Intelligence (AI), Consumer, Information Technology, Personal Health","San Francisco, California, United States",Meeno offers an AI relationship mentoring app targeting young adults.,"15,109",,"13,301",https://meeno.com,hi@meeno.com,https://www.linkedin.com/company/meeno-official/,,2023-09-26,Seed,3900000,USD,3900000
Nasus Pharma Ltd.,https://www.crunchbase.com/organization/nasus-pharma-ltd,Health Care,1-10,"Health Care, Medical, Pharmaceutical","Tel Aviv, Tel Aviv, Israel",Nasus Pharma Ltd. is a health care company that develops powder-based Intranasal ( PBI ) specialized products to treat emergency patients.,"15,114",,"13,305",https://www.nasuspharma.com,info@nasuspharma.com,https://www.linkedin.com/company/nasus-pharma/,,2026-02-10,Post-IPO Equity,15000000,USD,15000000
Bloomer Health Tech,https://www.crunchbase.com/organization/bloomer-tech,"Artificial Intelligence (AI), Biotechnology, Data and Analytics, Hardware, Health Care, Information Technology, Science and Engineering, Software",1-10,"Analytics, Artificial Intelligence (AI), Biometrics, Health Care, Information Technology, Machine Learning, Personal Health, Robotics","Cambridge, Massachusetts, United States",Generating digital biomarkers for women's heart health with patented textile sensor technology,"15,140",,"13,328",https://www.bloomertech.com/,heart@bloomertech.com,https://www.linkedin.com/company/bloomertech/,+1 617 528 9894,2025-05-16,Grant,200000,USD,200000
Sharp Therapeutics,https://www.crunchbase.com/organization/sharp-edge-labs,"Biotechnology, Health Care, Science and Engineering",1-10,"Biotechnology, Life Science, Medical Device","Pittsburgh, Pennsylvania, United States",Sharp Therapeutics is engaged in the development of biosensors for cellular biology research and high-throughput screening.,"15,162",,"13,349",https://sharptx.com/,,https://www.linkedin.com/company/sharp-edge-labs,(412)475-9733,2026-02-27,Post-IPO Debt,500000,USD,500000
AllieHealth,https://www.crunchbase.com/organization/alliehealth,"Health Care, Software",1-10,"Elder Care, Enterprise Software, Health Care, Software","Austin, Texas, United States","SaaS platform designed for senior living to capture care revenue, increase staffing efficiency, and improve documentation","15,172",,"13,358",https://www.alliehealth.com/,hello@alliehealth.com,,847-868-4463,2023-05-02,Seed,1600000,USD,1600000
Rootine,https://www.crunchbase.com/organization/rootine,"Food and Beverage, Health Care",1-10,"Dietary Supplements, Health Care, Health Diagnostics, Nutraceutical, Nutrition, Personal Health, Wellness","Nashville, Tennessee, United States",Transform your data into better health results,"15,206",,"13,390",https://rootine.co/,hello@rootine.co,https://www.linkedin.com/company/rootine/,,2022-09-13,Series A,10000000,USD,10000000
Novoflow,https://www.crunchbase.com/organization/novoflow,"Artificial Intelligence (AI), Data and Analytics, Health Care, Science and Engineering, Software",1-10,"Artificial Intelligence (AI), Electronic Health Record (EHR), Medical","San Francisco, California, United States",AI receptionist that automates phone calls for medical clinics.,"15,215",,"13,399",https://www.novoflow.io/,mathieu@novoflow.io,https://www.linkedin.com/company/novoflow/,3137751743,2025-11-03,Seed,3100000,USD,3100000
Palisade Bio,https://www.crunchbase.com/organization/seneca-biopharma,"Biotechnology, Health Care, Science and Engineering",1-10,"Biopharma, Biotechnology, Health Care, Therapeutics","Carlsbad, California, United States",Palisade Bio is a clinical-stage biopharmaceutical company that develops therapies for acute and chronic gastrointestinal complications.,"15,252",,"13,434",https://www.palisadebio.com,info@senecabio.com,https://www.linkedin.com/company/palisadebio/,301-366-4960,2026-03-27,Post-IPO Equity,3000000,USD,3000000
Pulzaid,https://www.crunchbase.com/organization/pulzaid,"Health Care, Information Technology",1-10,"Health Care, Information Technology","San Francisco, California, United States","Pulzaid offers telehealth orthopedics, mobile X-rays, MRI care, and workplace safety consultations to support injury management.","15,286",,"13,467",https://pulzaid.com/,sales@pulzaid.com,https://www.linkedin.com/company/pulzaid,508-446-6778,2023-09-05,Pre-Seed,675000,USD,675000
Helixon,https://www.crunchbase.com/organization/huashen-zhiyao,"Biotechnology, Health Care, Science and Engineering",1-10,"Biotechnology, Medical","Beijing, Beijing, China",Helixon is a biotechnology company that accelerates novel drug discovery for unmet medical needs.,"15,322",,"13,497",https://www.helixon.com/,contact@helixon.com.,,,2022-06-22,Series A,500000000,CNY,74603482
Evolv,https://www.crunchbase.com/organization/evolv-fa1d,"Food and Beverage, Health Care, Sports",1-10,"Dietary Supplements, Fitness, Wellness","San Francisco, California, United States","Evolv is in healthcare, offering weight loss supplements and healthcare solutions.","15,334",,"13,508",https://www.biodrive.io,,http://www.linkedin.com/company/bio-drive,,2024-01-31,Pre-Seed,5800000,USD,5800000
SuperNet,https://www.crunchbase.com/organization/super-processor,"Community and Lifestyle, Financial Services, Food and Beverage, Health Care, Information Technology, Software",1-10,"Cannabis, Financial Services, FinTech, Information Services, SaaS","Las Vegas, Nevada, United States","SaaS, Payment Processor, Payment Network","15,427",,"13,593",https://www.supernet.ai,hi@supernet.ai,https://www.linkedin.com/company/supernetinc,888-990-6638,2021-12-16,Series A,,,
Artificient Mobility Intelligence,https://www.crunchbase.com/organization/artificient-mobility-intelligence,"Artificial Intelligence (AI), Data and Analytics, Financial Services, Hardware, Health Care, Software, Transportation",1-10,"Auto Insurance, Computer Vision, Data Management, Electric Vehicle, Health Insurance, InsurTech, Logistics, Machine Learning, Personal Health, Predictive Analytics","Aachen, Nordrhein-Westfalen, Germany",University spin-off from Germany pushing the boundaries of mobility data intelligence leveraging predicative AI,"15,469",,"13,632",http://www.artificient.de,contact@artificient.de,https://www.linkedin.com/company/artificient-mobility-intelligence/,,2023-06-09,Pre-Seed,750000,EUR,806175
Mendra,https://www.crunchbase.com/organization/mendra,"Artificial Intelligence (AI), Biotechnology, Data and Analytics, Health Care, Science and Engineering, Software",1-10,"Artificial Intelligence (AI), Biopharma, Medical","San Francisco, California, United States",Mendra uses AI to accelerate clinical development and commercialization of breakthrough medicines for diseases with high unmet need.,"15,490",,"13,652",https://www.mendra.com/,,https://www.linkedin.com/company/mendrainc/,,2026-01-21,Series A,82000000,USD,82000000
Past Post,https://www.crunchbase.com/organization/past-post,"Apps, Blockchain and Cryptocurrency, Financial Services, Health Care, Information Technology, Internet Services, Messaging and Telecommunications, Other, Software",1-10,"Apps, Blockchain, Financial Services, InsurTech, Life Insurance, Messaging, SaaS, Software, Wellness","Mexico City, Distrito Federal, Mexico","SaaS Deathtech & Insurtech startup leveraging blockchain to revolutionize legacy planning, end-of-life, and digital afterlife solutions","15,500",,"13,661",https://pastpost.com/,hola@pastpost.com,https://mx.linkedin.com/company/past-post,,2024-10-01,Seed,700000,USD,700000
Synfini,https://www.crunchbase.com/organization/synfini,"Artificial Intelligence (AI), Biotechnology, Data and Analytics, Health Care, Science and Engineering, Software",1-10,"Artificial Intelligence (AI), Biotechnology, Life Science, Pharmaceutical","Menlo Park, California, United States","Synfini is a drug discovery platform combining AI, chemistry automation, and cloud tools to design improved molecules.","15,529",,"13,690",http://www.synfini.com,info@synfini.com,https://www.linkedin.com/company/synfini-inc,650-283-5939,2025-07-07,Venture - Series Unknown,8900000,USD,8900000
Piraeus Medical,https://www.crunchbase.com/organization/piraeus-medical,"Health Care, Manufacturing",1-10,"Health Care, Manufacturing, Medical, Medical Device","Rochester, Minnesota, United States",Piraeus Medical creates devices that offer patients optimal opportunities to share extended moments with their loved ones.,"15,536",,"13,697",https://www.piraeusmedical.com/,,https://www.linkedin.com/company/piraeus-medical-inc/,507-271-7051,2026-04-02,Venture - Series Unknown,3575100,USD,3575100
Diffuse Bio,https://www.crunchbase.com/organization/diffuse-bio,"Artificial Intelligence (AI), Data and Analytics, Health Care, Science and Engineering, Software",1-10,"Artificial Intelligence (AI), Generative AI, Health Care, Software","San Francisco, California, United States","Diffuse Bio develops an automated AI software platform for drug design, leveraging advances in generative AI.","15,550",,"13,709",https://www.diffuse.bio,info@diffuse.bio,,,2023-04-05,Pre-Seed,500000,USD,500000
Lenoss Medical,https://www.crunchbase.com/organization/lenoss-medical,"Health Care, Manufacturing, Sales and Marketing",1-10,"Health Care, Manufacturing, Medical, Sales","Providence, Rhode Island, United States",Lenoss Medical manufacturer of surgical and medical instrument.,"15,577",,"13,732",https://lenoss.com/,,https://www.linkedin.com/company/lenoss-medical/,+1 844 553 6677,2026-03-17,Convertible Note,6000000,USD,6000000
SeaStar Medical,https://www.crunchbase.com/organization/seastar-medical,"Health Care, Manufacturing",1-10,"Health Care, Manufacturing, Medical, Medical Device","Denver, Colorado, United States",SeaStar Medical is a commercial-stage medical device company that develops immunomodulating technologies.,"15,680",,"13,827",https://www.seastarmedical.com/,media@seastarmed.com,https://www.linkedin.com/company/seastarmed/,,2025-07-31,Post-IPO Equity,4400000,USD,4400000
TBD,https://www.crunchbase.com/organization/tbd-5693,"Data and Analytics, Design, Health Care",1-10,"Market Research, Psychology","New York, New York, United States",TBD is a forecasting market system that analyzes individual attitudes through integrating verifiable online polls.,"15,694",,"13,839",https://www.tbd.vote,,https://www.linkedin.com/company/tbddotvote,,2026-02-26,Seed,3000000,USD,3000000
MetaOptics Technologies,https://www.crunchbase.com/organization/metaoptics-technologies,"Commerce and Shopping, Health Care, Manufacturing",1-10,"E-Commerce, Manufacturing, Medical, Medical Device","Singapore, Central Region, Singapore","MetaOptics Technologies creates metalens and metasurface optics for AR, VR, IoT, and imaging devices using nanophotonics and AI.","15,742",,"13,882",https://www.metaoptics.sg,sales@metaoptics.sg,https://www.linkedin.com/company/metaoptics-inc,+65 8218 0482,2025-12-01,Post-IPO Equity,4850000,SGD,3740769
PONS,https://www.crunchbase.com/organization/pons-digital,"Artificial Intelligence (AI), Biotechnology, Data and Analytics, Health Care, Science and Engineering, Software",1-10,"Artificial Intelligence (AI), Health Care, Home Health Care, Life Science, Machine Learning, Medical Device, Software","Jersey City, New Jersey, United States",Bringing Ultrasound to the mass market with AI,"15,753",,"13,893",https://www.ponstech.co,soner@ponstech.co,https://www.linkedin.com/company/ponstech,,2026-01-13,Grant,225000,USD,225000
Wiggle Room,https://www.crunchbase.com/organization/wiggle-room,"Administrative Services, Health Care",1-10,"Child Care, Employee Benefits","New York, New York, United States",Daycare operations simplified.,"15,759",,"13,899",http://wiggleroomnow.com,jaimejin@wiggleroomnow.com,https://www.linkedin.com/company/wiggle-room-app/,,2025-12-18,Pre-Seed,1000000,USD,1000000
Pregnolia,https://www.crunchbase.com/organization/pregnolia,"Artificial Intelligence (AI), Data and Analytics, Health Care, Science and Engineering",1-10,"Intelligent Systems, Medical Device","Schlieren, Zurich, Switzerland",Pregnolia developed an innovative system to accurately assess the stiffness of the cervical tissue of pregnant and non-pregnant women.,"15,772",,"13,912",https://en.pregnolia.com,info@pregnolia.com,https://www.linkedin.com/company/pregnolia-ag/,41 44 500 84 35,2026-02-17,Grant,,,
Lineus Medical,https://www.crunchbase.com/organization/linegard-med,Health Care,1-10,"Health Care, Medical, Medical Device","Fayetteville, Arkansas, United States",Lineus Medical is a medical device company developing vascular access products to reduce IV complications and improve patient outcomes.,"15,780",,"13,918",http://lineusmed.com/,info@lineusmed.com,https://www.linkedin.com/company/lineus-medical,,2025-03-04,Series C,4579000,USD,4579000
Therify,https://www.crunchbase.com/organization/therify,"Administrative Services, Health Care",1-10,"Employee Benefits, Health Care, Mental Health, Wellness","Nashville, Tennessee, United States",Therify provides an inclusive mental healthcare service for companies.,"15,800",,"13,938",https://therify.co,hello@therify.co,https://www.linkedin.com/company/mytherify,,2023-08-30,Seed,2010000,USD,2010000
Patientdesk.ai,https://www.crunchbase.com/organization/patientdesk-ai,"Artificial Intelligence (AI), Data and Analytics, Health Care, Science and Engineering, Software",1-10,"Artificial Intelligence (AI), Dental, Health Care","San Francisco, California, United States","Patientdesk.ai is an AI-powered front desk platform aimed largely at dental clinics, automating patient interactions.","15,820",,"13,957",https://www.patientdesk.ai,info@patientdesk.ai,https://www.linkedin.com/company/patientdesk-ai/,,2026-02-19,Pre-Seed,1000000,USD,1000000
Generation Lab,https://www.crunchbase.com/organization/generation-lab-baa6,"Biotechnology, Health Care, Science and Engineering",1-10,"Biotechnology, Health Care","San Francisco, California, United States",Generation Lab measures molecular disbalance a marker of aging using a straightforward cheek-swab test combined with patented methodologies.,"15,887",,"14,020",https://www.generationlab.co,,https://www.linkedin.com/company/generation-lab-longevity/about/,,2025-10-22,Seed,11000000,USD,11000000
Builtdifferent,https://www.crunchbase.com/organization/builtdifferent,"Apps, Education, Food and Beverage, Health Care, Mobile, Software",1-10,"Apps, Mobile Apps, Nutrition, Software, Training, Wellness","Turin, Piemonte, Italy",Builtdifferent is a gym fitness app that offers personalized training and nutrition plans via algorithms and the support of professionals,"15,918",,"14,045",https://www.builtdifferent.it/,info@builtdifferent.it,https://www.linkedin.com/company/builtdifferent/,+393668054571,2026-03-31,Convertible Note,170000,USD,170000
Mineral City,https://www.crunchbase.com/organization/mineral-city-biotechnologies,"Artificial Intelligence (AI), Biotechnology, Data and Analytics, Health Care, Privacy and Security, Science and Engineering, Software, Transportation",1-10,"Artificial Intelligence (AI), Biotechnology, Medical Device, SaaS, Security, Supply Chain Management","Ponte Vedra, Florida, United States",Mineral City uses advanced radiographic scanning technology to authenticate products and secure the supply chain.,"15,959",,"14,082",https://www.mineralcityai.com/,Sales@mineralcityai.com,https://www.linkedin.com/company/mineral-city-biotechnologies,,2025-07-01,Series A,,,
Fortuna Health,https://www.crunchbase.com/organization/fortuna-health,"Health Care, Information Technology, Navigation and Mapping",1-10,"Health Care, Information Technology, Navigation","New York, New York, United States","Fortuna streamlines Medicaid navigation for consumers, covering eligibility, enrollment, and renewal processes seamlessly.","15,981",,"14,099",https://www.fortunahealth.com/,info@fortunahealth.com,https://www.linkedin.com/company/fortuna-health/,,2025-07-21,Series A,18275489,USD,18275489
MarvelBiome,https://www.crunchbase.com/organization/marvelbiome,"Biotechnology, Health Care, Science and Engineering",1-10,"Biopharma, Biotechnology, Health Care, Medical","Woburn, Massachusetts, United States","MarvelBiome focuses on isolating, identifying, and characterizing microbial populations for novel therapeutic applications.","16,043",,"14,156",https://www.marvelbiome.com/,,https://www.linkedin.com/company/marvelbiome/,,2025-10-22,Series C,39561794,USD,39561794
Expedition Therapeutics,https://www.crunchbase.com/organization/expedition-therapeutics,"Biotechnology, Health Care, Science and Engineering",1-10,"Biotechnology, Health Care, Life Science, Therapeutics","San Francisco, California, United States",Expedition Therapeutics is a biotechnology company that develops novel therapies for inflammatory and respiratory diseases.,"16,045",,"14,157",https://www.expeditiontx.com,,https://www.linkedin.com/company/expedition-therapeutics-inc,,2025-10-09,Series A,165000000,USD,165000000
Afia for healthcare Services,https://www.crunchbase.com/organization/afia-for-healthcare-services,Health Care,1-10,Telehealth,"Khartoum, Al Khartum, Sudan",Healthcare Digital Platform,"16,051",,"14,163",https://www.afiahealthcare.com,info@afiahealthcare.com,https://www.linkedin.com/company/afia-for-healthcare-services/,+201050741578,2022-09-06,Seed,5000,EUR,4949
Blue Arbor Technologies,https://www.crunchbase.com/organization/blue-arbor-technologies,"Biotechnology, Health Care, Science and Engineering",1-10,"Biotechnology, Medical, Medical Device","Ann Arbor, Michigan, United States","Blue Arbor Technologies develops advanced robotic control systems for limb loss patients, enabling intuitive, & reliable prosthetic control.","16,104",,"14,212",https://bluearbortech.com,,https://www.linkedin.com/company/blue-arbor-technologies-inc,,2026-02-26,Series A,5000000,USD,5000000
MedicQuant,https://www.crunchbase.com/organization/medicquant,"Biotechnology, Health Care, Science and Engineering",1-10,"Biotechnology, Health Care, Medical, Medical Device","Aarhus, Midtjylland, Denmark",MedicQuant is a medical equipment manufacturing company developing diagnostic kits for blood anticoagulant properties.,"16,112",,"14,220",https://www.medicquant.com/,info@medicquant.com,https://www.linkedin.com/company/medicquant/,(+45) 31 22 84 10,2026-03-19,Seed,22000000,DKK,3411084
Health In Her HUE,https://www.crunchbase.com/organization/health-in-her-hue,"Community and Lifestyle, Health Care",1-10,"Health Care, Wellness, Women's","New York, New York, United States","A digital women's health platform connecting Black women and women of color to culturally sensitive providers, health content and community.","16,123",,"14,229",https://healthinherhue.com,info@healthinherhue.com,https://www.linkedin.com/company/health-in-her-hue,,2024-01-08,Seed,3000000,USD,3000000
GrayMatters Health,https://www.crunchbase.com/organization/graymatters-health,Health Care,1-10,"Health Care, Medical Device","Haifa, Hefa, Israel",GrayMatters Health delivers beyond the pill digital therapeutics for mental disorders through volitional regulation of brain processes.,"16,156",,"14,261",http://www.graymatters.health,rani@graymatters.health,https://www.linkedin.com/company/graymatters-health/?msgConversationId=6588853964085747712&msgOverlay=true&viewAsMember=true,,2023-03-20,Grant,2500000,EUR,2679649
Ruten,https://www.crunchbase.com/organization/ruten-3ba5,Health Care,1-10,"Health Care, Medical","Tokyo, Tokyo, Japan",Ruten is a brain-machine interface company that specializes in reconstructive treatments for infeasible and ineffective conditions.,"16,218",,"14,319",https://www.ruten-neuro.com/,contact@ruten-neuro.com,,14087868409,2026-03-16,Seed,2000000,USD,2000000
ANNA,https://www.crunchbase.com/organization/anna-6c60,"Biotechnology, Health Care, Science and Engineering",1-10,"Health Care, Mental Health, Neuroscience, Therapeutics","Sudbury, Massachusetts, United States","ANNA is a healthcare company that offers personalized, evidence-based care for autistic children and their families.","16,220",,"14,321",https://annaautismcare.com/,intake@annaautismcare.com,https://www.linkedin.com/company/allied-network-for-neurodevelopmental-advancement/,+1 617 693-5767,2024-10-29,Venture - Series Unknown,9258496,USD,9258496
Siolta Therapeutics,https://www.crunchbase.com/organization/siolta-therapeutics,"Biotechnology, Health Care, Science and Engineering",1-10,"Biotechnology, Therapeutics","San Carlos, California, United States",Siolta Therapeutics is a biotech company focused on developing therapeutic microbial consortia to prevent and treat inflammatory diseases.,"16,260",,"14,358",http://www.sioltatherapeutics.com/,info@sioltatherapeutics.com,https://www.linkedin.com/company/siolta-therapeutics/,415.991.0947,2024-03-12,Series C,12000000,USD,12000000
Adaptilens,https://www.crunchbase.com/organization/adaptilens,"Biotechnology, Health Care, Science and Engineering",1-10,"Biotechnology, Health Care, Medical, Medical Device","Boston, Massachusetts, United States",Adaptilens is a developer of an accommodating intraocular lens.,"16,297",,"14,393",https://adaptilens.com/,,https://www.linkedin.com/company/adaptilens,,2024-04-29,Series A,17500000,USD,17500000
Lilu,https://www.crunchbase.com/organization/lilu-inc,"Community and Lifestyle, Consumer Electronics, Hardware, Health Care",1-10,"Consumer Electronics, Health Care, Parenting, Personal Health, Wearables","New York, New York, United States",Lilu is a women’s health company building tech-enabled devices to empower new moms.,"16,415",,"14,498",https://www.wearlilu.com/,founders@wearlilu.com,https://www.linkedin.com/company/wearlilu/,+1 646-902-5458,2023-03-15,Seed,1000000,USD,1000000
CoPeace Capital,https://www.crunchbase.com/organization/copeace-pbc,"Financial Services, Health Care, Lending and Investments, Professional Services, Sales and Marketing, Sports",1-10,"Consulting, Finance, Financial Services, Health Care, Impact Investing, Marketing, Sports","Littleton, Colorado, United States","CoPeace Capital focuses on acquiring and scaling profitable, impact-driven companies across the healthcare and sports sectors.","16,421",,"14,504",http://copeace.com/,contact@copeace.com,https://www.linkedin.com/company/copeace,720.432.5364,2023-06-15,Series A,1000000,USD,1000000
AMPLY Discovery,https://www.crunchbase.com/organization/amply-discovery,"Artificial Intelligence (AI), Biotechnology, Data and Analytics, Health Care, Science and Engineering, Software",1-10,"Artificial Intelligence (AI), Biotechnology, Health Care, Pharmaceutical","Belfast, Belfast, United Kingdom",AMPLY uses machine learning and synthetic biology to mine vast biological data to discover novel drug and nutraceutical candidates.,"16,428",,"14,511",https://amplydiscovery.com/,contact@amplydiscovery.com,https://www.linkedin.com/company/amply-discovery/,,2026-02-11,Corporate Round,,,
Leisure Hydration,https://www.crunchbase.com/organization/leisure-project,"Food and Beverage, Health Care",1-10,"Food and Beverage, Nutrition, Wellness","Venice, California, United States",LeisureHydration is a food and beverages company that offers canned and flavoured electrolyte refreshers.,"16,472",,"14,551",https://leisureproject.co,contact@leisureproject.co.,https://www.linkedin.com/company/leisure-hydration/,,2026-04-03,Venture - Series Unknown,4922798,USD,4922798
Throne,https://www.crunchbase.com/organization/throne-3e91,Health Care,1-10,"Health Care, Personal Health","Austin, Texas, United States",Throne is a health company that focuses on individual gut wellness and hydration maintenance.,"16,493",,"14,570",https://www.thronescience.com,,https://www.linkedin.com/company/thronescience,,2025-05-22,Seed,4000000,USD,4000000
Urban SDK,https://www.crunchbase.com/organization/urban-sdk,"Artificial Intelligence (AI), Data and Analytics, Government and Military, Health Care, Real Estate, Science and Engineering, Software, Transportation",1-10,"Analytics, Artificial Intelligence (AI), Civil Engineering, First Aid, Government, Public Safety, Public Transportation, SaaS, Smart Cities, Software","Jacksonville, Florida, United States","Urban SDK is a geospatial AI platform for public safety, transportation, infrastructure and administration.","16,541",,"14,614",https://urbansdk.com,founders@urbansdk.com,https://www.linkedin.com/company/urbansdk/,,2024-09-19,Venture - Series Unknown,977498,USD,977498
ArgusEye,https://www.crunchbase.com/organization/arguseye,"Biotechnology, Hardware, Health Care, Other, Science and Engineering",1-10,"Biotechnology, Health Diagnostics, Real Time, Sensor","Linköping, Ostergotlands Lan, Sweden",ArgusEye is a biotechnology company that provides sensor solutions for real-time detection of biological systems and processes.,"16,566",,"14,637",http://arguseye.se/,erik.martinsson@arguseye.se,https://www.linkedin.com/company/arguseye/,+46702792477,2026-02-18,Grant,6250000,EUR,7368545
Kardi Ai,https://www.crunchbase.com/organization/kardi-ai,"Artificial Intelligence (AI), Data and Analytics, Health Care, Science and Engineering, Software",1-10,"Artificial Intelligence (AI), Health Care, Machine Learning, Medical Device","Olomouc, Olomoucky kraj, Czech Republic",Worry-free heart care from home enabled by commercially available trackers and cutting edge AI,"16,618",,"14,683",https://www.kardi.ai,info@kardi.ai,https://www.linkedin.com/company/78989469/,+420 779 998 100,2025-04-28,Seed,1100000,EUR,1254880
Uresta,https://www.crunchbase.com/organization/uresta,"Health Care, Manufacturing",1-10,"Manufacturing, Medical, Medical Device","Moncton, New Brunswick, Canada",Uresta is a bladder support device designed to help women manage stress urinary incontinence.,"16,619",,"14,684",https://uresta.com/,support@uresta.com,https://www.linkedin.com/company/uresta/,,2025-03-26,Seed,3000000,USD,3000000
AltrixBio,https://www.crunchbase.com/organization/altrixbio,"Biotechnology, Health Care, Science and Engineering",1-10,"Biotechnology, Medical, Pharmaceutical","Cambridge, Massachusetts, United States",AltrixBio is a pharmaceutical company focused on oral drug that replicates the metabolic success of bariatric surgery.,"16,673",,"14,736",https://altrixbio.com/,,https://www.linkedin.com/company/altrixbio-inc/about/,,2025-09-16,Series A,5000000,USD,5000000
Surgical Automations,https://www.crunchbase.com/organization/surgical-automations,"Artificial Intelligence (AI), Data and Analytics, Hardware, Health Care, Science and Engineering, Software",1-10,"Artificial Intelligence (AI), Health Care, Medical Device, Robotics","Dallas, Texas, United States",Developing automated endoscopic robots and utilizing IoT infrastructure to enable integrated stakeholder experience.,"16,699",,"14,762",https://www.autosurg.com,info@autosurg.com,https://www.linkedin.com/company/autosurg/,650-681-0283,2025-10-30,Seed,3400000,USD,3400000
Sunny,https://www.crunchbase.com/organization/menstrual-mates,"Community and Lifestyle, Education, Health Care",1-10,"Education, Health Care, Medical Device, Women's","Indianapolis, Indiana, United States","Sunny is a self care brand delivering eco-friendly products, education, and global giveback programs.","16,735",,"14,796",https://www.sunnyperiod.com/,hello@sunnyperiod.com,https://www.linkedin.com/company/Sunny,,2024-08-28,Seed,250000,USD,250000
Tala Health,https://www.crunchbase.com/organization/tala-health,"Artificial Intelligence (AI), Data and Analytics, Health Care, Science and Engineering, Software",1-10,"Artificial Intelligence (AI), Health Care, Medical, Personal Health","San Francisco, California, United States",Tala Health is a digital-first healthcare provider that offers AI-driven clinical support for diagnostic triage and care coordination.,"16,747",,"14,808",https://www.talahealth.com,Contact@TalaHealth.com,https://www.linkedin.com/company/talahealth,,2025-07-17,Seed,100000000,USD,100000000
Cellgenemedix,https://www.crunchbase.com/organization/cellgenemedix,"Biotechnology, Commerce and Shopping, Health Care, Science and Engineering, Software",1-10,"Biotechnology, Genetics, Health Care, Life Science, Marketplace, SaaS","Newark, New Jersey, United States","Cellgenemedix provides molecular testing with next generation sequencing, multiplex PCR solutions in cancer and infectious diseases","16,789",,"14,842",https://cellgenemedix.com/,jung.moon.md@cellgenemedix.com,,832-894-0511,2024-11-26,Pre-Seed,20000,USD,20000
Sunflower,https://www.crunchbase.com/organization/sunflower-1e39,"Apps, Artificial Intelligence (AI), Data and Analytics, Health Care, Mobile, Science and Engineering, Software",1-10,"Addiction Treatment, Artificial Intelligence (AI), Mobile Apps","San Francisco, California, United States","Sunflower provides an AI-powered app that supports sobriety with visual tracking, CBT journaling, and community features.","16,862",,"14,910",https://sunflowersober.com,koby@sunflowersober.com,https://www.linkedin.com/company/sunflower-sober,,2025-10-17,Seed,1500000,USD,1500000
Biotia,https://www.crunchbase.com/organization/biotia,"Artificial Intelligence (AI), Biotechnology, Data and Analytics, Health Care, Science and Engineering, Software",1-10,"Artificial Intelligence (AI), Bioinformatics, Biotechnology, Genetics, Health Care, Machine Learning, Software","Brooklyn, New York, United States",Biotia is a health tech startup offering AI-based solutions to diagnose and control infectious disease.,"16,929",,"14,973",http://biotia.io,info@biotia.io,https://www.linkedin.com/company/biotia,+1 888 685 2885,2025-06-17,Grant,300000,USD,300000
MolecuLight,https://www.crunchbase.com/organization/moleculight,Health Care,1-10,"Health Care, Medical, Medical Device","Toronto, Ontario, Canada",MolecuLight develops portable handheld optical imaging devices for point-of-care wound analysis.,"17,009",,"15,046",http://www.moleculight.com,info@moleculight.com,https://www.linkedin.com/company/moleculight,+1 647-362-4684,2025-01-06,Venture - Series Unknown,27500000,USD,27500000
Magic Shields,https://www.crunchbase.com/organization/magic-shields,"Health Care, Manufacturing",1-10,"Health Care, Manufacturing, Medical, Nursing and Residential Care","Hamamatsu, Shizuoka, Japan","Magic Shields is a manufacturer and seller of floors, nursing care, and welfare products.","17,101",,"15,130",https://www.magicshields.co.jp,support@magicshields.co.jp,https://www.linkedin.com/company/magic-shields,+81 050 -1742 -4400,2023-05-30,Seed,1640000,USD,1640000
Graici,https://www.crunchbase.com/organization/graici,"Artificial Intelligence (AI), Data and Analytics, Health Care, Information Technology, Science and Engineering, Software",1-10,"Artificial Intelligence (AI), Health Care, Information Services","Chagrin Falls, Ohio, United States","Developer of a solution-focused AI intended to serve health, education and social sectors.","17,120",,"15,149",https://graici.com/,info@graici.com,https://www.linkedin.com/company/graici,1-888-210-1121,2026-02-03,Series A,7500000,USD,7500000
Blue Marble Health,https://www.crunchbase.com/organization/blue-marble-game,"Apps, Health Care, Mobile, Software",1-10,"Health Care, Medical, mHealth, Mobile, Mobile Apps, Telehealth, Therapeutics, Wellness","Altadena, California, United States",Blue Marble Health is telehealth and remote therapeutic monitoring platform for aging and chronic disease management.,"17,122",,"15,151",http://www.bluemarblehealthco.com/,sheryl at bluemarblehealthco.com,,+1 (626) 296-6227,2022-05-01,Grant,978861,USD,978861
Sparian Biosciences,https://www.crunchbase.com/organization/sparian-biosciences,"Biotechnology, Health Care, Professional Services, Science and Engineering",1-10,"Biotechnology, Consulting, Pharmaceutical, Therapeutics","New York, New York, United States",Sparian Biosciences is a biopharmaceutical company.,"17,127",,"15,156",https://www.sparianbiosciences.com,,https://www.linkedin.com/company/sparian-biosciences/,,2026-04-09,Grant,15000000,USD,15000000
Celloid,https://www.crunchbase.com/organization/celloid,"Biotechnology, Health Care, Science and Engineering",1-10,"Biopharma, Biotechnology, Medical","Seongnam, Kyonggi-do, South Korea","Celloid provides the optimum 3D cell culture medium, allowing the quality-controlled long-term cultivation of organoids.","17,138",,"15,166",https://celloid.co.kr,info@celloid.co.kr,,+82-54-274-1287,2026-03-12,Series A,9000000000,KRW,6090620
Olli Health,https://www.crunchbase.com/organization/olli-health,"Artificial Intelligence (AI), Data and Analytics, Health Care, Science and Engineering, Software",1-10,"Artificial Intelligence (AI), Health Care, Home Health Care","Madison, Wisconsin, United States",Olli Health is a healthtech company that offers AI-powered home health coding & OASIS QR.,"17,149",,"15,176",https://www.ollihomehealth.ai/,support@ollihomehealth.ai,https://www.linkedin.com/company/olli-home-health/,+1 608-213-5025,2025-11-13,Venture - Series Unknown,10000000,USD,10000000
"Diadia Health, Inc",https://www.crunchbase.com/organization/diadiahealth-inc,"Artificial Intelligence (AI), Data and Analytics, Health Care, Science and Engineering, Software",1-10,"Artificial Intelligence (AI), Health Diagnostics, Software","New York, New York, United States",Diadia Health provides an AI-powered platform that analyzes genetic and biomarker data to identify potential root causes of health symptoms.,"17,152",,"15,179",https://www.diadiahealth.com/,hello@diadiahealth.com,,,2023-06-14,Seed,6000000,USD,6000000
Dandelion Health AI,https://www.crunchbase.com/organization/dandelion-health-ai,"Artificial Intelligence (AI), Data and Analytics, Health Care, Information Technology, Science and Engineering, Software",1-10,"Artificial Intelligence (AI), Health Care, Information Technology","New York, New York, United States",Dandelion Health AI offers data for AI developers to build healthcare applications.,"17,265",,"15,284",https://dandelionhealth.ai,compliance@dandelionhealth.ai,https://www.linkedin.com/company/dandelion-health-ai/,,2024-03-15,Venture - Series Unknown,15889327,USD,15889327
Higher Powers,https://www.crunchbase.com/organization/higher-powers,"Health Care, Software",1-10,"Health Care, Software","Atlanta, Georgia, United States","Virtual guided psychedelic therapy. Accessible, safe, and affordable. Removing barriers to transformation.","17,292",,"15,310",https://www.higherpowers.com,,https://www.linkedin.com/company/higher-powers/,,2025-08-01,Angel,300000,USD,300000
WILD.AI,https://www.crunchbase.com/organization/wild-2,"Artificial Intelligence (AI), Commerce and Shopping, Data and Analytics, Health Care, Science and Engineering, Software, Sports",1-10,"Artificial Intelligence (AI), Cycling, Outdoors, Personalization, Sports, Wellness","London, England, United Kingdom","WILD.AI is building a knowledge base of female datasets, across all ages, life stages, and ethnicity.","17,330",,"15,346",http://www.wild.ai,helene@wild.ai,https://www.linkedin.com/company/wildai,+447788933156,2023-01-01,Pre-Seed,,,
hC Bioscience,https://www.crunchbase.com/organization/hc-bioscience,"Biotechnology, Health Care, Science and Engineering",1-10,"Biotechnology, Health Care, Life Science","Cambridge, Massachusetts, United States",HC Bioscience is an innovator and pioneer of protein editing using context agnostic engineered tRNA.,"17,351",,"15,362",https://hcbioscience.com/,info@hcbioscience.com,https://www.linkedin.com/company/hc-bioscience,617-515-6755,2022-11-04,Series A,16000000,USD,16000000
MimiVax,https://www.crunchbase.com/organization/mimivax,"Biotechnology, Health Care, Science and Engineering",1-10,"Biopharma, Biotechnology, Pharmaceutical","Buffalo, New York, United States",MimiVax is a developer of immunotherapeutic vaccines and targeted therapies used to control tumor growth and recurrence.,"17,374",,"15,383",http://mimivax.com/,Mciesielski@mimivax.com,https://www.linkedin.com/company/mimivax-llc,(716) 845-8850,2024-01-09,Venture - Series Unknown,,,
OLI,https://www.crunchbase.com/organization/oli-e4a7,"Consumer Electronics, Hardware, Health Care, Manufacturing, Science and Engineering",1-10,"Advanced Materials, Hardware, Health Care, Medical Device, Wearables","North Brunswick, New Jersey, United States","Medical Devices, Kidney Disease, Wearables, Medtech, Hardtech","17,376",,"15,385",https://www.oli.inc,info@olitechnologies.com,https://www.linkedin.com/company/oli-inc,,2025-02-24,Pre-Seed,1000000,USD,1000000
Sienna Naturals,https://www.crunchbase.com/organization/sienna-naturals,"Consumer Goods, Health Care",1-10,"Beauty, Cosmetics, Personal Health","New York, New York, United States",Sienna Naturals is a clean beauty company for textured hair focused on hair and scalp health.,"17,381",,"15,389",https://www.siennanaturals.com/,,https://www.linkedin.com/company/sienna-naturals,,2025-02-17,Grant,100000,USD,100000
Solu Therapeutics,https://www.crunchbase.com/organization/solu-therapeutics,"Biotechnology, Health Care, Science and Engineering",1-10,"Biotechnology, Medical, Therapeutics","Boston, Massachusetts, United States",Solu Therapeutics Platform Company that develops antibody-based medicines using a degradable warhead.,"17,386",,"15,394",https://solutherapeutics.com,contact@solutherapeutics.com,https://www.linkedin.com/company/solu-therapeutics,(781) 874-1100,2025-04-09,Series A,41000000,USD,41000000
Free From Market,https://www.crunchbase.com/organization/free-from-market,"Commerce and Shopping, Education, Food and Beverage, Health Care, Travel and Tourism",1-10,"E-Commerce, Education, Health Care, Hospital, Hospitality, Nutrition","Kansas City, Missouri, United States","Free From Market provides inclusive access to personalized, nutritious groceries and educational resources.","17,423",,"15,430",https://freefrommarket.com/,,,,2023-01-26,Seed,2100000,USD,2100000
Curanex Pharmaceuticals,https://www.crunchbase.com/organization/curanex-pharmaceuticals,"Biotechnology, Health Care, Science and Engineering",1-10,"Biotechnology, Health Care, Pharmaceutical","Jericho, New York, United States",Curanex Pharmaceuticals is a company that provides development and commercialization of botanical treatments for inflammatory diseases.,"17,466",,"15,470",https://www.curanexpharma.com,info@curanexpharma.com,https://www.linkedin.com/company/curanex-health/,,,,,,
Beautycounter,https://www.crunchbase.com/organization/beautycounter,"Commerce and Shopping, Consumer Goods, Health Care",1-10,"Beauty, Consumer Goods, Cosmetics, E-Commerce, Health Care","Santa Monica, California, United States",Beautycounter is a beauty brand that distributes products through relationship networks and online.,"17,468",,"15,472",http://www.beautycounter.com/,countmein@beautycounter.com,https://www.linkedin.com/company/2898968/,310-828-0111,2018-01-05,Venture - Series Unknown,65000000,USD,65000000
Nimbus Health,https://www.crunchbase.com/organization/nimbus-health-9e48,Health Care,1-10,Health Care,"Atlanta, Georgia, United States",Technology-enabled pulmonary clinics,"17,500",,"15,502",http://www.joinnimbus.com,contact@joinnimbus.com,https://www.linkedin.com/company/nimbus-pulmonary,7132029634,2025-05-13,Seed,12000000,USD,12000000
Pulse Charter Connect,https://www.crunchbase.com/organization/pulse-charter-connect,"Health Care, Transportation",1-10,"Health Care, Logistics","Chicago, Illinois, United States",Pulse Charter Connect provides organ transportation logistics services.,"17,521",,"15,521",https://pulsecharterconnect.com,info@pulsecharterconnect.com,https://www.linkedin.com/company/pulse-charter-connect,,2025-05-06,Seed,2000000,USD,2000000
Fawn Friends,https://www.crunchbase.com/organization/fawn-friends,"Artificial Intelligence (AI), Commerce and Shopping, Data and Analytics, Health Care, Science and Engineering, Software",1-10,"Artificial Intelligence (AI), E-Commerce, Health Care","San Francisco, California, United States","Fawn is an AI friend that adults bond with through conversation, fantasy, and an embodied Living Plushie.","17,666",,"15,651",https://www.fawnfriends.com,hello@fawnfriends.com,https://www.linkedin.com/company/fawn-friends,+1 650 761 9922,2025-04-30,Pre-Seed,2600000,USD,2600000
Therini Bio,https://www.crunchbase.com/organization/medared,"Biotechnology, Health Care, Science and Engineering",1-10,"Biotechnology, Health Care, Medical, Neuroscience, Therapeutics","San Francisco, California, United States",Therini Bio specializes in fibrin-targeting therapies to treat inflammatory neurological and retinal diseases.,"17,676",,"15,660",http://www.therinibio.com/,info@therinibio.com,https://www.linkedin.com/company/medared-inc/,,2025-05-14,Series A,39000000,USD,39000000
Express Wages,https://www.crunchbase.com/organization/express-wages,"Administrative Services, Financial Services, Health Care, Professional Services",1-10,"Business Development, Employee Benefits, Employment, Financial Services, Human Resources","Memphis, Tennessee, United States",Express Wages empowers customers by fostering total financial wellness and offering financial flexibility.,"17,710",,"15,690",https://expresswages.com/,career@expresswages.com,https://www.linkedin.com/company/express-wages/,+1 9014893915,2025-10-01,Undisclosed,1200000,USD,1200000
Vivace Therapeutics,https://www.crunchbase.com/organization/vivace-therapeutics,"Biotechnology, Health Care, Science and Engineering",1-10,"Biotechnology, Health Care, Medical, Therapeutics","San Mateo, California, United States",Vivace Therapeutics is a venture-backed start-up dedicated to discovering and developing cancer therapeutics by targeting a novel pathway.,"17,722",,"15,701",http://vivacetherapeutics.com,Info@vivacetherapeutics.com,https://www.linkedin.com/company/vivace-therapeutics-inc-/,,2025-03-12,Series D,35000000,USD,35000000
Hera Biotech,https://www.crunchbase.com/organization/hera-biotech,"Biotechnology, Health Care, Science and Engineering",1-10,"Biopharma, Biotechnology, Health Care, Pharmaceutical","San Antonio, Texas, United States",Hera Biotech is a biotechnology company that is mainly developed for women's health and reproductive medicines.,"17,766",,"15,743",http://herabiotech.com/,,https://www.linkedin.com/company/hera-biotech/,2106831069,2024-08-01,Seed,100000,USD,100000
Oculogica,https://www.crunchbase.com/organization/oculogica,"Biotechnology, Health Care, Science and Engineering",1-10,"Health Care, Health Diagnostics, Medical, Neuroscience","New York, New York, United States","Oculogica specializes in the fields of neuro-diagnostics, brain injury, TBI, concussion, and eye tracking.","17,768",,"15,745",http://www.oculogica.com,info@oculogica.com,http://www.linkedin.com/company/oculogica,,2024-05-13,Venture - Series Unknown,7569130,USD,7569130
Aminex Therapeutics,https://www.crunchbase.com/organization/aminex-therapeutics,"Biotechnology, Health Care, Science and Engineering",1-10,"Biotechnology, Medical, Oncology, Therapeutics","Kirkland, Washington, United States",Aminex Therapeutics develops small molecule based cancer treatment solutions.,"17,776",,"15,752",http://www.aminextx.com,markburns@aminextherapeutics.com,http://www.linkedin.com/company/aminex-therapeutics,(425) 286-4222,2025-12-04,Venture - Series Unknown,15084670,USD,15084670
Cellens,https://www.crunchbase.com/organization/cellens,Health Care,1-10,"Health Care, Medical, Medical Device","Medford, Massachusetts, United States",Cellens is a medical device company that provides clarity and focus on cancer detection.,"17,871",,"15,838",https://cellensinc.com,contact@cellensinc.com,https://www.linkedin.com/company/cellens-inc,(857) 285-3227,2025-12-23,Seed,6500000,USD,6500000
Clee Medical,https://www.crunchbase.com/organization/clee-medical,"Health Care, Manufacturing",1-10,"Manufacturing, Medical","Geneva, Geneve, Switzerland",Clee Medical believes the rapid growth of neurotech is constrained by inefficiencies in surgical tools and techniques.,"17,887",,"15,853",https://www.cleemedical.com/,,https://www.linkedin.com/company/clee-medical/,,2026-02-25,Seed,,,
CytoAgents,https://www.crunchbase.com/organization/cytoagents-inc,"Biotechnology, Health Care, Science and Engineering",1-10,"Biotechnology, Health Care, Medical","Pittsburgh, Pennsylvania, United States","CytoAgents is a biotechnology company focused on the the treatment of COVID-19, Influenza, and other viral infectious diseases.","17,935",,"15,895",https://www.cytoagents.com/,,https://www.linkedin.com/company/cytoagents/,,2025-10-01,Grant,2250000,USD,2250000
Knowwn,https://www.crunchbase.com/organization/knowwn,"Administrative Services, Health Care, Software",1-10,"Health Care, Human Resources, Software, Wellness","Cincinnati, Ohio, United States",Employee Recognition for Healthcare,"17,937",,"15,897",https://knowwn.co,,https://linkedin.com/company/knowwn,,2026-02-27,Seed,,,
Zaya Care,https://www.crunchbase.com/organization/zaya-care,"Financial Services, Health Care, Information Technology",1-10,"Health Care, Health Insurance, Information Technology, Wellness","New York, New York, United States",Empowering private practices to thrive by accepting insurance at rewarding terms.,"17,974",,"15,931",https://www.zayacare.com/,hello@zayacare.com,https://www.linkedin.com/company/zaya-care/,,2022-03-09,Seed,7600000,USD,7600000
Alphyn Biologics,https://www.crunchbase.com/organization/alphyn-biologics,"Biotechnology, Health Care, Science and Engineering",1-10,"Health Care, Life Science, Pharmaceutical, Therapeutics","Cincinnati, Ohio, United States",Alphyn Biologics is a life science company that develops Multi-Target Therapeutics (MTT) for effective treatment of skin diseases.,"17,983",,"15,940",https://alphynbiologics.com,,https://www.linkedin.com/company/alphyn-biologics-llc,+(443) 994-0101,2025-12-12,Series B,25000000,USD,25000000
Nuclidium,https://www.crunchbase.com/organization/swiss-nuclides,Health Care,1-10,"Health Care, Health Diagnostics, Medical, Therapeutics","Basel, Basel-Stadt, Switzerland",Nuclidium is a clinical-stage radiopharmaceutical company that develops novel radionuclide PET tracers for precision diagnostics.,"17,995",,"15,951",https://www.swissnuclides.ch,info@swissnuclides.ch,https://www.linkedin.com/company/swiss-nuclides,+41 78 326 6666,2025-07-10,Series B,79000000,CHF,99154426
Sparrow Pharmaceuticals,https://www.crunchbase.com/organization/sparrow-pharmaceuticals,"Biotechnology, Health Care, Science and Engineering",1-10,"Biopharma, Biotechnology, Pharmaceutical, Therapeutics","Portland, Oregon, United States",Sparrow Pharma is a clinical-stage biopharma company developing treatments for T2D with elevated cortisol and related metabolic conditions.,"18,026",,"15,981",https://sparrowpharma.com,info@sparrowpharma.com,https://www.linkedin.com/company/sparrowpharma,+1 617-465-0328,2025-09-24,Series B,95000000,USD,95000000
Arcana Recovery,https://www.crunchbase.com/organization/arcana-recovery,"Apps, Artificial Intelligence (AI), Data and Analytics, Government and Military, Health Care, Information Technology, Mobile, Software",1-10,"Health Care, mHealth, Military, Mobile Apps, Predictive Analytics","Harrisburg, Pennsylvania, United States",Arcana Recovery is a substance abuse recovery management system that optimizes workflow to deliver better quality of care.,"18,075",,"16,023",https://www.arcanarecovery.com,sjohnson@arcanarecovery.com,https://www.linkedin.com/company/arcanarecovery/,717-882-8843,2022-05-01,Pre-Seed,200000,USD,200000
Futurestay,https://www.crunchbase.com/organization/futurestay,"Health Care, Other, Real Estate, Travel and Tourism",1-10,"Hospital, Real Estate, Service Industry, Tourism, Travel","New Brunswick, New Jersey, United States","Futurestay is a smart way for vacation rentals to connect to channels, guests, payments, and their own website and brand.","18,093",,"16,039",http://futurestay.com/,connect@futurestay.com,https://www.linkedin.com/company/futurestay,(888)885-3439,2022-10-07,Venture - Series Unknown,2019870,USD,2019870
Hydrostasis,https://www.crunchbase.com/organization/hydrostasis,"Consumer Electronics, Hardware, Health Care, Other",1-10,"Consumer Electronics, Real Time, Wearables, Wellness","San Diego, California, United States",Hydrostasis is a developer of hydration monitoring systems.,"18,234",,"16,173",https://hydrostasis.com/,info@hydrostasis.com,https://www.linkedin.com/company/hydrostasis/,,2025-05-19,Series A,4200000,USD,4200000
Dentronic,https://www.crunchbase.com/organization/dentronic,"Hardware, Health Care, Science and Engineering, Software",1-10,"Dental, Medical, Robotics","San Francisco, California, United States",Dentronic is a medical AI robotics business that focuses on dental care automation.,"18,287",,"16,222",https://www.dentronic.ai/,,https://www.linkedin.com/company/dentronic,,2026-03-19,Pre-Seed,1000000,USD,1000000
CiaoDott,https://www.crunchbase.com/organization/ciaodott,"Artificial Intelligence (AI), Data and Analytics, Health Care, Science and Engineering, Software",1-10,"Artificial Intelligence (AI), Health Care, Medical","Via Rara, Lisboa, Portugal","CiaoDott interacts with your medical center's management software to automatically answer patient calls 24 hours a day, seven days a week.","18,302",,"16,235",https://ciaodott.com/,,https://www.linkedin.com/company/ciaodott/,,2026-03-17,Pre-Seed,1500000,EUR,1726048
IgGenix,https://www.crunchbase.com/organization/iggenix,"Biotechnology, Health Care, Science and Engineering",1-10,"Biotechnology, Clinical Trials, Health Care, Life Science, Medical","San Francisco, California, United States",IgGenix is a biotechnology company.,"18,315",,"16,248",https://iggenix.com,info@IgGenix.com,https://www.linkedin.com/company/iggenix-inc,+1 650 491 9626,2023-02-06,Series B,40000000,USD,40000000
Oriongo,https://www.crunchbase.com/organization/oriongo,"Artificial Intelligence (AI), Data and Analytics, Health Care, Information Technology, Internet Services, Manufacturing, Professional Services, Science and Engineering, Software, Transportation",1-10,"Air Transportation, Artificial Intelligence (AI), Consulting, Industrial, Information Services, Information Technology, Internet of Things, Manufacturing, Medical, Software","Taipei, T'ai-pei, Taiwan","AI, SaaS, OEM License, 5G, Infrastructure Joint Operation, DaaS, Robot, Multi-AI Agent","18,366",,"16,294",https://global.oriongo.me/,support@oriongo.me,,+886-963-352-999,2025-05-01,Series A,5000000,USD,5000000
Elion,https://www.crunchbase.com/organization/elion-bf0d,"Health Care, Information Technology, Software",1-10,"Health Care, Information Services, Information Technology, Software","New York, New York, United States",Elion is a digital health software marketplace for healthcare providers.,"18,380",,"16,308",https://www.elion.health/,,https://www.linkedin.com/company/elionhq/,,2025-08-06,Seed,9300000,USD,9300000
SOS,https://www.crunchbase.com/organization/s-o-s,"Commerce and Shopping, Consumer Goods, Hardware, Health Care, Real Estate",1-10,"Beauty, Hardware, Health Care, Real Estate, Retail","Boston, Massachusetts, United States",SOS is transforming access to health and wellness on the go through a network of smart vending machines.,"18,395",,"16,322",https://www.worldofsos.com,hello@worldofsos.com,https://www.linkedin.com/company/world-of-sos/,617-755-0278,2023-06-22,Series A,7600000,USD,7600000
Limula,https://www.crunchbase.com/organization/limula-biotech,"Biotechnology, Health Care, Manufacturing, Science and Engineering",1-10,"Biotechnology, Genetics, Manufacturing, Pharmaceutical","La Tour-de-peilz, Vaud, Switzerland",Limula offers a modular and automated solution for on-demand and at-scale manufacturing of cell therapies.,"18,439",,"16,363",https://www.limula.ch,info@limula.ch,https://www.linkedin.com/company/limula/,+41 44 585 31 18,2024-12-11,Debt Financing,500000,CHF,566073
Equii,https://www.crunchbase.com/organization/equii,"Food and Beverage, Health Care",1-10,"Food Processing, Nutrition, Snack Food","San Ramon, California, United States",Equii is a food technology company tha produces the high-protein grain flours.,"18,466",,"16,389",https://equii.com/,info@cellafarms.com,https://www.linkedin.com/company/equii/,408-507-7322,2024-01-01,Seed,,,
BetterBrand,https://www.crunchbase.com/organization/better-brand,"Food and Beverage, Health Care",1-10,"Food and Beverage, Food Processing, Nutrition, Organic Food","Los Angeles, California, United States",BetterBrand is a consumer food tech company leading innovation in the $12Trillion refined carb category.,"18,506",,"16,427",http://www.eatbetter.com,hello@eatbetter.com,https://www.linkedin.com/company/eatbetterbrand,,2023-06-21,Series A,6000000,USD,6000000
DeepCyte,https://www.crunchbase.com/organization/deepcyte,"Biotechnology, Health Care, Science and Engineering",1-10,"Biopharma, Biotechnology, Life Science","Wilmington, Delaware, United States",DeepCyte is a biotechnology company that offers predictive products for toxicology using single-cell metabolomics technology.,"18,529",,"16,447",https://www.deepcyte.bio,,https://www.linkedin.com/company/deepcyte/,+1 8006773394,2026-04-09,Seed,1500000,USD,1500000
Field Medical,https://www.crunchbase.com/organization/field-medical,"Health Care, Manufacturing",1-10,"Manufacturing, Medical, Medical Device","Cardiff By The Sea, California, United States","Field Medical helps physicians, cardiologists, and patients to achieve the best possible outcomes during cardiac ablation procedures.","18,598",,"16,510",https://www.fieldmedicalinc.com,info@fieldmedicalinc.com,https://www.linkedin.com/company/field-medical,+1 980 412 2298,2025-07-01,Series B,35000000,USD,35000000
Klaris,https://www.crunchbase.com/organization/klaris-8f8a,"Artificial Intelligence (AI), Data and Analytics, Health Care, Science and Engineering, Software",1-10,"Artificial Intelligence (AI), Health Care, Medical Device","London, England, United Kingdom",Self-Driving Regulatory Compliance for MedTech,"18,740",,"16,639",https://www.klaris.ai/,,https://www.linkedin.com/company/klaris-ai/,,2026-02-17,Pre-Seed,1000000,USD,1000000
Forum Markets,https://www.crunchbase.com/organization/180-life-sciences,"Biotechnology, Health Care, Science and Engineering",1-10,"Biopharma, Biotechnology, Health Care, Life Science, Therapeutics","Menlo Park, California, United States",Forum Markets developing novel drugs for treating distinct inflammatory diseases.,"18,908",,"16,796",https://www.ethzilla.com,,https://www.linkedin.com/company/ethzilla,(650) 507-0669,2026-03-09,Post-IPO Debt,10000000,USD,10000000
Proximity,https://www.crunchbase.com/organization/proximity-5801,"Health Care, Information Technology",1-10,"Health Care, Information Technology","Chicago, Illinois, United States",Proximity offers an automation platform designed to enhance the revenue generated from the 340B drug discount program.,"18,956",,"16,839",https://www.proximityhealth.com,,https://www.linkedin.com/company/proximityhealth,(312) 967-7252,2025-02-21,Seed,3000000,USD,3000000
Jellagen,https://www.crunchbase.com/organization/jellagen,"Biotechnology, Health Care, Science and Engineering",1-10,"Biotechnology, Health Care, Life Science, Medical","Pembroke Dock, Pembrokeshire, United Kingdom",Jellagen is a medtech company offering high grade native collagen sourced from jellyfish.,"18,967",,"16,848",http://www.jellagen.co.uk/,info@jellagen.co.uk,https://www.linkedin.com/company/jellagen,+4403333583299,2026-02-24,Corporate Round,,,
Partum Health,https://www.crunchbase.com/organization/partum-health,Health Care,1-10,"Health Care, Home Health Care, Medical","Chicago, Illinois, United States",Partum Health is a tech-enabled health and wellness provider providing expert care to women ad families.,"19,037",,"16,912",https://www.partumhealth.com,hello@partumhealth.com,https://www.linkedin.com/company/partum-health,1312-516-2422,2023-09-22,Seed,3100000,USD,3100000
Reunion Neuroscience,https://www.crunchbase.com/organization/reunion-neuroscience,"Biotechnology, Health Care, Science and Engineering",1-10,"Biotechnology, Mental Health, Neuroscience, Pharmaceutical","Toronto, Ontario, Canada",Reunion Neuroscience is a clinical-stage pharmaceutical company developing therapeutic solutions for underserved mental health conditions.,"19,103",,"16,973",https://reunionneuro.com,investors@reunionneuro.com,https://www.linkedin.com/company/reunionneuro,,2025-09-16,Series A,133000000,USD,133000000
OK2StandUP,https://www.crunchbase.com/organization/smartrr-solutions,"Artificial Intelligence (AI), Data and Analytics, Health Care, Mobile, Science and Engineering, Software",1-10,"Artificial Intelligence (AI), Health Care, Medical, mHealth","Bedford, Pennsylvania, United States",OK2StandUP is a wearable and app that empowers frontline care staff with real-time AI alerts to intervene and prevent falls.,"19,119",,"16,988",https://www.ok2standup.com,support@ok2standup.com,https://www.linkedin.com/company/ok2standup,724 871 8035,2023-09-19,Pre-Seed,1100000,USD,1100000
Ajax Therapeutics,https://www.crunchbase.com/organization/ajax-therapeutics,"Biotechnology, Health Care, Science and Engineering",1-10,"Biotechnology, Life Science, Medical","Cambridge, Massachusetts, United States",Ajax Therapeutics is a biotechnology company developing therapies to target cytokine signaling pathways that drive hematologic malignancies.,"19,161",,"17,025",https://www.ajaxtherapeutics.com/,info@ajaxtherapeutics.com,https://www.linkedin.com/company/ajax-therapeutics ,,2024-05-13,Series C,95000000,USD,95000000
Avandra Imaging,https://www.crunchbase.com/organization/avandra-imaging,"Artificial Intelligence (AI), Biotechnology, Data and Analytics, Health Care, Information Technology, Internet Services, Science and Engineering, Software",1-10,"Artificial Intelligence (AI), Health Care, Information Technology, Internet, Life Science","Newport Beach, California, United States",Avandra a biggest federated network for clinical data and medical imaging.,"19,175",,"17,038",https://avandraimaging.com,,https://www.linkedin.com/company/avandra-imaging,,2025-02-19,Venture - Series Unknown,17750000,USD,17750000
NANOCHON,https://www.crunchbase.com/organization/nanochon,"Biotechnology, Health Care, Manufacturing, Science and Engineering",1-10,"3D Printing, Biotechnology, Medical Device","Washington, District of Columbia, United States",Nanochon develops medical implant technology focused on cartilage repair for patients with joint surface damage.,"19,237",,"17,094",https://www.nanochon.com,ben.holmes@nanochon.com,https://www.linkedin.com/company/nanochon,,2026-01-12,Seed,4100000,USD,4100000
Eascra Biotech,https://www.crunchbase.com/organization/eascra-biotech,"Biotechnology, Health Care, Science and Engineering",1-10,"Biotechnology, Health Care, Medical","Boston, Massachusetts, United States",Eascra Biotech develops DNA nanostructures to create stable nanomaterials for biomedical applications.,"19,239",,"17,096",https://eascrabiotech.com/,info@eascrabiotech.com,,1.401.286.9828,2025-05-16,Grant,100000,USD,100000
Unlimited Bio,https://www.crunchbase.com/organization/unlimited-bio,"Biotechnology, Health Care, Science and Engineering",1-10,"Health Care, Life Science, Personal Health","Roatán, Islas de la Bahia, Honduras",Unlimited Bio leads in gene therapy for rejuvenation.,"19,336",,"17,185",https://unlimited.bio/,contact@unlimit.bio,https://www.linkedin.com/company/unlimitedbio/,,2025-10-22,Venture - Series Unknown,40000000,USD,40000000
ExcepGen,https://www.crunchbase.com/organization/excepgen,"Biotechnology, Health Care, Science and Engineering",1-10,"Biopharma, Biotechnology, Health Care, Life Science","San Francisco, California, United States",RNA based vaccines with tolerability close to the standard of care by dampening an excessive innate immune response,"19,378",,"17,224",https://www.excepgen.com/,,https://www.linkedin.com/company/excepgen/,,2023-08-24,Seed,4000000,USD,4000000
Trethera,https://www.crunchbase.com/organization/trethera,"Biotechnology, Health Care, Science and Engineering",1-10,"Biotechnology, Genetics, Health Care, Medical Device","Beverly Hills, California, United States",Trethera is a biotechnology company that discovers and develops small molecules that control DNA replication and integrity.,"19,407",,"17,250",http://trethera.com/,sshroyer@trethera.com,https://www.linkedin.com/company/trethera,(310)997-2788,2025-12-16,Grant,2700000,USD,2700000
Omniox,https://www.crunchbase.com/organization/omniox,"Biotechnology, Health Care, Science and Engineering",1-10,"Biotechnology, Health Diagnostics, Therapeutics","San Francisco, California, United States","Omniox, a biotechnology company, commercializes technologies used in identifying and treating cancer, cardiovascular disease and trauma.","19,495",,"17,329",http://www.omniox.com,info@omnioxinc.com,https://www.linkedin.com/company/omniox,650-299-1557,2026-03-30,Debt Financing,24066235,USD,24066235
Sage Care,https://www.crunchbase.com/organization/sage-care-f913,"Artificial Intelligence (AI), Data and Analytics, Health Care, Science and Engineering, Software",1-10,"Artificial Intelligence (AI), Health Care, Hospital, Medical","Palo Alto, California, United States","Sage Care uses AI to automate patient triage, optimize doctor-patient matching, and improve appointment efficiency.","19,497",,"17,331",https://www.sage.care/,contact@sage.care.,https://www.linkedin.com/company/sage-care-company/,,2025-10-17,Venture - Series Unknown,20000000,USD,20000000
Syntax Health,https://www.crunchbase.com/organization/syntax-health,"Health Care, Software",1-10,"Health Care, SaaS","Atlanta, Georgia, United States",Syntax Health is an enterprise SaaS-based solution for health organisations and providers aimed at expediting value-based care alignment.,"19,522",,"17,356",https://www.meetsyntax.com/,,https://www.linkedin.com/company/syntax-health/,,2024-09-16,Seed,25000,USD,25000
Jellatech,https://www.crunchbase.com/organization/jellatech,"Biotechnology, Food and Beverage, Health Care, Science and Engineering",1-10,"Biotechnology, Food and Beverage, Life Science, Medical, Pharmaceutical","Raleigh, North Carolina, United States","Jellatech is a B2B biotech business that produces pure, animal-free collagen and gelatin.","19,535",,"17,369",https://www.jellatech.com,hello@jellatech.com,https://www.linkedin.com/company/jellatech/,,2023-09-06,Seed,3500000,USD,3500000
Tiamat Sciences,https://www.crunchbase.com/organization/tiamat-sciences,"Agriculture and Farming, Biotechnology, Food and Beverage, Health Care, Science and Engineering",1-10,"AgTech, Biotechnology, Food and Beverage, Medical","Durham, North Carolina, United States",Tiamat Sciences makes plant-based growth factors & proteins for cell-culture,"19,568",,"17,399",https://www.tiamat-sciences.com/,contact@tiamat-sciences.com,https://www.linkedin.com/company/14069270,,2023-03-09,Seed,2000000,USD,2000000
Assemble,https://www.crunchbase.com/organization/assemble-4336,"Community and Lifestyle, Education, Health Care",1-10,"Communities, Health Care, Nursing and Residential Care, Training","New York, New York, United States","Assemble is a digital platform that connects nurses to the content, coaching and community to help them thrive.","19,593",,"17,420",https://ComeAssemble.com,Contact@comeassemble.com,https://www.linkedin.com/company/comeassemble/,,2025-07-21,Seed,6115000,USD,6115000
Flowly,https://www.crunchbase.com/organization/tamadé,"Hardware, Health Care, Information Technology, Software",1-10,"Information Services, Medical, Virtual Reality, Wellness","Pasadena, California, United States",Flowly is a mobile application developed to manage pain and anxiety.,"19,597",,"17,424",https://www.flowly.world/,contact@flowly.world,https://www.linkedin.com/company/tamade/,323-545-3659,2023-02-27,Non-equity Assistance,100000,USD,100000
Bond Biosciences,https://www.crunchbase.com/organization/bond-biosciences,"Biotechnology, Health Care, Science and Engineering",1-10,"Biopharma, Biotechnology, Health Care, Pharmaceutical, Therapeutics","New York, New York, United States",Bond Biosciences is a biopharmaceutical company,"19,625",,"17,450",https://bond.bio,info@bond.bio,https://www.linkedin.com/company/bond-biosciences,650-804-2139,2026-04-08,Venture - Series Unknown,5342880,USD,5342880
BehaviorSMART,https://www.crunchbase.com/organization/behaviorsmart,"Health Care, Travel and Tourism",1-10,"Hospitality, Psychology, Travel, Travel Accommodations","Lausanne, Vaud, Switzerland",SaaS platform that turns compliance pressure into profit and better guest experiences by embedding behavioral science into daily operations,"19,626",,"17,451",https://behavior-smart.com,gergana@behavior-smart.com,https://www.linkedin.com/company/behaviorsmart,,2025-10-15,Seed,,,
Pixelence,https://www.crunchbase.com/organization/pixelence,Health Care,1-10,"Health Care, Health Diagnostics, Medical, Medical Device","Kuala Lumpur, Kuala Lumpur, Malaysia","Medical Imaging, Contrast, AI","19,653",,"17,477",https://www.unohealth.tech,raheel.zubairi@unohealth.tech,,012-925-7290,2026-03-04,Seed,250000,USD,250000
Forithmus,https://www.crunchbase.com/organization/forithmus,"Artificial Intelligence (AI), Data and Analytics, Health Care, Science and Engineering, Software",1-10,"Artificial Intelligence (AI), Health Care, Software","Zürich, Zurich, Switzerland",Forithmus develops large-scale data infrastructures and foundation model-based artificial intelligence.,"19,690",,"17,512",https://www.forithmus.com,contact@forithmus.com,https://www.linkedin.com/company/forithmus,,2026-03-17,Pre-Seed,4000000,USD,4000000
Upheal,https://www.crunchbase.com/organization/upheal,"Artificial Intelligence (AI), Data and Analytics, Health Care, Science and Engineering, Software",1-10,"Artificial Intelligence (AI), Electronic Health Record (EHR), Health Care, Mental Health, Natural Language Processing, Software","Middletown, Delaware, United States","Upheal is a health care company that offers a therapy tool for mental health clinicians via video calling, automated progress.","19,693",,"17,514",https://www.upheal.io,hello+crunch@upheal.io,https://www.linkedin.com/company/upheal,,2024-11-14,Series A,10000000,USD,10000000
Attane Health,https://www.crunchbase.com/organization/attane-health,Health Care,1-10,"Health Care, Medical","Kansas City, Missouri, United States","Attane Health delivers personalized groceries, educational support, and essential data.","19,729",,"17,546",https://attane-health.com,,https://www.linkedin.com/company/attanehealth,,2022-09-09,Seed,3512582,USD,3512582
Behavidence,https://www.crunchbase.com/organization/behavidence,"Apps, Health Care, Mobile, Software",1-10,"Health Care, Mental Health, mHealth, Mobile Apps","New York, New York, United States",Behavidence develops tools to monitor and manage mental health.,"19,754",,"17,570",https://www.behavidence.com,health@behavidence.com,https://www.linkedin.com/company/behavidence,,2022-03-10,Seed,4300000,USD,4300000
Deegtal,https://www.crunchbase.com/organization/deegtal,"Artificial Intelligence (AI), Data and Analytics, Health Care, Science and Engineering, Software",1-10,"Artificial Intelligence (AI), Medical, Medical Device","Geneva, Geneve, Switzerland",Deegtal is a technology company that provides solutions to enhance the efficiency and accuracy of epilepsy diagnosis.,"19,768",,"17,582",https://www.deegtal.ai/,,https://www.linkedin.com/company/deegtal,,2025-09-23,Grant,640000,CHF,808666
Belliwelli,https://www.crunchbase.com/organization/belliwelli,"Food and Beverage, Health Care",1-10,"Food and Beverage, Nutrition, Plant-Based Foods, Snack Food","Los Angeles, California, United States","Belliwelli offers four gut-friendly, plant-based snack bars that caters to people with IBS.","19,789",,"17,603",https://belliwelli.com/,,https://www.linkedin.com/company/belliwelli/,,2023-01-20,Series A,15393200,USD,15393200
Context Therapeutics,https://www.crunchbase.com/organization/context-therapeutics,"Biotechnology, Health Care, Science and Engineering",1-10,"Biotechnology, Health Care","Philadelphia, Pennsylvania, United States",Context Therapeutics is a  clinical-stage biopharmaceutical company.,"19,833",,"17,641",http://www.contexttherapeutics.com/,,https://in.linkedin.com/company/context-therapeutics,,2024-05-02,Post-IPO Equity,100000000,USD,100000000
Surge,https://www.crunchbase.com/organization/surge2surgery,"Artificial Intelligence (AI), Biotechnology, Data and Analytics, Health Care, Science and Engineering, Software",1-10,"Artificial Intelligence (AI), Biotechnology, Electronic Health Record (EHR), Health Care, Machine Learning, Predictive Analytics","Illkirch-graffenstaden, Alsace, France",Surge personalizes the care of patients undergoing surgery by providing an accurate prediction of postoperative infections.,"19,844",,"17,652",https://www.surge.care,contact@surge2surgery.com,https://www.linkedin.com/company/surge2surgery,,2024-03-27,Seed,5300000,EUR,5730678
Methuselah,https://www.crunchbase.com/organization/methuselah,Health Care,1-10,"Health Care, Hospital, Medical","Shanghai, Shanghai, China",Methuselah is a medical nutrition company that produces nutrition products.,"19,867",,"17,674",http://www.mn969.com/,methuselah2012@163.com,,021-6306-7969,2025-08-04,Series B,108000000,CNY,15044507
SynuCa Therapeutics,https://www.crunchbase.com/organization/synuca-therapeutics,"Biotechnology, Health Care, Science and Engineering",1-10,"Medical, Neuroscience, Therapeutics","Aarhus, Midtjylland, Denmark","Synuca Therapeutics focused on developing innovative therapies for neurological disorders, particularly Parkinson's disease.","19,889",,"17,694",https://www.synuca.com,,https://www.linkedin.com/company/synuca-therapeutics,,2026-03-02,Seed,1300000,EUR,1532112
XDemics,https://www.crunchbase.com/organization/xdemics,"Biotechnology, Health Care, Science and Engineering",1-10,"Biopharma, Biotechnology, Medical, Wellness","Novato, California, United States",XDemics is a biotechnology research company that offers advanced cell and viral-based therapeutics.,"19,953",,"17,755",https://xdemics.com/,,https://www.linkedin.com/company/xdemics-corporation/,+1 415-637-6691,2026-02-06,Venture - Series Unknown,7399999,USD,7399999
Mantis biotech,https://www.crunchbase.com/organization/mantis-biotech,"Biotechnology, Data and Analytics, Design, Health Care, Science and Engineering",1-10,"Biopharma, Biotechnology, Product Research","San Francisco, California, United States",Mantis biotech builds a unified biomedical device testing and regulatory platform,"19,968",,"17,769",https://mantisbiotech.com/,info@mantisbiotech.com,https://www.linkedin.com/company/mantis-biotech/,19707791386,2025-12-19,Seed,275000,USD,275000
Reconnect Labs,https://www.crunchbase.com/organization/reconnect-labs,"Biotechnology, Health Care, Science and Engineering",1-10,"Biotechnology, Health Care, Medical, Psychology","Zürich, Zurich, Switzerland",Reconnect Labs develops next-gen psychedelic medicines for neuropsychiatry.,"20,033",,"17,826",https://reconnect-labs.com,info@reconnect-labs.com,https://www.linkedin.com/company/reconnect-labs,,2025-01-01,Grant,10000000,CHF,11016455
VoiceMed,https://www.crunchbase.com/organization/voicemed,"Artificial Intelligence (AI), Data and Analytics, Health Care, Science and Engineering, Software",1-10,"Artificial Intelligence (AI), Health Care","Luxembourg, Luxembourg, Luxembourg",AI and vocal biomarkers for providiny health check directly on the smartphone. Lung and cardiorespiratory health.,"20,036",,"17,829",https://www.voicemed.io,contact@voicemed.io,https://www.linkedin.com/company/42952189/admin/,,2026-02-17,Venture - Series Unknown,1000000,EUR,1184170
VITL,https://www.crunchbase.com/organization/vitl,"Food and Beverage, Health Care, Media and Entertainment, Sports",1-10,"Content, Fitness, Food and Beverage, Health Care, Nutrition","Farnham, Surrey, United Kingdom","On a mission to make healthy living more achievable, providing beautifully designed, expertly researched nutritional products and content.","20,050",,"17,843",http://vitl.com,,https://www.linkedin.com/company/vitl-com,+44 (0) 20 3488 0747,2022-12-05,Venture - Series Unknown,,,
PediaMetrix,https://www.crunchbase.com/organization/pediametrix,"Artificial Intelligence (AI), Data and Analytics, Health Care, Science and Engineering, Software",1-10,"Artificial Intelligence (AI), Health Care, Machine Learning, Medical Device","Rockville, Maryland, United States",PediaMetrix brings AI and computer vision to pediatric health to lower cost and improve outcome.,"20,095",,"17,884",http://www.pediametrix.com,contact@pediametrix.com,https://www.linkedin.com/company/pediametrix/,,2025-08-23,Grant,2000000,USD,2000000
Levl,https://www.crunchbase.com/organization/levl-80e3,Health Care,1-10,"Health Care, Mental Health, Precision Medicine","Brooklyn, New York, United States",Remote Therapeutic Monitoring for Mental Health Treatments,"20,108",,"17,896",https://www.findlevl.com,,https://www.linkedin.com/company/findlevl/,,2024-09-04,Grant,50000,USD,50000
Fetalix,https://www.crunchbase.com/organization/fetalix,"Biotechnology, Health Care, Science and Engineering",1-10,"Biotechnology, Medical Device","Oporto, Porto, Portugal",Fetalix offers a regenerative fetal-inspired biomaterial aimed at treating Low Back Pain (LBP) through a minimally invasive procedure.,"20,141",,"17,927",http://www.fetalix.eu,info@fetalix.eu,http://www.linkedin.com/company/fetalix/,,2025-09-12,Grant,250000,EUR,293393
NovaXS Biotech,https://www.crunchbase.com/organization/novaxs,"Biotechnology, Health Care, Science and Engineering",1-10,"Biotechnology, Health Care, Medical Device","Chicago, Illinois, United States",NovaXS Biotech is a smart medical device startup focused on advanced drug delivery and users' long-term health.,"20,142",,"17,928",https://www.novaxs.co/,jxing@novaxs.co,https://www.linkedin.com/company/novaxs-biotech-corp/,9493837619,2023-03-01,Seed,1000000,USD,1000000
BI Brid,https://www.crunchbase.com/organization/bi-brid,"Health Care, Information Technology, Other",1-10,"Information Technology, Medical, Service Industry","Tokyo, Tokyo, Japan",BI Brid provides IT solutions and services for the medical industry.,"20,154",,"17,938",http://www.bibrid.co.jp/,contact@bibrid.co.jp,,03-6803-2812,2026-03-13,Undisclosed,,,
Titan,https://www.crunchbase.com/organization/aware-healthcare,"Education, Health Care, Information Technology, Other",1-10,"Health Care, Information Technology, Personal Health, Professional Services, Training, Wellness","Brooklyn, New York, United States",Top 1% coaches for top 1% performers. Titan matches VC-backed founders with world-leading executive coaches and performance psychologists.,"20,175",,"17,959",https://www.withtitan.com/,,https://www.linkedin.com/company/withtitan/,,2022-06-09,Seed,4200000,USD,4200000
Corryn Biotechnologies,https://www.crunchbase.com/organization/corryn-biotechnologies,"Biotechnology, Health Care, Science and Engineering",1-10,"Biotechnology, Medical, Medical Device","Morriston, Swansea, United Kingdom",Corryn is a biotechnology company that develops wound dressing devices to redefine the chronic and complex wound care.,"20,188",,"17,970",https://www.corryn.co.uk/,,https://www.linkedin.com/company/corryn-biotechnologies/,,2026-04-01,Seed,500000,GBP,661793
Clarion,https://www.crunchbase.com/organization/clarion-8c0e,"Artificial Intelligence (AI), Data and Analytics, Health Care, Science and Engineering, Software",1-10,"Artificial Intelligence (AI), Health Care, Hospital, Medical","New York, New York, United States","Clarion builds AI tools that automate healthcare operations making care access fast, simple, and seamless.","20,259",,"18,036",https://www.clarionhealth.com/,founders@clarionhealth.com,https://www.linkedin.com/company/clarionhealthai/,,2025-02-01,Pre-Seed,,,
Knowtex,https://www.crunchbase.com/organization/knowtex,"Health Care, Other, Software",1-10,"B2B, Electronic Health Record (EHR), Health Care, Hospital, Medical, Software","San Francisco, California, United States",Knowtex helps create visit notes from medical conversations.,"20,348",,"18,115",https://www.knowtex.ai/,founders@knowtex.ai,https://www.linkedin.com/company/knowtexai/,,2024-01-01,Seed,,,
Sohar Health,https://www.crunchbase.com/organization/sohar-health,"Administrative Services, Artificial Intelligence (AI), Data and Analytics, Financial Services, Health Care, Science and Engineering, Software",1-10,"Artificial Intelligence (AI), Developer APIs, Employee Benefits, Health Care, Insurance, Software","New York, New York, United States",Sohar Health automates insurance verification for behavioral health providers with EHR integration and real-time eligibility updates.,"20,409",,"18,171",https://www.soharhealth.com,hello@soharhealth.com,https://www.linkedin.com/company/sohar-health,+15856342575,2023-09-29,Seed,3200000,USD,3200000
Liv Labs,https://www.crunchbase.com/organization/liv-labs,"Health Care, Sports",1-10,"Fitness, Health Care, Personal Health, Wellness","Chicago, Illinois, United States",Pelvic floor fitness made easy and affordable,"20,423",,"18,184",https://www.livlabsfitness.com,info@livlabsfitness.com,https://www.linkedin.com/company/livlabsfitness,847-220-4478,2024-07-10,Grant,563008,USD,563008
Vera Health,https://www.crunchbase.com/organization/vera-health,"Artificial Intelligence (AI), Data and Analytics, Health Care, Other, Science and Engineering, Software",1-10,"Artificial Intelligence (AI), B2B, Generative AI, Health Care","San Francisco, California, United States",Vera Health is a Software Development firm offering accelerating evidence-based medicine.,"20,442",,"18,201",https://verahealth.ai,,https://linkedin.com/in/vera-health-ai,,2024-09-25,Pre-Seed,500000,USD,500000
Parakeet Health,https://www.crunchbase.com/organization/parakeet-health,"Administrative Services, Artificial Intelligence (AI), Data and Analytics, Health Care, Science and Engineering, Software",1-10,"Artificial Intelligence (AI), Call Center, Generative AI, Health Care","San Francisco, California, United States",Parakeet Health is a AI contact center agent for healthcare practices.,"20,451",,"18,209",https://www.parakeethealth.com,hello@parakeethealth.com,https://www.linkedin.com/company/parakeet-health,,2024-10-15,Seed,3000000,USD,3000000
Prevencio,https://www.crunchbase.com/organization/prevencio,Health Care,1-10,"Health Care, Health Diagnostics, Medical","Kirkland, Washington, United States",Prevencio is a developer of multi-proteomic biomarkers designed to revolutionize blood tests for cardiovascular disease.,"20,478",,"18,235",http://www.prevenciomed.com,rrhyne@prevenciomed.com,https://www.linkedin.com/company/prevencio-inc.,(425) 576-1200,2024-05-29,Non-equity Assistance,,,
Attuned Intelligence,https://www.crunchbase.com/organization/attuned-intelligence,"Artificial Intelligence (AI), Data and Analytics, Health Care, Professional Services, Science and Engineering, Software",1-10,"Artificial Intelligence (AI), Consulting, Health Care","Orlando, Florida, United States",Attuned Intelligence is a healthcare AI business that specialises in modernizing hospital and health system call centres.,"20,490",,"18,247",https://www.attuned-intelligence.com,hello@attuned-intelligence.com,https://www.linkedin.com/company/attuned-intelligence,,2025-10-07,Seed,13000000,USD,13000000
Zen,https://www.crunchbase.com/organization/zen-9b7a,"Health Care, Software, Sports",1-10,"Fitness, Health Care, Software, Wellness","San Francisco, California, United States",Posture Correction Software,"20,524",,"18,280",https://www.yayzen.com,,https://www.linkedin.com/company/posturehealth,,2021-08-26,Seed,3500000,USD,3500000
Freedom Biosciences,https://www.crunchbase.com/organization/freedom-biosciences,"Biotechnology, Health Care, Science and Engineering",1-10,"Biotechnology, Therapeutics","San Francisco, California, United States",Freedom Biosciences is a biotechnology platform developing next-generation psychedelic therapeutics.,"20,560",,"18,311",https://www.freedombio.co/,hello@freedombio.co,https://www.linkedin.com/company/freedom-biosciences/about/,,2025-02-21,Venture - Series Unknown,,,
Arda Therapeutics,https://www.crunchbase.com/organization/arda-therapeutics,"Biotechnology, Health Care, Science and Engineering",1-10,"Biotechnology, Health Care, Therapeutics","San Francisco, California, United States",Arda is taking aim at chronic diseases and aging by eliminating the pathogenic cells that drive these conditions.,"20,565",,"18,316",https://www.ardatx.com,,https://www.linkedin.com/company/arda-therapeutics,,2024-10-01,Series A,43000000,USD,43000000
SonoVascular,https://www.crunchbase.com/organization/sonovascular,Health Care,1-10,"Health Care, Medical Device, Wellness","Chapel Hill, North Carolina, United States",SonoVascular develops a multi-mechanistic thrombectomy system for the treatment of arterial and venous diseases.,"20,619",,"18,369",https://www.sonovascular.com/,,https://www.linkedin.com/company/sonovascular.com,,2026-02-03,Series A,6000000,USD,6000000
MedSetGo,https://www.crunchbase.com/organization/medsetgo,Health Care,1-10,"Health Care, Home Health Care, Medical","Fremont, California, United States",At-Home Care Platform,"20,629",,"18,377",http://medsetgo.com,info@medsetgo.com,https://www.linkedin.com/company/medsetgo,,2025-09-15,Seed,2400000,USD,2400000
Oral Genome,https://www.crunchbase.com/organization/oral-genome,Health Care,1-10,"Dental, Health Care, Health Diagnostics, Wellness","Carlsbad, California, United States",Oral Genome is a health and wellness company for dental medication.,"20,649",,"18,397",https://www.oralgenome.com,,https://www.linkedin.com/company/oralgenome,,2025-01-31,Seed,3107595,USD,3107595
Sesh+,https://www.crunchbase.com/organization/sesh-products,"Commerce and Shopping, Consumer Goods, Food and Beverage, Health Care, Manufacturing",1-10,"Consumer Goods, Manufacturing, Pharmaceutical, Tobacco, Wholesale","Vancouver, British Columbia, Canada",Sesh+ sells innovative risk-reduced nicotine products with a mission of eliminating tobacco related harm.,"20,652",,"18,400",http://www.seshproducts.com ,,https://www.linkedin.com/company/sesh-products,,2025-09-04,Venture - Series Unknown,,,
Talk2View,https://www.crunchbase.com/organization/talk2view,"Artificial Intelligence (AI), Hardware, Health Care, Information Technology, Software",1-10,"AI Infrastructure, Health Care, Information Technology, Medical Device, Software","Perth, Western Australia, Australia",Managed AI Infrastructure,"20,660",,"18,405",https://www.talk2view.com,kat@talk2view.com,https://www.linkedin.com/company/talk2view/,,2025-08-01,Pre-Seed,231500,AUD,149756
1606 Corp.,https://www.crunchbase.com/organization/1606-corp,"Community and Lifestyle, Food and Beverage, Health Care",1-10,"Cannabis, Medical","Phoenix, Arizona, United States",1606 Corp is a smokable hemp brand of SinglePoint.,"20,686",,"18,427",https://cbdw.ai/,,,602-481-1544,2025-12-03,Post-IPO Equity,6000000,USD,6000000
Kudos,https://www.crunchbase.com/organization/kudos-e937,"Commerce and Shopping, Community and Lifestyle, Consumer Goods, Health Care",1-10,"Baby, Consumer Goods, Health Care, Retail","Boston, Massachusetts, United States",Kudos is a retail company that offers natural disposable baby diapers with cotton liners.,"20,724",,"18,461",https://mykudos.com/,hello@mykudos.com,https://www.linkedin.com/company/kudostobaby/,,2024-07-11,Seed,3000000,USD,3000000
Auxa Health,https://www.crunchbase.com/organization/nightingale-health-08af,"Health Care, Information Technology",1-10,"Health Care, Health Diagnostics, Information Technology","New York, New York, United States",Auxa Health is a healthcare technology firm focused on social care orchestration.,"20,781",,"18,512",https://www.auxahealth.com,hello@auxahealth.com,https://www.linkedin.com/company/auxahealth,,2024-04-22,Seed,5200000,USD,5200000
Mighty Health,https://www.crunchbase.com/organization/mighty-health-4f22,"Health Care, Sports",1-10,"Fitness, Health Care, Wellness","San Francisco, California, United States","Mighty Health is a personal health coach that offers joint-friendly, low-impact workouts for healthy aging.","20,784",,"18,515",http://www.mightyhealth.com,support@mightyhealth.com,https://www.linkedin.com/company/mightyhealth,,2023-01-25,Series A,7600000,USD,7600000
Claim Health,https://www.crunchbase.com/organization/claim-health,Health Care,1-10,"Health Care, Hospital, Medical","New York, New York, United States",Claim Health is a AI revenue platform that is fully automated through AI billing for healthcare industry.,"20,843",,"18,569",https://www.claimhealth.com/,support@claimhealth.ai,https://www.linkedin.com/company/claim-health/,,2026-01-21,Seed,4400000,USD,4400000
Bodily,https://www.crunchbase.com/organization/bodily,"Community and Lifestyle, Health Care",1-10,"Health Care, Wellness, Women's","New York, New York, United States",Bodily offers evidence-based research and design-led products for women's bodies and health.,"20,845",,"18,571",http://www.itsbodily.com,hello@itsbodily.com,https://www.linkedin.com/company/itsbodily/,,2023-05-26,Convertible Note,,,
Intensity Therapeutics,https://www.crunchbase.com/organization/intensity-therapeutics,"Biotechnology, Health Care, Science and Engineering",1-10,"Biopharma, Biotechnology, Therapeutics","Norwalk, Connecticut, United States",Intensity Therapeutics is a biopharmaceutical company that provides chemotherapy treatment for cancer patients.,"20,880",,"18,604",http://www.intensitytherapeutics.com,info@intensitytherapeutics.com,https://www.linkedin.com/company/intensity-therapeutics,+1 2036641051,2025-10-31,Post-IPO Equity,4000000,USD,4000000
Spectrum Regenerative,https://www.crunchbase.com/organization/spectrum-advance-liver-care,"Biotechnology, Health Care, Science and Engineering",1-10,"Biotechnology, Life Science, Pharmaceutical",,Transforming care in high-mortality liver conditions with novel small-molecule therapies.,"20,943",,"18,664",https://spectrumregenerative.com/,max@spectrumregenerative.com,https://www.linkedin.com/company/spectrum-regenerative/,,2026-01-06,Convertible Note,100000,USD,100000
Verility,https://www.crunchbase.com/organization/verility,"Agriculture and Farming, Health Care",1-10,"Agriculture, AgTech, Fertility","Maxwell, Indiana, United States",Veterinary provides fertility analysis products that enable livestock producers and breeders to accelerate reproductive performance.,"20,951",,"18,672",https://www.verilityco.com,liane.hart@verilityco.com,https://www.linkedin.com/company/verility-inc/?viewAsMember=true,,2022-07-27,Series A,3999998,USD,3999998
Izote Biosciences,https://www.crunchbase.com/organization/izote-biosciences,"Biotechnology, Health Care, Science and Engineering",1-10,"Biotechnology, Genetics, Life Science","Berkeley, California, United States",Biomanufacturing Scale-Up Solution,"20,955",,"18,674",https://Izote.bio,,,,2025-02-01,Pre-Seed,3100000,USD,3100000
Ventis Medical,https://www.crunchbase.com/organization/ventis-medical,"Health Care, Manufacturing",1-10,"Health Care, Manufacturing, Medical, Medical Device","Princeton, New Jersey, United States","Ventis Medical is a supplier and developer of a medical devices for a low-cost, simple-to-use ventilator.","20,991",,"18,709",https://www.ventismed.com,inquiries@ventismed.com,https://www.linkedin.com/company/ventis-med,,2021-06-04,Venture - Series Unknown,4144003,USD,4144003
Protein Dynamic Solutions,https://www.crunchbase.com/organization/protein-dynamic-solutions,"Artificial Intelligence (AI), Biotechnology, Data and Analytics, Health Care, Science and Engineering, Software",1-10,"Biopharma, Biotechnology, Developer Tools, Life Science, Predictive Analytics, Therapeutics","Wakefield, Massachusetts, United States","Biotherapeutics Analytical Instrumentation for AI, R&D and Manufacturing [ HT multi-attribute multi-variate (MAM) and label free analysis].","21,005",,"18,722",https://pdsbio.com,info@pdsbio.com,https://www.linkedin.com/company/protein-dynamic-solutions-llc/,978-594-6955,2025-11-07,Venture - Series Unknown,1772369,USD,1772369
Eolo Pharma,https://www.crunchbase.com/organization/eolo-pharma,"Biotechnology, Health Care, Science and Engineering",1-10,"Biopharma, Biotechnology, Health Care, Pharmaceutical","Wilmington, Delaware, United States",Eolo Pharma focuses on developing drugs targeting the molecular and cellular basis of inflammation-related diseases.,"21,015",,"18,730",https://eolo-pharma.com/,contact@eolo-pharma.com,https://www.linkedin.com/company/eolo-pharma/,,2023-02-08,Venture - Series Unknown,1799999,USD,1799999
Cast21,https://www.crunchbase.com/organization/cast21,Health Care,1-10,"Health Care, Medical Device, Pharmaceutical","Memphis, Tennessee, United States",Cast21 is a developer of medical orthopedic products to create a waterproof and breathable cast for fracture and joint care.,"21,027",,"18,740",http://cast21.com/,,https://www.linkedin.com/company/cast21official/,+1 (217) 381-2395,2023-03-13,Grant,,,
Barnwell Bio,https://www.crunchbase.com/organization/barnwell-bio,"Biotechnology, Health Care, Science and Engineering, Sustainability",1-10,"Biotechnology, Veterinary, Waste Management","Brooklyn, New York, United States",Barnwell Bio analyzes waste streams for insights into animal health and farm management.,"21,039",,"18,752",https://www.barnwellbio.com,,https://www.linkedin.com/company/barnwellbio,,2026-01-26,Seed,6000000,USD,6000000
Ligandal,https://www.crunchbase.com/organization/ligandal,"Biotechnology, Health Care, Science and Engineering",1-10,"Biotechnology, Genetics, Nanotechnology","Brooklyn, New York, United States",Ligandal is creating delivery systems and AI-driven targeting approaches for cell-specific and precision genetic medicine.,"21,077",,"18,785",http://www.ligandal.com,press@ligandal.com,https://www.linkedin.com/company/ligandal-inc.,,2019-02-01,Seed,1800000,USD,1800000
Medasi,https://www.crunchbase.com/organization/medasi,"Apps, Commerce and Shopping, Consumer Goods, Financial Services, Health Care, Internet Services, Media and Entertainment, Mobile, Other, Payments, Software",1-10,"Beauty, Marketplace, Mobile Apps, Payments, Personal Health, Professional Services, SaaS, Social Media, Software, Wellness","Asheville, North Carolina, United States",Medasi is a beauty tech company that offers a SaaS-enabled mobile platform for haircare through booking professional styles.,"21,098",,"18,806",https://getmedasi.com/,,https://www.linkedin.com/company/medasi-com/,,2025-03-09,Pre-Seed,5000,USD,5000
Five to Nine,https://www.crunchbase.com/organization/five-to-nine,"Administrative Services, Community and Lifestyle, Health Care, Other, Software",1-10,"B2B, Communities, Employee Benefits, Millennials, Social, Software","Chicago, Illinois, United States",Five to Nine manages & evaluates virtual event programming so you can focus on building the employee experience.,"21,114",,"18,822",http://fivetonine.co,info@fivetonine.co,https://www.linkedin.com/company/five-to-nine,(419) 410-3772,2024-05-06,Non-equity Assistance,,,
Pepper Bio,https://www.crunchbase.com/organization/pepper-bio,"Biotechnology, Health Care, Science and Engineering",1-10,"Biopharma, Biotechnology, Clinical Trials","Dedham, Massachusetts, United States",Pepper Bio is a trans-omics company that helps researchers and drug developers discover new drugs.,"21,127",,"18,835",https://pepper.bio/,contact@pepper.bio,https://www.linkedin.com/company/pepperbio,617-430-6607,2023-11-30,Seed,6500000,USD,6500000
ATDev,https://www.crunchbase.com/organization/atdev,"Health Care, Information Technology",1-10,"Assistive Technology, Information Technology, Medical Device","Berkeley, California, United States",ATDev provides assistive technology and medical device solutions.,"21,140",,"18,848",https://www.assistivetech.dev/,,https://www.linkedin.com/company/assistive-technology-development-inc/,,2025-10-16,Seed,3000000,USD,3000000
Known Medicine,https://www.crunchbase.com/organization/known-medicine,"Artificial Intelligence (AI), Biotechnology, Data and Analytics, Health Care, Science and Engineering, Software",1-10,"Artificial Intelligence (AI), Biotechnology, Health Care, Life Science, Medical","Salt Lake City, Utah, United States",Known Medicine combines patient-specific 3D cell culture and AI to translate drugs to clinical success,"21,159",,"18,866",https://www.knownmed.com/,,https://www.linkedin.com/company/known-medicine/,,2022-03-29,Seed,,,
PAQ Therapeutics,https://www.crunchbase.com/organization/paq-therapeutics,"Biotechnology, Health Care, Science and Engineering",1-10,"Biotechnology, Health Care, Therapeutics","Cambridge, Massachusetts, United States",PAQ Therapeutics is a biotechnology company pioneering a new approach to restoring health and curing disease through autophagy.,"21,203",,"18,904",https://www.paqtx.com/,,https://www.linkedin.com/company/paq-therapeutics/,(540) 958-1011,2026-01-22,Series B,38000000,USD,38000000
Roga,https://www.crunchbase.com/organization/roga-life,"Biotechnology, Consumer Electronics, Hardware, Health Care, Science and Engineering",1-10,"Consumer Electronics, Health Care, Mental Health, Neuroscience, Personal Health, Wearables, Wellness","Oakland, California, United States",Roga is a health tech platform solution based on Neuroscience and AI,"21,244",,"18,941",http://www.rogalife.com,Info@RogaLife.com,https://www.linkedin.com/company/roga,+1 510-326-5896,2024-02-28,Pre-Seed,1200000,USD,1200000
Madorra,https://www.crunchbase.com/organization/madorra,"Community and Lifestyle, Health Care",1-10,"Health Care, Medical, Medical Device, Personal Health, Wellness, Women's","Portland, Oregon, United States",Madorra is a women's health firm that develops solutions to improve quality of life after menopause.,"21,250",,"18,946",http://www.madorra.com/,info@madorra.com,https://www.linkedin.com/company/madorra-inc-,,2022-12-05,Non-equity Assistance,,,
Evoq Therapeutics,https://www.crunchbase.com/organization/evoq-therapeutics,"Biotechnology, Health Care, Science and Engineering",1-10,"Biopharma, Biotechnology, Health Care, Life Science, Medical","Ann Arbor, Michigan, United States",Evoq Therapeutics is a cancer immunotherapy company that provides disease-specific immune modulators.,"21,277",,"18,969",https://www.evoqtherapeutics.com/,info@evoqtherapeutics.com,https://www.linkedin.com/company/evoq-therapeutics,,2024-08-29,Grant,2000000,USD,2000000
Medbill AI,https://www.crunchbase.com/organization/medbill-ai,"Artificial Intelligence (AI), Data and Analytics, Financial Services, Health Care, Science and Engineering, Software",1-10,"Artificial Intelligence (AI), Consumer Software, FinTech, Health Care","New York, New York, United States",Medbill AI offers an AI assistant that helps users with medical billing and health insurance issues.,"21,301",,"18,992",https://www.medbill.ai,hi@medbill.ai,https://www.linkedin.com/company/medbill-ai,,2024-07-23,Seed,16254985,USD,16254985
PROFIT,https://www.crunchbase.com/organization/profitbusinessbank,"Administrative Services, Financial Services, Health Care, Lending and Investments, Payments, Professional Services, Software",1-10,"Accounting, Banking, Debit Cards, Employee Benefits, Finance, Financial Services, FinTech, Payments, Software","New York, New York, United States",PROFIT is an online bank for small businesses with built-in accounting software that does bookkeeping for FREE.,"21,366",,"19,055",https://www.bankprofit.com,info@bankprofit.com,https://www.linkedin.com/company/bankprofithq/,800-899-4054,2023-01-01,Venture - Series Unknown,,,
TRIMTECH Therapeutics,https://www.crunchbase.com/organization/trimtech-therapeutics,"Biotechnology, Health Care, Science and Engineering",1-10,"Biotechnology, Medical, Therapeutics","Cambridge, Massachusetts, United States",TRIMTECH Therapeutics treats inflammatory and persistent CNS conditions by focusing on the elimination of harmful proteins.,"21,368",,"19,057",https://trimtechtherapeutics.com/,,https://www.linkedin.com/company/trimtech-therapeutics-limited/,+44 (0)1223 767800,2025-03-05,Seed,31000000,USD,31000000
Better & Better,https://www.crunchbase.com/organization/better-better,"Commerce and Shopping, Consumer Goods, Health Care",1-10,"Consumer Goods, E-Commerce, Personal Health","New York, New York, United States","Better & Better provides personal care products such as organic toothpaste in an eco-friendly, reusable dispenser.","21,401",,"19,087",https://betterandbetter.com/,support@betterandbetter.com,https://www.linkedin.com/company/betterandbetter/,,2024-09-02,Seed,55000,USD,55000
GRI Bio,https://www.crunchbase.com/organization/gri-bio,"Biotechnology, Health Care, Science and Engineering",1-10,"Biopharma, Biotechnology, Life Science, Pharmaceutical","La Jolla, California, United States",GRI Bio is a biotech company that develops therapies to treat inflammatory diseases.,"21,442",,"19,128",http://www.gribio.com/,,https://in.linkedin.com/company/glycoregimmune-inc.,(619) 400-1171,2025-12-11,Post-IPO Equity,8000000,USD,8000000
OverT Bio,https://www.crunchbase.com/organization/overt-bio,"Biotechnology, Health Care, Science and Engineering",1-10,"Biotechnology, Life Science, Therapeutics","New York, New York, United States",OverT Bio operates as a biotech company that provide cell therapy for cancers.,"21,453",,"19,139",https://www.overt.bio,,https://www.linkedin.com/company/overt-bio/,,2024-11-22,Grant,120000,USD,120000
Welfie,https://www.crunchbase.com/organization/welfie,"Education, Health Care, Sports",1-10,"Education, Fitness, Health Care, Wellness","San Diego, California, United States",Welfie is a school health platform helping k-12 schools deal with the health issues of their time.,"21,462",,"19,147",https://www.welfie.com,,https://www.linkedin.com/company/welfie/,,2023-06-05,Seed,150000,USD,150000
Kinspire,https://www.crunchbase.com/organization/kinspire,"Community and Lifestyle, Education, Health Care, Software",1-10,"Children, Education, Health Care, Productivity Tools","Denver, Colorado, United States",Kinspire focuses on supporting the developmental needs of children and their families through pediatric occupational therapy.,"21,480",,"19,164",https://www.kinspirehealth.com/,hello@kinspireapp.com,https://www.linkedin.com/company/kinspirehealth/,,2023-01-20,Seed,3600000,USD,3600000
Solstice Health,https://www.crunchbase.com/organization/solstice-health,"Artificial Intelligence (AI), Data and Analytics, Health Care, Science and Engineering, Software",1-10,"Artificial Intelligence (AI), Electronic Health Record (EHR), Health Care, Medical, Oncology","New York, New York, United States",Solstice Health is an AI life sciences marketing platform that offers a clinical data retrieval platform for oncology practice.,"21,523",,"19,202",https://www.solsticehealth.co,info@solsticehealth.co,https://www.linkedin.com/company/solsticehealth,1 (267) 324-1762,2025-02-05,Seed,3500000,USD,3500000
Kavira Health,https://www.crunchbase.com/organization/kavira-health,Health Care,1-10,"Health Care, Hospital, Primary and Urgent Care","Minneapolis, Minnesota, United States","Kavira Health is a primary and urgent care clinic that provides all care virtually, and via in-person home visits","21,536",,"19,215",https://www.kavirahealth.com/,,https://www.linkedin.com/company/kavira-health,763-373-3856,2026-03-26,Venture - Series Unknown,2782500,USD,2782500
GelSana,https://www.crunchbase.com/organization/gelsana,"Biotechnology, Health Care, Science and Engineering",1-10,"Biotechnology, Medical Device","Aurora, Colorado, United States",GelSana Therapeutics develops novel advanced polymers to improve wound healing,"21,562",,"19,241",https://gelsanatherapeutics.com,info@gelsanatherapeutics.com,https://www.linkedin.com/company/gelsana,(720) 823-9147,2025-03-03,Seed,,,
Polaris Quantum Biotech,https://www.crunchbase.com/organization/polaris-quantum-biotech,"Artificial Intelligence (AI), Biotechnology, Data and Analytics, Health Care, Science and Engineering, Software",1-10,"Artificial Intelligence (AI), Biotechnology, Health Care, Precision Medicine, Quantum Computing","Durham, North Carolina, United States",Polaris Quantum Biotech revolutionizes drug design by joining quantum computing with AI and precision medicine.,"21,577",,"19,255",https://www.polarisqb.com/,info@polarisqb.com,https://www.linkedin.com/company/polarisqb/,+1 91-9200-0592,2024-12-30,Seed,,,
NanoZymeX,https://www.crunchbase.com/organization/nanozymex,Health Care,1-10,Pharmaceutical,"Basel, Basel-Stadt, Switzerland",NanoZymeX is a nanobiotechnology startup creating next-generation enzyme replacement treatments.,"21,579",,"19,257",https://www.nanozymex.com,,https://www.linkedin.com/company/nanozymex,,2026-03-24,Grant,150000,CHF,190222
Switchback Systems,https://www.crunchbase.com/organization/switchback-systems,"Biotechnology, Health Care, Science and Engineering",1-10,"Biopharma, Biotechnology, Life Science","San Francisco, California, United States",Switchback Systems is an early stage startup working to democratize DNA synthesis.,"21,586",,"19,264",https://switchbacksys.com,,https://www.linkedin.com/company/switchback-sys,,2024-08-08,Venture - Series Unknown,11330258,USD,11330258
HelloRelish,https://www.crunchbase.com/organization/hellorelish,"Artificial Intelligence (AI), Community and Lifestyle, Data and Analytics, Health Care, Science and Engineering, Software",1-10,"Artificial Intelligence (AI), Dating, Lifestyle, Software, Wellness","New York, New York, United States",HelloRelish is a relationship wellness app that delivers personalized plan to rebuild your relationships.,"21,616",,"19,292",https://hellorelish.com,help@hellorelish.com,https://www.linkedin.com/company/hellorelish/,(914) 341-1092,2020-04-27,Series A,5000000,USD,5000000
Nest Genomics (YC W22),https://www.crunchbase.com/organization/nest-genomics,Health Care,1-10,Health Care,"New York, New York, United States","Nest Genomics is a lab-agnostic, comprehensive software solution for implementing genomic programs at scale.","21,617",,"19,293",https://www.nestgenomics.com,,https://www.linkedin.com/company/nesthealth,,2023-01-10,Seed,8500000,USD,8500000
"IntuiTap Medical, Inc",https://www.crunchbase.com/organization/intuitap-medical-inc,Health Care,1-10,"Health Care, Medical Device","Chicago, Illinois, United States",IntuiTap Medical is a medical device company that is eliminating the guesswork from spinal taps and epidurals.,"21,711",,"19,377",http://www.intuitapmedical.com,info@intuitapmedical.com,https://www.linkedin.com/company/intuitapmedical-inc.,,2021-12-22,Grant,1000000,USD,1000000
GeniPhys,https://www.crunchbase.com/organization/geniphys,Health Care,1-10,"Health Care, Medical, Medical Device","Zionsville, Indiana, United States",GeniPhys is a medical technology company that plans to develop and commercialize its patented technology.,"21,739",,"19,401",https://www.geniphys.com,info@geniphys.com,https://www.linkedin.com/company/geniphys,317-973-0523,2026-02-13,Venture - Series Unknown,2999910,USD,2999910
First Ascent Biomedical,https://www.crunchbase.com/organization/first-ascent-biomedical,"Artificial Intelligence (AI), Biotechnology, Data and Analytics, Health Care, Science and Engineering, Software",1-10,"Artificial Intelligence (AI), Biotechnology, Health Care, Machine Learning, Medical, Software","Miami, Florida, United States",First Ascent Biomedical is a biotechnology company that uses artificial intelligence to design individualized treatment plans.,"21,753",,"19,415",https://www.firstascentbiomedical.com,dburruss@firstascentbio.com,https://www.linkedin.com/company/33248181/,,2025-06-05,Grant,350000,USD,350000
Rosy Wellness,https://www.crunchbase.com/organization/rosy,"Community and Lifestyle, Hardware, Health Care, Mobile, Software",1-10,"mHealth, Personal Health, Sex Tech, Wellness, Women's","Dallas, Texas, United States",Rosy Wellness develops a sexual health and wellness app-based platform for women.,"21,892",,"19,544",https://www.meetrosy.com/,hello@meetrosy.com,https://www.linkedin.com/company/meet_rosy/,469-249-2377,2025-04-10,Series A,,,
Describe,https://www.crunchbase.com/organization/describe,"Artificial Intelligence (AI), Data and Analytics, Health Care, Science and Engineering, Software",1-10,"Artificial Intelligence (AI), Health Care",,"One platform to manage credentialing, recruitment, scheduling, payroll, and provider metrics.","21,899",,"19,551",https://www.describemedical.com/,team@describemed.com,https://www.linkedin.com/company/describe/,,2024-10-07,Pre-Seed,660000,USD,660000
Fertitude,https://www.crunchbase.com/organization/fertitude,"Community and Lifestyle, Hardware, Health Care, Software",1-10,"Fertility, Health Care, Mental Health, Personal Health, Sex Tech, Wellness","London, England, United Kingdom","Fertitude is an AI reproductive health companion that helps women understand their bodies, take action & connect to human care when needed.","21,902",,"19,554",https://www.fertitude.com/,kieva@fertitude.co,https://www.linkedin.com/company/fertitude/,,2025-12-21,Grant,5000000,NGN,3425
Psyflo,https://www.crunchbase.com/organization/psyflo,"Education, Health Care, Software",1-10,"EdTech, Education, Mental Health","New York, New York, United States",Scaling Mental Health Support For K-12 Schools,"21,925",,"19,576",http://www.psyflo.com,hello@psyflo.com,https://www.linkedin.com/company/psyflocares/?viewAsMember=true,,2025-06-01,Grant,40000,USD,40000
N1 Life,https://www.crunchbase.com/organization/n1-life,"Biotechnology, Health Care, Science and Engineering",1-10,"Biotechnology, Life Science, Medical","Milpitas, California, United States",A biotech comany advancing tissue-selective drug delivery platform technologies to revolutionize drug development.,"21,939",,"19,589",https://www.n1life.co/,contact@n1life.co,,,2023-04-17,Seed,10000000,USD,10000000
Happypop,https://www.crunchbase.com/organization/happypop,"Consumer Goods, Food and Beverage, Health Care",1-10,"Consumer Goods, Food and Beverage, Mental Health, Wellness","Culver City, California, United States",Happypop is a beverage company specializing in Mood-Boosting and Clean Energy.,"21,952",,"19,601",https://www.drinkhappypop.com,maya@drinkhappypop.com,https://www.linkedin.com/company/happypop,,2024-07-01,Pre-Seed,250000,USD,250000
Fourth Vital,https://www.crunchbase.com/organization/fourth-vital,"Artificial Intelligence (AI), Data and Analytics, Health Care, Science and Engineering, Software",1-10,"Artificial Intelligence (AI), Health Care, Machine Learning","San Francisco, California, United States",AI-native upstream kidney-risk infrastructure layer detecting kidney function decline before labs and symptoms.,"21,974",,"19,620",https://fourthvital.ai,patanjali@fourthvital.ai,https://www.linkedin.com/company/fourth-vital/,,2026-02-01,Pre-Seed,250000,USD,250000
Tend Health,https://www.crunchbase.com/organization/microbiomx,Health Care,1-10,"Health Care, Medical, Medical Device","Seattle, Washington, United States",Tend Health provides innovative devices and data analysis for understanding and harnessing the power of the gut microbiome.,"21,995",,"19,640",http://tend-health.com,info@tend-health.com,https://www.linkedin.com/company/tend-health-inc,,2023-04-27,Convertible Note,,,
Madison Scientific,https://www.crunchbase.com/organization/madison-scientific,"Biotechnology, Health Care, Manufacturing, Science and Engineering",1-10,"Biotechnology, Manufacturing, Medical Device, Neuroscience","Chicago, Illinois, United States",Madison Scientific develops solutions for optimizing hydrocephalus treatment and creates novel neurological devices.,"22,074",,"19,715",https://madisonscientific.com,info@Madisonscientific.com,https://www.linkedin.com/company/madison-scientific-inc,,2025-09-08,Seed,3000000,USD,3000000
Hipp Health,https://www.crunchbase.com/organization/hipp-health,"Artificial Intelligence (AI), Data and Analytics, Health Care, Science and Engineering, Software",1-10,"Artificial Intelligence (AI), Health Care, Software, Wellness","San Francisco, California, United States",Hipp Health offers an AI-native platform that streamlines and automates behavioral health practice management operations.,"22,082",,"19,723",https://www.hipp.health,,https://www.linkedin.com/company/hipp-ai,,2025-10-06,Seed,6200000,USD,6200000
Nucleus RadioPharma,https://www.crunchbase.com/organization/nucleus-radiopharma,Health Care,1-10,Health Care,"Rochester, Minnesota, United States",Nucleus RadioPharma is a new company built to ensure cancer patients can access potentially life-saving radiopharmaceuticals.,"22,098",,"19,739",https://www.nucleusrad.com,info@nucleusrad.com,https://www.linkedin.com/company/nucleus-radiopharma,,2024-06-05,Series A,,,
Outrun TX,https://www.crunchbase.com/organization/outrun-tx,"Biotechnology, Health Care, Science and Engineering",1-10,"Biotechnology, Health Care, Medical, Therapeutics","Dundee, Dundee City, United Kingdom",Outrun TX develops a platform for the identification of therapeutics that selectively target the protein degradation pathway.,"22,109",,"19,750",https://outruntx.com/,info@outruntx.com,https://www.linkedin.com/company/outrun-therapeutics/,,2024-04-18,Seed,10000000,USD,10000000
Alba Health,https://www.crunchbase.com/organization/alba-health-6ea8,"Artificial Intelligence (AI), Biotechnology, Data and Analytics, Health Care, Science and Engineering, Software",1-10,"Artificial Intelligence (AI), Biotechnology, Wellness","Stockholm, Stockholms Lan, Sweden",Alba Health provides digital gut health support to children based on AI and gut microbiome testing.,"22,113",,"19,753",https://www.albahealth.com,hello@albahealth.se,http://linkedin.com/company/alba-health-aps,,2025-05-27,Seed,2500000,USD,2500000
Kinisi,https://www.crunchbase.com/organization/kinisi,"Artificial Intelligence (AI), Consumer Electronics, Data and Analytics, Hardware, Health Care, Science and Engineering, Software, Sports",1-10,"Artificial Intelligence (AI), Fitness, Health Care, Medical, Sports, Wearables","Campbell, California, United States",Kinisi is a revolutionizing motion health with insights from surgeons who understand the journey to recovery.,"22,120",,"19,760",https://www.kinisi.ai,info@kinisi.ai,https://www.linkedin.com/company/kinisiai,,2024-05-29,Pre-Seed,437000,USD,437000
Mosanna Therapeutics,https://www.crunchbase.com/organization/mosanna-therapeutics,"Biotechnology, Health Care, Science and Engineering",1-10,"Biotechnology, Pharmaceutical, Therapeutics","Redwood City, California, United States",Mosanna Therapeutics develops a nasal spray for treating obstructive sleep apnea.,"22,150",,"19,788",https://mosanna.com,info@mosanna.com,https://www.linkedin.com/company/mosanna-therapeutics,+1 650 381 9916,2025-06-09,Series A,80000000,USD,80000000
Darmiyan,https://www.crunchbase.com/organization/darmiyan,"Artificial Intelligence (AI), Biotechnology, Data and Analytics, Health Care, Science and Engineering, Software",1-10,"Artificial Intelligence (AI), Health Diagnostics, Machine Learning, Medical, Neuroscience","San Francisco, California, United States","Darmiyan has developed the first AI-powered software platform for early detection, monitoring, and stratification of Alzheimer's disease.","22,158",,"19,794",https://www.darmiyan.com/,info@darmiyan.com,https://www.linkedin.com/company/darmiyan/,510-404-0269,2023-10-17,Venture - Series Unknown,3536249,USD,3536249
Aviwell,https://www.crunchbase.com/organization/aviwell,"Agriculture and Farming, Biotechnology, Health Care, Science and Engineering",1-10,"AgTech, Biotechnology, Health Care","Toulouse, Midi-Pyrenees, France",Aviwell develops feed solutions that enhance animal growth and health for livestock producers.,"22,216",,"19,850",https://aviwell.fr,contact@aviwell.fr,https://www.linkedin.com/company/aviwell,,2026-01-23,Series A,11000000,EUR,12925969
PlantBaby,https://www.crunchbase.com/organization/plantbaby,"Food and Beverage, Health Care, Sustainability",1-10,"Food and Beverage, Nutrition, Organic, Plant-Based Foods","Hawaii National Park, Hawaii, United States","PlantBaby develops portfolio of clean-label, organic, plant-based foods and beverages to support families.","22,233",,"19,865",https://www.plantbaby.co,hello@plantbaby.com,https://www.linkedin.com/company/plantbabyco,,2025-02-04,Seed,4500000,USD,4500000
SIDIS Health,https://www.crunchbase.com/organization/sidis-health,"Apps, Health Care, Information Technology, Mobile, Software",1-10,"Electronic Health Record (EHR), Enterprise Applications, Enterprise Resource Planning (ERP), Enterprise Software, Health Care, Information Technology, Mobile Apps, SaaS, Software","Escondido, California, United States","SIDIS Health is an Enterprise SaaS 2.0+AI EHR/Clinic Operations Platform for Autism/ABA Therapy Services, Business & Financial Management","22,244",,"19,876",https://www.sidishealth.com/,jeff@sidishealth.com,https://www.linkedin.com/company/sidishealth/,833-268-2777,2026-04-02,Venture - Series Unknown,10900121,USD,10900121
Progentec Diagnostics,https://www.crunchbase.com/organization/progentec-diagnostics-inc,"Biotechnology, Health Care, Science and Engineering",1-10,"Biotechnology, Health Care, Health Diagnostics, Medical, Therapeutics","Oklahoma City, Oklahoma, United States",Progentec is engaged in state of the art diagnostic interventions in therapeutic areas with a high level of unmet need.,"22,246",,"19,878",http://www.progentec.com,mpurushothaman@progentec.com,https://www.linkedin.com/company/progentec-diagnostics-inc-/,405.216.4818,2026-04-09,Grant,,,
SeaBeLife,https://www.crunchbase.com/organization/seabelife,"Biotechnology, Health Care, Science and Engineering",1-10,"Biotechnology, Health Care, Medical","Roscoff, Bretagne, France",SeaBeLife is a biotechnology company that develops a range of drug candidates.,"22,259",,"19,891",https://www.seabelife.com/,contact@seabelife.com,https://www.linkedin.com/company/seabelife-biotech/,+33(0)2 98 29 23 48,2025-10-01,Seed,2000000,EUR,2346586
Peptinovo Biopharma,https://www.crunchbase.com/organization/peptinovo-biopharma,"Biotechnology, Health Care, Science and Engineering",1-10,"Biopharma, Biotechnology, Therapeutics","Ann Arbor, Michigan, United States",Peptinovo develops novel nanoparticles targeting anti-cancer drugs to tumors for improved therapeutic outcomes and reduced side effects.,"22,264",,"19,896",https://peptinovo.com,,,,2025-09-01,Series A,15400000,USD,15400000
Amferia,https://www.crunchbase.com/organization/amferia,"Biotechnology, Health Care, Manufacturing, Science and Engineering",1-10,"Biotechnology, Manufacturing, Medical, Medical Device","Mölndal, Vastra Gotaland, Sweden",Amferia is a startup manufacturing medical materials that actively prevents infections.,"22,272",,"19,901",https://amferia.com/,,https://in.linkedin.com/company/amferia,,2025-12-15,Undisclosed,3500000,EUR,4113741
Hermes Health,https://www.crunchbase.com/organization/hermes-health,"Data and Analytics, Health Care, Information Technology, Software",1-10,"Data Management, Health Care, Information Technology, Software","Venice, California, United States",Hermes Health is a neutral middleware platform designed to simplify and streamline access to identified patient health data.,"22,332",,"19,957",http://www.hermeshealth.com,info@hermeshealth.com,https://www.linkedin.com/company/hermes-health,,2025-06-01,Pre-Seed,1000000,USD,1000000
Ventaris Surgical,https://www.crunchbase.com/organization/ventaris-surgical-inc,Health Care,1-10,Medical Device,"San Carlos, California, United States",Ventaris Surgical is a medical equipment company that provides surgical instruments to specialists.,"22,382",,"20,003",http://www.ventarissurgical.com,,https://www.linkedin.com/company/ventaris-surgical/,,2026-01-09,Series A,30684891,USD,30684891
Akari Therapeutics,https://www.crunchbase.com/organization/celsus-therapeutics,"Biotechnology, Health Care, Science and Engineering",1-10,"Biopharma, Biotechnology, Health Care, Therapeutics","London, England, United Kingdom",Akari is a clinical-stage biopharmaceutical company focused on the development and commercialization of innovative therapeutics.,"22,393",,"20,012",https://www.akaritx.com,info@celsustx.com,https://www.linkedin.com/company/akari-therapeutics-plc,646.350.0702,2025-12-16,Post-IPO Equity,5000000,USD,5000000
Kiwi Biosciences,https://www.crunchbase.com/organization/kiwi-biosciences,"Biotechnology, Food and Beverage, Health Care, Science and Engineering",1-10,"Biotechnology, Food and Beverage, Health Care","Somerville, Massachusetts, United States",Kiwi biosciences is a biotech company that develops enzymes to make food for patients who suffer from Irritable Bowel Syndrome (IBS).,"22,400",,"20,019",https://www.fodzyme.com,hello@fodzyme.com,https://www.linkedin.com/company/kiwi-biosciences,+1 (857) 425 3616,2021-10-14,Seed,1500000,USD,1500000
zuri fertility,https://www.crunchbase.com/organization/zuri-fertility,"Apps, Health Care, Software",1-10,"Apps, Fertility, Health Care","Chicago, Illinois, United States",Zuri Fertility is a patient-centered hassle-free and digital fertility clinic.,"22,477",,"20,091",https://zurifertility.com,hello@zurifertility.com,https://www.linkedin.com/company/zuri-fertility,,2025-02-28,Grant,10000,USD,10000
Kaster Technologies Inc.,https://www.crunchbase.com/organization/kaster-technologies,"Health Care, Information Technology, Software",1-10,"Pharmaceutical, Scheduling, Software","Montréal, Quebec, Canada",AI-Driven Scheduling for Aseptic Drug Manufacturers,"22,571",,"20,179",https://kaster.ca,alexandre.clarizio@kaster.ca,https://www.linkedin.com/company/kaster-technologies,,2026-02-09,Pre-Seed,1600000,CAD,1172983
Upkeep,https://www.crunchbase.com/organization/upkeep,"Apps, Consumer Goods, Financial Services, Health Care, Mobile, Payments, Software",1-10,"Apps, Beauty, Consumer Software, Cosmetic Surgery, Medical, Medical Device, Mobile Apps, Payments","Los Angeles, California, United States",Upkeep is revolutionizing the $200 billion medical aesthetic & longevity industry.,"22,591",,"20,197",https://www.upkeepbeauty.com/,support@upkeepbeauty.com,https://www.linkedin.com/company/upkeepbeauty/,,2022-04-09,Seed,2000000,USD,2000000
Naviday Health,https://www.crunchbase.com/organization/naviday-health,Health Care,1-10,"Health Care, Personal Health, Wellness","Boston, Massachusetts, United States",Naviday Health builds the intelligence layer between consumer health data and clinical care.,"22,655",,"20,254",https://navidayhealth.com,david@navidayhealth.com,https://linkedin.com/company/naviday,5127456562,2025-04-01,Pre-Seed,150000,USD,150000
Vena Vitals,https://www.crunchbase.com/organization/vena-vitals,Health Care,1-10,"Health Care, Home Health Care, Medical, Medical Device","Irvine, California, United States",Vena Vitals makes a soft wearable sensor that monitors continuous blood pressure with clinical accuracy,"22,669",,"20,268",https://venavitals.com,info@venavitals.com,https://www.linkedin.com/company/vena-vitals,,2021-02-09,Grant,256000,USD,256000
ArrayPatch,https://www.crunchbase.com/organization/arraypatch,"Biotechnology, Health Care, Manufacturing, Science and Engineering",1-10,"Biopharma, Biotechnology, Manufacturing","Cork, Cork, Ireland",ArrayPatch is a biotech company that specializes in clinical development services.,"22,725",,"20,319",https://array-patch.com,,https://www.linkedin.com/company/arraypatch-ltd,,2026-02-05,Seed,1900000,EUR,2237561
Medici Therapeutics,https://www.crunchbase.com/organization/marble-therapeutics-inc,"Biotechnology, Health Care, Science and Engineering",1-10,"Biotechnology, Genetics, Medical, Therapeutics","Boston, Massachusetts, United States",Medici Therapeutics is a biotechnology company that offers gene therapy.,"22,783",,"20,372",,,https://www.linkedin.com/company/marbletx/,+1 407-733-2808,2025-12-04,Venture - Series Unknown,14791454,USD,14791454
Pulse,https://www.crunchbase.com/organization/pulse-73e9,"Consumer Electronics, Hardware, Health Care, Software, Sports",1-10,"Consumer Electronics, Fitness, Software, Wearables, Wellness","Wilmington, Delaware, United States",Pulse is a developer of an all-in-one health and wellness platform designed to integrate a wearable gadget and fitness tracking software.,"22,796",,"20,384",https://www.pulse.site,contact@pulse.site,,,2024-11-14,Pre-Seed,1800000,USD,1800000
LOOM,https://www.crunchbase.com/organization/loom-9388,Health Care,1-10,"Health Care, Medical, Wellness","Los Angeles, California, United States",LOOM is a platform helping women optimize their sexual and reproductive wellbeing.,"22,810",,"20,396",https://loomhq.com,hi@loomhq.com,https://www.linkedin.com/company/thisisloom,,2021-09-14,Seed,,,
Passage Health,https://www.crunchbase.com/organization/passage-health,"Health Care, Information Technology, Software",1-10,"Health Care, Information Technology, Medical, Software","New York, New York, United States",Passage Health builds software solutions that improve the quality and accessibility of care available to people with autism.,"22,823",,"20,408",https://www.passagehealth.com,contact@business.com,https://www.linkedin.com/company/passage-health,929-560-9349,2025-05-13,Series A,8000000,USD,8000000
Sift Biosciences,https://www.crunchbase.com/organization/sift-biosciences,"Biotechnology, Health Care, Science and Engineering",1-10,"Biopharma, Biotechnology, Life Science","San Carlos, California, United States",Sift Biosciences is a biotechnology research company that offers cancer therapies.,"22,832",,"20,417",https://siftbio.com/,,https://www.linkedin.com/company/sift-biosciences/,+1 (831) 334-8526,2025-12-19,Pre-Seed,3792999,USD,3792999
George Medicines,https://www.crunchbase.com/organization/george-medicines,"Health Care, Manufacturing",1-10,"Health Care, Manufacturing, Pharmaceutical","London, England, United Kingdom",George Medicines is a drug manufacturing company that improves the management of non-communicable diseases.,"22,836",,"20,422",https://www.george-medicines.com,info@george-medicines.com,https://www.linkedin.com/company/george-medicines-pty-limited,+44 7983578290,2022-07-20,Venture - Series Unknown,1500000,AUD,1032594
Atlas Oncology Partners,https://www.crunchbase.com/organization/atlas-oncology-partners,"Data and Analytics, Design, Financial Services, Health Care, Information Technology, Software",1-10,"Analytics, Data Visualization, Financial Services, Health Care, Health Diagnostics, Health Insurance, Medical, Oncology, Telehealth","Nashville, Illinois, United States",Atlas Oncology Partners operates a value-based oncology enablement platform supporting community oncology practices.,"22,851",,"20,436",https://www.atlasoncpartners.com,info@atlasoncpartners.com,https://www.linkedin.com/company/atlas-oncology-partners,,2026-02-11,Series A,28000000,USD,28000000
Mattr.Social,https://www.crunchbase.com/organization/mattr-social,"Apps, Community and Lifestyle, Health Care, Mobile, Other, Social Impact, Software",1-10,"Dating, Generation Z, Mental Health, Mobile Apps, Social Impact, Young Adults","London, England, United Kingdom","Worlds first lifestyle app for singles, with a focus on authentic connection. We provide a whole ecosystem of support to today's dater.","22,861",,"20,446",http://www.mattr.social,contact@mattr.social,https://www.linkedin.com/company/mattr-social/,,2025-03-17,Equity Crowdfunding,152674,GBP,198233
Alerje,https://www.crunchbase.com/organization/alerje,"Food and Beverage, Health Care",1-10,"Food and Beverage, Health Care, Health Diagnostics, Medical","Detroit, Michigan, United States",Alerje develops an emergency food allergy management application.,"23,042",,"20,611",https://alerje.com,info@alerje.com,https://www.linkedin.com/company/alerje,,2024-01-22,Non-equity Assistance,,,
ClostraBio,https://www.crunchbase.com/organization/clostrabio,"Biotechnology, Health Care, Science and Engineering",1-10,"Biopharma, Biotechnology, Medical","Chicago, Illinois, United States",ClostraBio is a biopharma company developing therapeutics for food allergies.,"23,098",,"20,660",http://www.clostrabio.com,,https://www.linkedin.com/company/clostrabio-inc/,,2022-09-30,Series A,4000000,USD,4000000
Fourier Health,https://www.crunchbase.com/organization/fourier-health,"Artificial Intelligence (AI), Data and Analytics, Health Care, Science and Engineering, Software",1-10,"Artificial Intelligence (AI), Electronic Health Record (EHR), Health Care, Software","New York, New York, United States",Fourier Health streamlines clinical data using AI-driven summaries and clinician-in-the-loop systems to reduce workload.,"23,101",,"20,663",https://fourierhealth.com,sales@fourierhealth.com,https://www.linkedin.com/company/fourierhealth,,2025-10-17,Seed,8400000,USD,8400000
Chimeron Bio,https://www.crunchbase.com/organization/chimeron-bio,"Biotechnology, Health Care, Science and Engineering",1-10,"Biotechnology, Health Care, Therapeutics","Philadelphia, Pennsylvania, United States",Chimeron Bio develops agents for personalized cancer gene therapy.,"23,110",,"20,672",http://chimeronbio.com,contact@chimeron.com,https://www.linkedin.com/company/chimeron-bio/,,2025-03-14,Venture - Series Unknown,12811690,USD,12811690
Tivara,https://www.crunchbase.com/organization/tivara,"Artificial Intelligence (AI), Data and Analytics, Health Care, Other, Science and Engineering, Software",1-10,"Artificial Intelligence (AI), B2B, Health Care","New York, New York, United States","Tivara designs software to help doctors quickly automate prior authorization requests, so care is delivered faster.","23,112",,"20,674",https://www.tivara.com/,info@tivara.com,https://www.linkedin.com/company/tivara/,,2026-01-08,Seed,3600000,USD,3600000
Augmental,https://www.crunchbase.com/organization/augmental-tech,"Artificial Intelligence (AI), Consumer Electronics, Data and Analytics, Hardware, Health Care, Internet Services, Science and Engineering, Software",1-10,"Artificial Intelligence (AI), Assistive Technology, Consumer Electronics, Internet of Things, Wearables","San Francisco, California, United States",Augmental Tech develops technology that integrates with the human body that enables to access information without the use of hands.,"23,173",,"20,729",http://augmental.tech/,contact@augmental.tech,https://www.linkedin.com/company/augmental-tech/,+1 617-863-7866,2024-06-11,Venture - Series Unknown,3500000,USD,3500000
Longi,https://www.crunchbase.com/organization/yedi70,"Community and Lifestyle, Education, Health Care, Software",1-10,"Communities, E-Learning, Health Care","Istanbul, Istanbul, Turkey","yedi70 is an aging club that provides its members with intergenerational learning, community activities, and preventive healthcare services.","23,210",,"20,765",http://www.golongi.com,,https://www.linkedin.com/in/alimuratceylan,,2016-06-01,Angel,200000,USD,200000
Primmune Therapeutics,https://www.crunchbase.com/organization/primmune-therapeutics,"Biotechnology, Health Care, Science and Engineering",1-10,"Biotechnology, Health Care, Life Science, Pharmaceutical, Therapeutics","San Diego, California, United States",Primmune Therapeutics is a Biotechnology company.,"23,299",,"20,845",https://www.primmunerx.com/,,https://www.linkedin.com/company/primmune-therapeutics/,,2026-01-26,Series B,23300000,USD,23300000
Handspring Health,https://www.crunchbase.com/organization/handspring-health,Health Care,1-10,"Health Care, Mental Health, Personal Health","Newark, New Jersey, United States",Handspring provides quality and evidence-based mental healthcare for children.,"23,303",,"20,849",https://www.handspringhealth.com,info@handspringhealth.com,https://www.linkedin.com/company/handspring-health,,2025-06-26,Series A,12000000,USD,12000000
Ascended,https://www.crunchbase.com/organization/ascended-fitness,"Apps, Gaming, Health Care, Software, Sports",1-10,"Apps, Consumer Software, Fitness, Gaming, Personal Health, Wellness","Austin, Texas, United States",Ascended is a fantasy RPG fitness app that turns real-world activity into permanent in-game progression for gamers.,"23,318",,"20,864",https://www.ascendedapp.com/,team@ascendedapp.com,https://www.linkedin.com/company/levelupfit/,+1 619-891-6915,2025-12-10,Pre-Seed,105000,USD,105000
EpilepsyGTx,https://www.crunchbase.com/organization/epilepsygtx,"Biotechnology, Health Care, Science and Engineering",1-10,"Biotechnology, Clinical Trials, Medical","Canterbury, Kent, United Kingdom",EpilepsyGTx is a late-stage biotech company exploring cutting-edge gene therapies to improve the management of focal refractory epilepsy.,"23,340",,"20,884",https://www.epilepsygtx.com/,info@epilepsygtx.com,https://www.linkedin.com/company/epilepsygtx/,+44 7717 801 246,2025-12-10,Series A,33000000,USD,33000000
Cyclana Bio,https://www.crunchbase.com/organization/cycle-therapeutics,"Biotechnology, Community and Lifestyle, Health Care, Science and Engineering",1-10,"Biotechnology, Health Care, Women's","Cambridge, Cambridgeshire, United Kingdom",Cyclana Bio is to enhancing women's quality of life by offering a fresh approach to therapeutic research.,"23,341",,"20,885",https://www.cyclanabio.com/,,https://www.linkedin.com/company/cycle-therapeutics,,2025-10-20,Pre-Seed,5000000,GBP,6702862
SamanTree Medical,https://www.crunchbase.com/organization/samantree-technologies,"Biotechnology, Health Care, Information Technology, Science and Engineering",1-10,"Biotechnology, Health Care, Health Diagnostics, Information Technology, Medical","Lausanne, Vaud, Switzerland","SamanTree Medical is an innovative Swiss company, developing a medical device to acquire tissue images during surgical cancer intervention.","23,351",,"20,894",https://www.samantree.com/,info@samantree.com,https://www.linkedin.com/company/samantree-medical/,+41 21 625 09 40,2026-01-27,Debt Financing,20000000,EUR,23743100
BetterYou,https://www.crunchbase.com/organization/betteryou-ai,"Health Care, Internet Services, Sports",1-10,"Fitness, Health Care, Internet, Wellness","Saint Paul, Minnesota, United States",BetterYou is a digital wellness platform that helps people make better health and wellness decisions.,"23,408",,"20,943",https://www.betteryou.ai,,https://www.linkedin.com/company/betteryou,6513159602,2023-12-06,Series A,6000000,USD,6000000
SIVOTEC Inc.,https://www.crunchbase.com/organization/sivotec,"Artificial Intelligence (AI), Biotechnology, Blockchain and Cryptocurrency, Data and Analytics, Health Care, Other, Science and Engineering, Software",1-10,"Artificial Intelligence (AI), Biotechnology, Blockchain, Genetics, Life Science","Boca Raton, Florida, United States","SaaS, AI, Blockchain,","23,433",,"20,968",https://www.sivotecbioinformatics.com/,info@genadna.ai,https://www.linkedin.com/company/sivotecbioinformatics/,,2021-11-01,Seed,14500000,USD,14500000
Monument Therapeutics,https://www.crunchbase.com/organization/monument-therapeutics,"Biotechnology, Health Care, Science and Engineering",1-10,"Biopharma, Biotechnology, Health Care, Life Science, Pharmaceutical","Cambridge, Cambridgeshire, United Kingdom",Monument Therapeutics used digital biomarkers to develop innovative new drugs for neuropsychiatric disorders including schizophrenia,"23,495",,"21,024",https://monumenttx.com/,info@monumenttx.com,https://www.linkedin.com/company/monumenttx,,2026-02-09,Venture - Series Unknown,,,
Jona,https://www.crunchbase.com/organization/jona,"Artificial Intelligence (AI), Data and Analytics, Health Care, Science and Engineering, Software",1-10,"Artificial Intelligence (AI), Health Care, Medical, Wellness","New York, New York, United States",Jona is a technology startup that employs artificial intelligence to uncover the link between the microbiome and health.,"23,500",,"21,029",https://jona.health,hello@jona.health,https://www.linkedin.com/company/jona-health,,2023-11-01,Seed,5000000,USD,5000000
Asepha,https://www.crunchbase.com/organization/asepha,"Artificial Intelligence (AI), Data and Analytics, Health Care, Science and Engineering, Software",1-10,"Artificial Intelligence (AI), Health Care, Hospital, Pharmaceutical","Toronto, Ontario, Canada",AI clinical tools to enable automation and personalization in pharmacies.,"23,518",,"21,045",https://www.asepha.ai/,eunice@asepha.ai,https://www.linkedin.com/company/asepha/,,2025-06-06,Seed,4000000,USD,4000000
In-House Health,https://www.crunchbase.com/organization/in-house-health-45fa,"Artificial Intelligence (AI), Data and Analytics, Health Care, Science and Engineering, Software",1-10,"Artificial Intelligence (AI), Health Care, Hospital","Denver, Colorado, United States",In-House Health is an AI-powered technical platform for modern nursing teams.,"23,525",,"21,051",https://www.inhouse.health,hello@inhouse.health,https://www.linkedin.com/company/in-house-health,+1 (720) 443-2005,2024-05-08,Seed,4000000,USD,4000000
Plazza,https://www.crunchbase.com/organization/plazza-a841,"Commerce and Shopping, Health Care",1-10,"E-Commerce, Health Care, Medical","Bangalore, Karnataka, India",Plazza is an instant health app focused on delivering medicines and health products rapidly.,"23,553",,"21,077",https://www.plazza.in,support@plazza.in,https://www.linkedin.com/company/plazza-club,+918062689721,2025-09-27,Seed,1400000,USD,1400000
Holoclara,https://www.crunchbase.com/organization/holoclara,"Biotechnology, Health Care, Science and Engineering",1-10,"Biotechnology, Health Care, Medical, Therapeutics","Los Angeles, California, United States",Holoclara is a immunotherapy company that offers autoimmune disorders with nematode derived molecules.,"23,564",,"21,086",https://www.holoclara.com/,,https://www.linkedin.com/company/holoclara-inc/,,2024-06-27,Series A,16000000,USD,16000000
Lario Therapeutics,https://www.crunchbase.com/organization/lario-therapeutics,"Biotechnology, Health Care, Science and Engineering",1-10,"Biopharma, Precision Medicine, Therapeutics","Edinburgh, Edinburgh, City of, United Kingdom",Lario Therapeutics is a biopharmaceutical firm that develops precision therapeutics for epilepsy and neurological disorders.,"23,635",,"21,150",https://www.lariotx.com,info@lariotx.com,https://www.linkedin.com/company/lario-therapeutics,,2026-02-19,Grant,2400000,USD,2400000
Concarlo Therapeutics,https://www.crunchbase.com/organization/concarlo-holdings,"Biotechnology, Health Care, Science and Engineering",1-10,"Biotechnology, Health Diagnostics, Oncology, Therapeutics","Brooklyn, New York, United States",Concarlo Therapeutics is a preclinical-stage oncology company developing transformative therapeutics to target drug-resistant cancers.,"23,700",,"21,206",https://concarlo.com/,info@concarlo.com,https://www.linkedin.com/company/concarlo-holdings-llc/,,2020-01-01,Venture - Series Unknown,,,
Vanna Health,https://www.crunchbase.com/organization/vanna-health,Health Care,1-10,"Health Care, Personal Health, Wellness","San Francisco, California, United States",Vanna Health provides online healthcare services to improve overall health and well-being for individuals with serious mental illness.,"23,721",,"21,226",https://www.vanna.health/,info@vanna.health,https://www.linkedin.com/company/vannahealth/,+1 (415) 340-0090,2025-12-29,Venture - Series Unknown,6000000,USD,6000000
a2z Radiology AI,https://www.crunchbase.com/organization/a2z-radiology-ai,"Artificial Intelligence (AI), Data and Analytics, Health Care, Information Technology, Science and Engineering, Software",1-10,"Artificial Intelligence (AI), Health Care, Health Diagnostics, Information Technology","Boston, Massachusetts, United States",A2z Radiology AI is a healthcare technology company that specialises in AI-powered solutions for radiology.,"23,790",,"21,289",https://a2zradiology.ai,samir@a2zradiology.ai,https://www.linkedin.com/company/a2z-radiology-ai,,2025-12-09,Seed,4500000,USD,4500000
TheraTrue,https://www.crunchbase.com/organization/theratrue,"Biotechnology, Community and Lifestyle, Food and Beverage, Health Care, Science and Engineering",1-10,"Biotechnology, Cannabis, Pharmaceutical","Atlanta, Georgia, United States",TheraTrue is a medical cannabis production company.,"23,792",,"21,291",https://www.theratrue.com/,info@TheraTrue.com,https://www.linkedin.com/company/theratrue/,,2021-02-25,Venture - Series Unknown,50000000,USD,50000000
Talofa,https://www.crunchbase.com/organization/talofa-games,"Apps, Gaming, Health Care, Software, Sports",1-10,"Apps, Fitness, Mental Health, Online Games, Wellness","Cupertino, California, United States",Talofa develops games that make players mentally and physically healthier,"23,798",,"21,297",https://www.talofagames.com,support@talofagames.com,https://www.linkedin.com/company/talofagames/,,2024-01-18,Seed,6300000,USD,6300000
Levee Medical,https://www.crunchbase.com/organization/levee-medical,"Health Care, Manufacturing",1-10,"Health Care, Manufacturing, Medical, Medical Device","Durham, North Carolina, United States",Levee Medical develops and manufactures urological devices to improve recovery outcomes post-prostatectomy.,"23,834",,"21,333",https://leveemedical.com/,info@leveemedical.com,https://www.linkedin.com/company/levee-medical-inc/,1 (919) 313-4520,2026-02-17,Undisclosed,12000000,USD,12000000
Hona AI,https://www.crunchbase.com/organization/hona-ai,"Artificial Intelligence (AI), Data and Analytics, Health Care, Science and Engineering, Software",1-10,"Artificial Intelligence (AI), Electronic Health Record (EHR), Medical, Software","San Francisco, California, United States",Hona AI is an AI data platform that collects and maintains healthcare history and records of patients.,"23,875",,"21,370",https://hona.ai/,tech@hona.ai,https://www.linkedin.com/company/hona-ai/,+1 847 751-0045,2024-05-03,Seed,3000000,USD,3000000
Lifeaz,https://www.crunchbase.com/organization/lifeaz,Health Care,1-10,"Health Care, Personal Health, Wellness","Paris, Ile-de-France, France",Lifeaz is a French start-up that aims to prevent cardiovascular risk and revolutionize the connected health.,"23,992",,"21,480",https://lifeaz.fr,contact@lifeaz.fr,https://www.linkedin.com/company/lifeaz,+33 (017)193-6506,2026-02-12,Seed,13000000,EUR,15421207
TakeMe2Space,https://www.crunchbase.com/organization/takeme2space,"Health Care, Information Technology, Transportation",1-10,"Assistive Technology, Information Technology, Space Travel","Hyderabad, Telangana, India",TakeMe2Space a startup focused on democratizing access to space and advancing space technology.,"24,021",,"21,505",https://www.tm2.space/,info@tm2.space,https://www.linkedin.com/company/tm2space,,2026-01-08,Seed,5000000,USD,5000000
AnthroTek,https://www.crunchbase.com/organization/anthrotek,"Artificial Intelligence (AI), Data and Analytics, Hardware, Health Care, Manufacturing, Media and Entertainment, Science and Engineering, Software, Video",1-10,"3D Printing, Advanced Materials, Artificial Intelligence (AI), Film Production, Manufacturing, Medical Device, Plastics and Rubber Manufacturing, Robotics","Cambridge, Cambridgeshire, United Kingdom","Advance materials, redefining hyper-realistic artificial skin, faces, and body parts manufacturing with AI and 3D tech.","24,073",,"21,555",https://www.anthrotek.com/,invest@anthrotek.com,https://www.linkedin.com/company/anthrotek/,+447865974762,2025-06-24,Seed,950000,GBP,1293453
Atelier,https://www.crunchbase.com/organization/e-xd-atelier,"Consumer Goods, Health Care, Manufacturing",1-10,"Beauty, Cosmetics, Manufacturing, Wellness","Sydney, New South Wales, Australia","Atelier is a cloud manufacturing platform for developing and scaling beauty, health, and wellness supply chains.","24,101",,"21,581",http://atelier.co,benson@e-xd.co,https://www.linkedin.com/company/atelier-exd,,2024-10-11,Series A,10000000,AUD,6746000
SALT & STONE,https://www.crunchbase.com/organization/salt-stone,Health Care,1-10,Health Care,"Los Angeles, California, United States",SALT & STONE is a health care company.,"24,164",,"21,641",https://www.saltandstone.com,,https://www.linkedin.com/company/saltandstone29,,2024-08-07,Private Equity,,,
Surgicure Technologies,https://www.crunchbase.com/organization/surgicure-technologies,"Biotechnology, Health Care, Science and Engineering",1-10,"Biotechnology, Health Care, Medical, Medical Device","Cambridge, Massachusetts, United States",Surgicure is a start-up company that is dedicated to building effective medical instruments to prevent unnecessary harm.,"24,168",,"21,645",https://www.surgicuretech.com/,ivolkov@surgicuretech.com,https://www.linkedin.com/company/surgicure/,(510) 334-7402,2025-03-12,Seed,1785000,USD,1785000
AsclepiX Therapeutics,https://www.crunchbase.com/organization/asclepix-therapeutics,"Biotechnology, Health Care, Science and Engineering",1-10,"Biotechnology, Health Care, Health Diagnostics, Therapeutics","Baltimore, Maryland, United States",AsclepiX Therapeutics is a biotech company that develops novel therapeutics to revolutionize the treatment of retinal diseases and cancer.,"24,186",,"21,663",http://asclepix.com/,info@asclepix.com,https://www.linkedin.com/company/asclepix-therapeutics-llc/, 410-657-2627,2023-07-26,Series A,10000000,USD,10000000
GEM,https://www.crunchbase.com/organization/gem-ce41,"Biotechnology, Food and Beverage, Health Care, Science and Engineering",1-10,"Dietary Supplements, Life Science, Nutrition, Organic Food","Venice, California, United States",GEM is a consumer life science company that offers edible nutritional supplements.,"24,193",,"21,668",https://www.dailygem.co,hello@dailygem.co,https://www.linkedin.com/company/gemvitamins,+1 323-406-7017,2021-05-11,Seed,10500000,USD,10500000
Olio Labs,https://www.crunchbase.com/organization/olio-labs,"Artificial Intelligence (AI), Biotechnology, Data and Analytics, Health Care, Science and Engineering, Software",1-10,"Artificial Intelligence (AI), Biopharma, Biotechnology, Machine Learning, Therapeutics","California City, California, United States","Olio Labs utilizes AI for combo therapeutics, optimizing and minimizing side effects through automated discovery of protein interactions.","24,237",,"21,708",https://oliolabs.co/,hello@oliolabs.co,https://www.linkedin.com/company/olio-labs/,,2025-03-19,Seed,4500000,USD,4500000
Nionyx Bio,https://www.crunchbase.com/organization/nionyx-bio,"Biotechnology, Data and Analytics, Design, Health Care, Science and Engineering",1-10,"Biotechnology, Genetics, Market Research","New York, New York, United States",Nionyx Bio builds AAV-based gene therapies to address some of the most potent kidney genetic diseases.,"24,243",,"21,714",https://nionyxbio.com,info@nionyxbio.com,https://www.linkedin.com/company/nionyx-bio,,2025-09-29,Seed,4000000,USD,4000000
RxPost,https://www.crunchbase.com/organization/rxpost,"Commerce and Shopping, Health Care, Other, Software, Sustainability, Transportation",1-10,"Enterprise Software, Marketplace, Pharmaceutical, SaaS, Small and Medium Businesses, Supply Chain Management, Sustainability","Los Angeles, California, United States",RxPost is the creator of an online marketplace for buying and selling overstock pharmacy goods.,"24,262",,"21,731",https://rx-post.com,,https://www.linkedin.com/company/rxpost,1 (833) 279-7678,2024-09-03,Pre-Seed,800000,USD,800000
GroupUps,https://www.crunchbase.com/organization/the-convoy,"Artificial Intelligence (AI), Commerce and Shopping, Data and Analytics, Health Care, Information Technology, Other, Sales and Marketing, Science and Engineering, Software",1-10,"Artificial Intelligence (AI), Dental, E-Commerce, Marketplace, Medical, Sales Automation, Sales Enablement, Small and Medium Businesses","Raleigh, North Carolina, United States","GroupUps simplifies buying and selling complex equipment with AI, saving buyers time and money while delivering sellers ready-to-close leads","24,306",,"21,772",https://groupups.com,hello@groupups.com,https://www.linkedin.com/company/trygroupups/,,2024-04-03,Pre-Seed,,,
Milkify,https://www.crunchbase.com/organization/milkify,"Community and Lifestyle, Health Care",1-10,"Health Care, Wellness, Women's","Houston, Texas, United States","Milkify offers freeze- dry breast milk for longer storage, more convenience, and better infant nutrition.","24,311",,"21,776",https://www.milkify.me,info@milkify.me,https://www.linkedin.com/company/milkify,832 534-0465,2026-01-07,Venture - Series Unknown,3740936,USD,3740936
Better,https://www.crunchbase.com/organization/better-5,"Financial Services, Health Care, Payments, Software",1-10,"Billing, Health Care, Health Insurance, Insurance, Medical","San Francisco, California, United States",Better advocates on its users' behalf to reduce their medical bills.,"24,336",,"21,799",https://getbetter.co/,support@getbetter.co,https://www.linkedin.com/company-beta/12904360/,,2018-04-30,Seed,,,
Amperos Health,https://www.crunchbase.com/organization/amperos-health,"Artificial Intelligence (AI), Data and Analytics, Health Care, Information Technology, Science and Engineering, Software",1-10,"Artificial Intelligence (AI), Health Care, Information Technology","New York, New York, United States",Amperos Health operates as an AI biller for healthcare providers.,"24,343",,"21,806",https://www.amperoshealth.com/,support@amperoshealth.com,https://www.linkedin.com/company/amperos-health/about/,,2025-06-04,Seed,4200000,USD,4200000
Acera Surgical,https://www.crunchbase.com/organization/acera-surgical,"Health Care, Science and Engineering",1-10,"Health Care, Medical Device, Nanotechnology","St Louis, Missouri, United States",Develop a portfolio of fully synthetic surgical materials that act as nano-scale scaffold for tissue regeneration.,"24,374",,"21,832",http://www.acera-surgical.com,information@acera-surgical.com,https://www.linkedin.com/company/acera-inc/,(844)879-2237,2018-10-05,Venture - Series Unknown,5122500,USD,5122500
EMGenisys,https://www.crunchbase.com/organization/emgenisys,"Agriculture and Farming, Biotechnology, Health Care, Science and Engineering",1-10,"Agriculture, AgTech, Biotechnology, Health Care, Life Science","Houston, Texas, United States",EMGenisys offers an embryo health assessment platform that determines embryo viability and sex in a single assessment in the lab.,"24,382",,"21,839",https://www.emgenisys.co,,https://www.linkedin.com/company/emgenisys,+1 281-728-0491,2025-07-23,Seed,1500000,USD,1500000
NocoMed,https://www.crunchbase.com/organization/nocomed,"Education, Health Care, Software, Transportation",1-10,"EdTech, Health Care, Health Diagnostics, Software, Supply Chain Management","Dublin, Dublin, Ireland",Nocomed provides sustainability software for life sciences.,"24,388",,"21,845",https://www.nocomed.com,,https://www.linkedin.com/company/nocomed/posts/?feedView=all,,2026-02-12,Seed,650000,EUR,771741
Innovative Pet Lab,https://www.crunchbase.com/organization/innovative-pet-lab,Health Care,1-10,Veterinary,"Duluth, Georgia, United States",Innovative Pet Lab's purpose is to empower the pet community with at-home testing and personalised solutions.,"24,396",,"21,852",https://innovativepetlab.com/,,https://www.linkedin.com/company/innovative-pet-lab/,,2026-01-08,Grant,25000,USD,25000
Popai Health,https://www.crunchbase.com/organization/popai-health,"Artificial Intelligence (AI), Data and Analytics, Health Care, Information Technology, Science and Engineering, Software",1-10,"Artificial Intelligence (AI), Health Care, Hospital, Information Technology","San Francisco, California, United States",Popai Health uses care coordination calls to extract important insights.,"24,416",,"21,871",https://popai.health,,https://www.linkedin.com/company/popai-health,,2025-11-03,Seed,11000000,USD,11000000
Oasys Health,https://www.crunchbase.com/organization/oasys-05ce,"Health Care, Software",1-10,"Health Care, Software","New York, New York, United States",Building the OS for modern mental healthcare.,"24,438",,"21,894",https://oasys.health/,info@oasys.health,https://www.linkedin.com/company/oasyshealth,,2026-01-06,Seed,4000000,USD,4000000
Cero Therapeutics,https://www.crunchbase.com/organization/cero-therapeutics,"Biotechnology, Health Care, Science and Engineering",1-10,"Biotechnology, Life Science, Pharmaceutical, Therapeutics","South San Francisco, California, United States","CERo Therapeutics, Inc. is a new cellular immunotherapy company.","24,473",,"21,928",http://www.cero.bio/,,https://www.linkedin.com/company/cero-therapeutics/about/,,2025-04-22,Post-IPO Equity,8000000,USD,8000000
OrphAI Therapeutics,https://www.crunchbase.com/organization/lam-therapeutics,"Artificial Intelligence (AI), Biotechnology, Data and Analytics, Health Care, Science and Engineering, Software",1-10,"Artificial Intelligence (AI), Biotechnology, Genetics, Medical, Therapeutics","Guilford, Connecticut, United States",OrphAI Therapeutics formerly known as AI Therapeutics develops drugs for rare diseases and cancer.,"24,482",,"21,935",https://www.ai-therapeutics.com/,info@lamthera.com,https://www.linkedin.com/company/aitherapeutics/,(203)458-7100,2017-03-30,Series C,58000000,USD,58000000
Hazel,https://www.crunchbase.com/organization/hazel-740b,"Consumer Goods, Design, Health Care, Sales and Marketing",1-10,"Brand Marketing, Consumer Goods, Personal Health, Product Design","Yonkers, New York, United States","Hazel offers femme care with a re-engineered adult diaper, focusing on fit, function, and aesthetics.","24,513",,"21,966",https://www.hellohazel.com/,hi@hellohazel.com,https://www.linkedin.com/company/hellohazel/,914-200-1992,2024-04-11,Seed,400000,USD,400000
BiBBInstruments,https://www.crunchbase.com/organization/bibbinstruments,Health Care,1-10,"Health Care, Medical, Medical Device","Lund, Skane Lan, Sweden",BiBBInstruments has develops an instrument that allows quick and easy sampling of suspected cancer tumors by drilling into the tissue.,"24,523",,"21,975",http://www.bibbinstruments.com/,info@bibbinstruments.com,https://www.linkedin.com/company/b-bbinstruments-ab,+46 708 99 94 86,2022-02-15,Venture - Series Unknown,21600000,SEK,2324863
Luna Diabetes,https://www.crunchbase.com/organization/luna-diabetes,"Health Care, Manufacturing",1-10,"Health Care, Manufacturing, Medical Device, Pharmaceutical","Wilmington, Delaware, United States",Luna Diabetes is a manufacturer of medical equipment.,"24,550",,"22,001",https://www.lunadiabetes.com,,https://www.linkedin.com/company/lunadiabetes,,2025-08-18,Series A,23621230,USD,23621230
Mira Pharmaceuticals,https://www.crunchbase.com/organization/mira-pharmaceuticals,"Biotechnology, Health Care, Science and Engineering",1-10,"Biotechnology, Medical, Pharmaceutical","Baltimore, Maryland, United States",Mira Pharmaceuticals manufactures marijuana drugs to treat anxiety and chronic pain.,"24,565",,"22,013",https://mirapharmaceuticals.com,info@mirapharma.com,https://www.linkedin.com/company/mira-pharmaceuticals-inc,1 (813) 864-2562,,,,,
Voio,https://www.crunchbase.com/organization/voio-558e,"Artificial Intelligence (AI), Data and Analytics, Health Care, Science and Engineering, Software",1-10,"Artificial Intelligence (AI), Health Care, Health Diagnostics","Berkeley, California, United States",Voio develops AI models to assist radiologists by automating report drafting and enhancing diagnostic accuracy across imaging tasks.,"24,585",,"22,031",https://www.voio.com,yala@voio.com,https://www.linkedin.com/company/voio-inc,,2025-11-20,Seed,8600000,USD,8600000
Power Site,https://www.crunchbase.com/organization/power-site,Health Care,1-10,"Health Diagnostics, Medical, Medical Device","Suzhou, Jiangsu, China",Power Site is a modern technology enterprise that supplies X-ray imaging core components.,"24,603",,"22,047",https://www.powersite.cn,sales@powersite-group.com,https://www.linkedin.com/company/suzhou-powersite-electric-co-ltd,+86-512-62913368,2026-03-18,Series C,100000000,CNY,14549899
LipUm,https://www.crunchbase.com/organization/lipum,"Biotechnology, Health Care, Science and Engineering",1-10,"Biotechnology, Health Care, Pharmaceutical, Therapeutics","Umeå, Vasterbottens Lan, Sweden",LipUm operates as a biotechnology company that offers anti-inflammatory drugs.,"24,612",,"22,055",https://lipum.se/,info@lipum.se,https://www.linkedin.com/company/lipum,+46 90 340 34 30,2026-03-10,Grant,8000000,EUR,9308863
DocToMe,https://www.crunchbase.com/organization/doctome-inc,"Health Care, Information Technology",1-10,"Health Care, Information Technology","Gig Harbor, Washington, United States",DocToMe offers a digital health platform designed to offer disease management and telemedicine services.,"24,669",,"22,108",http://doctome.org/,,,,2025-09-25,Venture - Series Unknown,5000000,USD,5000000
Ankyra,https://www.crunchbase.com/organization/ankyra-6e19,"Biotechnology, Health Care, Science and Engineering",1-10,"Biotechnology, Oncology","Boston, Massachusetts, United States",Ankyra is a biotech company developing anchored immunotherapy for cancer treatments.,"24,678",,"22,115",https://ankyratx.com/,info@ankyratx.com,https://www.linkedin.com/company/ankyratx,,2021-11-12,Series B,45000000,USD,45000000
Caldera Therapeutics,https://www.crunchbase.com/organization/caldera-therapeutics,"Biotechnology, Health Care, Science and Engineering",1-10,"Biopharma, Biotechnology, Life Science","Cambridge, Massachusetts, United States",Caldera Therapeutics is a biotech company engaged in the development of bispecific antibody CLD-423 for inflammatory bowel disease (IBD).,"24,686",,"22,123",https://www.calderatx.com/,info@calderatx.com,https://www.linkedin.com/company/caldera-therapeutics/,,2026-01-14,Series A,37500000,USD,37500000
Two Front,https://www.crunchbase.com/organization/two-front,Health Care,1-10,"Dental, Health Care, Home Health Care","Venice, California, United States",Two Front is reimagining dentistry through a collaborative care platform bringing orthodontists to dental offices for holistic patient care.,"24,700",,"22,135",https://www.mytwofront.com,hello@mytwofront.com,https://www.linkedin.com/company/twofront/,,2022-05-31,Seed,3500000,USD,3500000
Biopeak,https://www.crunchbase.com/organization/biopeak,"Artificial Intelligence (AI), Data and Analytics, Education, Health Care, Science and Engineering, Software",1-10,"Artificial Intelligence (AI), Health Care, Training, Wellness","Bengaluru, Karnataka, India","Biopeak offers personalized health and wellness services that integrate diagnostics, AI-driven analytics, and tailored interventions.","24,746",,"22,180",https://www.biopeak.com,concierge@biopeak.health,https://www.linkedin.com/company/biopeak-health,+91 613 260 9600,2026-01-29,Seed,248000000,INR,2698912
Argon AI,https://www.crunchbase.com/organization/argon-ai,"Artificial Intelligence (AI), Biotechnology, Data and Analytics, Health Care, Other, Science and Engineering, Software",1-10,"Artificial Intelligence (AI), B2B, Biotechnology, Enterprise Software, Therapeutics","New York, New York, United States",Argon AI: Automating life sciences activities in clinical and commercial settings.,"24,748",,"22,182",https://www.argon-ai.com,,https://www.linkedin.com/company/argon-ai/about/?viewAsMember=true,,2025-07-02,Seed,5500000,USD,5500000
One Biosciences,https://www.crunchbase.com/organization/one-biosciences,"Biotechnology, Health Care, Science and Engineering",1-10,"Biotechnology, Life Science, Therapeutics","Paris, Ile-de-France, France",One Biosciences leverages single-cell technologies to identify new therapeutics for difficult-to-treat diseases.,"24,776",,"22,207",https://onebiosciences.fr/,contact@onebiosciences.fr,https://www.linkedin.com/company/one-biosciences,,2025-07-17,Series A,15000000,EUR,17422696
Aidin,https://www.crunchbase.com/organization/aidin,"Health Care, Software",1-10,"Health Care, SaaS, Software","New York, New York, United States","Aidin integrates the discharge planning workflow to social workers from administrative tasks, and re-center their time around patients.","24,783",,"22,214",http://www.myaidin.com,info@myaidin.com,https://www.linkedin.com/company/aidin,9099067090,2025-08-12,Venture - Series Unknown,3499978,USD,3499978
Isabl Inc.,https://www.crunchbase.com/organization/isabl,"Biotechnology, Health Care, Science and Engineering",1-10,"Biotechnology, Health Diagnostics, Hospital, Medical, Oncology","New York, New York, United States",Isabl develops cancer diagnostic tests based on whole genome and RNA sequencing data.,"24,834",,"22,263",https://www.isabl.com/,founders@isabl.io,https://www.linkedin.com/company/isabl,,2023-04-01,Grant,2000000,USD,2000000
uLink Labs,https://www.crunchbase.com/organization/ulink-labs,"Biotechnology, Health Care, Science and Engineering",1-10,"Biotechnology, Medical, Medical Device, Therapeutics","San Mateo, California, United States",uLink Labs is a medical device company that specializes in next-generation medical devices innovations.,"24,855",,"22,283",https://ulink-labs.com,,,,2025-12-22,Venture - Series Unknown,8577445,USD,8577445
PragmaClin,https://www.crunchbase.com/organization/pragmaclin-research,"Artificial Intelligence (AI), Biotechnology, Data and Analytics, Health Care, Science and Engineering, Software",1-10,"Artificial Intelligence (AI), Health Care, Hospital, Medical, Medical Device, Neuroscience","St. John's, Newfoundland, Canada",AI-powered digital health platform revolutionizing motor symptom assessment in Parkinson’s and neurological care.,"24,888",,"22,313",https://www.pragmaclin.com/,contact@pragmaclin.com,https://www.linkedin.com/company/pragmaclin-research-inc/,709-700-2972,2025-01-01,Grant,50000,CAD,34782
PraxisPro,https://www.crunchbase.com/organization/praxispro,"Artificial Intelligence (AI), Data and Analytics, Health Care, Sales and Marketing, Science and Engineering, Software",1-10,"Artificial Intelligence (AI), Pharmaceutical, Sales","Houston, Texas, United States","PraxisPro operates as an AI-powered training platform targeted for life sciences, including pharmaceutical and medical device sales teams.","24,895",,"22,320",https://www.praxispro.ai,,https://www.linkedin.com/company/praxispro-ai,,2026-01-21,Seed,7853193,USD,7853193
Andy AI,https://www.crunchbase.com/organization/andy-ai-06e0,"Artificial Intelligence (AI), Data and Analytics, Health Care, Science and Engineering, Software",1-10,"Artificial Intelligence (AI), Home Health Care","San Francisco, California, United States","Andy AI provides AI-driven, clinically verified OASIS scribing, quality checks, and coding to simplify healthcare documentation.","24,910",,"22,334",https://with-andy.com,hello@with-andy.com,https://www.linkedin.com/company/with-andy,(415) 213-2803,2024-02-27,Pre-Seed,500000,USD,500000
Alzamend Neuro,https://www.crunchbase.com/organization/alzamend-neuro,"Biotechnology, Health Care, Science and Engineering",1-10,"Biotechnology, Health Care, Health Diagnostics, Medical","Newport Beach, California, United States","Alzamend Neuro is an innovative biotechnology company that develops and commercializes drugs, treatments, and cures for Alzheimer's disease.","24,925",,"22,347",https://alzamend.com/,Info@Alzamend.com,,(844) 722-6333,2025-02-28,Post-IPO Equity,5000000,USD,5000000
TripFusion by Vacayou Wellness Travel,https://www.crunchbase.com/organization/vacayou-wellness-travel,"Health Care, Sports, Travel and Tourism",1-10,"Adventure Travel, Golf, Hospitality, Skiing, Sports, Tourism, Travel, Travel Agency, Wellness","Tampa, Florida, United States",Connecting Tee-Times to Tranquility,"24,964",,"22,383",http://vacayou.com,muirelle@vacayou.com,http://www.linkedin.com/company/vacayoutravel,+1 727 410 0057,2023-02-21,Pre-Seed,825000,USD,825000
Trially,https://www.crunchbase.com/organization/trially,"Artificial Intelligence (AI), Data and Analytics, Health Care, Information Technology, Science and Engineering, Software",1-10,"Artificial Intelligence (AI), Clinical Trials, Data Integration, Health Care, Machine Learning, Pharmaceutical","Kansas City, Missouri, United States","Trially® is the first AI-native platform that matches, engages & enrolls patients with ~95% accuracy at breakthrough speed.","24,981",,"22,400",https://www.trially.ai/,,https://www.linkedin.com/company/trially,,2025-09-16,Seed,4700000,USD,4700000
Skylark Bio,https://www.crunchbase.com/organization/skylark-bio,"Biotechnology, Health Care, Science and Engineering",1-10,"Biotechnology, Health Care, Life Science","Cambridge, Massachusetts, United States",Skylark Bio is a biotechnology company that develops gene therapies to treat hearing losses.,"24,987",,"22,406",https://www.skylarkbio.com,,https://www.linkedin.com/company/skylark-bio,,2022-08-16,Venture - Series Unknown,40889315,USD,40889315
Prophetic,https://www.crunchbase.com/organization/prophetic-ai,"Artificial Intelligence (AI), Biotechnology, Data and Analytics, Health Care, Science and Engineering, Software",1-10,"Artificial Intelligence (AI), Medical Device, Neuroscience","New York, New York, United States",Prophetic is a non-invasive neurotech company that offers neural devices to help people stabilize and induce lucid dreaming.,"25,025",,"22,441",https://prophetic.com,,https://www.linkedin.com/company/propheticai,,2024-08-01,Seed,2000000,USD,2000000
Filtricine,https://www.crunchbase.com/organization/filtricine,"Biotechnology, Health Care, Science and Engineering",1-10,"Biotechnology, Health Care, Life Science, Medical, Oncology","Santa Clara, California, United States",Filtricine provides new solution to cancer care via Targeted Nutrients Deprivation.,"25,071",,"22,486",https://www.filtricine.com,info@filtricine.com,https://www.linkedin.com/company/filtricine/,,2022-08-29,Seed,,,
Moxie Beauty,https://www.crunchbase.com/organization/moxie-beauty,"Consumer Goods, Health Care",1-10,"Beauty, Cosmetics, Personal Health","Gurgaon, Haryana, India",Moxie Beauty is a haircare company that makes and sells products designed to care for various hair types and concerns.,"25,102",,"22,510",https://moxiebeauty.in,support@moxiebeauty.in,https://www.linkedin.com/company/moxie-beauty,+91 997-119-3530,2025-12-16,Series A,15000000,USD,15000000
Noula,https://www.crunchbase.com/organization/noula-health,"Health Care, Sports",1-10,"Fitness, Health Care, Wellness","New York, New York, United States","Noula is a precision hormonal health company, empowering patients with customized health insights and 1-on-1 coaching from experts.","25,114",,"22,520",https://www.noula.com,hello@noula.com,https://www.linkedin.com/company/noula-health,,2022-07-11,Grant,100000,USD,100000
Odyssey Therapeutics,https://www.crunchbase.com/organization/odyssey-therapeutics,"Artificial Intelligence (AI), Biotechnology, Data and Analytics, Health Care, Science and Engineering, Software",1-10,"Biotechnology, Health Care, Life Science, Machine Learning, Therapeutics","San Francisco, California, United States",Odyssey Therapeutics is a computational immunology company that develops novel therapeutics for patients with autoimmune diseases.,"25,141",,"22,545",https://www.odysseytherapeutics.com,hello@odysseytherapeutics.com,https://www.linkedin.com/company/odysseytherapeutics,,2021-10-22,Series A,10000000,USD,10000000
SOMAVAC Medical Solutions,https://www.crunchbase.com/organization/somavac-medical-solutions,"Biotechnology, Health Care, Science and Engineering",1-10,"Life Science, Medical Device, Wellness","Memphis, Tennessee, United States",SOMAVAC is pioneering new technology platforms to improve the recovery after elective surgeries like breast cancer and hernia repairs.,"25,152",,"22,556",http://www.somavac.com,info@somavac.com,https://www.linkedin.com/company/somavac,+1 833 2286044,2025-04-18,Venture - Series Unknown,8433128,USD,8433128
Pet Food Institute,https://www.crunchbase.com/organization/pet-food-institute,"Community and Lifestyle, Food and Beverage, Health Care, Other, Social Impact",1-10,"Non Profit, Nutrition, Pet, Wellness","Washington, District of Columbia, United States","Pet Food Institute is a non-profit organization that provides information about pet food and treatment safety, nutrition, and health.","25,189",,"22,590",https://www.petfoodinstitute.org,info@petfoodinstitute.org,https://www.linkedin.com/company/pet-food-institute,+1 202-791-9440,2026-02-12,Grant,1350000,USD,1350000
Vocxi Health,https://www.crunchbase.com/organization/vocxi-health,Health Care,1-10,"Health Care, Health Diagnostics, Medical","Hills, Minnesota, United States",Vocxi Health commercializes a patented smart mask that measures disease in a minute of breathing.,"25,192",,"22,592",https://vocxihealth.com/,,https://www.linkedin.com/company/vocxi-health,612-804-8225,2023-04-20,Convertible Note,,,
Alixia,https://www.crunchbase.com/organization/alixia,"Biotechnology, Health Care, Science and Engineering",1-10,"Biotechnology, Health Care, Medical, Pharmaceutical","San Francisco, California, United States","Alixia is a medical research company that engages in developing new modalities to treat cancer, aging, and inflammation.","25,201",,"22,601",https://www.alixia.com/,info@alixia.com,https://www.linkedin.com/company/alixia-therapeutics/,,2024-10-01,Seed,1825445,USD,1825445
CPR Therapeutics,https://www.crunchbase.com/organization/cpr-therapeutics,Health Care,1-10,"Health Care, Medical, Medical Device","Putney, Vermont, United States",CPR Therapeutics is a medical device company developing the next-generation system for cardiopulmonary resuscitation.,"25,277",,"22,670",https://www.cprtherapeutics.com/,info@cprtherapeutics.com,https://www.linkedin.com/company/cpr-therapeutics/,,2025-07-15,Grant,1200000,USD,1200000
Carson Life,https://www.crunchbase.com/organization/carson-life,"Commerce and Shopping, Health Care, Sports",1-10,"E-Commerce, Fitness, Health Care, Personal Health","Miami, Florida, United States",Carson Life is a natural health and beauty products company focused on the Hispanic market.,"25,359",,"22,748",http://carsonlife.com,sonia@carsonlife.com,https://www.linkedin.com/company/carson-life,800-241-4168,2023-10-04,Venture - Series Unknown,,,
Nuclide Therapeutics,https://www.crunchbase.com/organization/nuclide-therapeutics,Health Care,1-10,"Health Care, Pharmaceutical, Therapeutics","London, England, United Kingdom",Nuclide Therapeutics provides radiopharmaceutical medicines that combine nuclear medicine and biotechnology.,"25,386",,"22,772",https://nuclidetx.com/,info@nuclidetherapeutics.com.,https://www.linkedin.com/company/nuclide-therapeutics/,,2025-09-22,Seed,5000000,GBP,6757022
OSSTEC,https://www.crunchbase.com/organization/osstec,"Hardware, Health Care, Manufacturing, Software",1-10,"3D Printing, 3D Technology, Medical","London, England, United Kingdom",The next step forward in orthopaedics,"25,398",,"22,784",http://Osstec.uk,,https://www.linkedin.com/company/osstec,,2025-03-30,Seed,2500000,GBP,3234571
Emerald,https://www.crunchbase.com/organization/emerald-cdfe,"Artificial Intelligence (AI), Data and Analytics, Financial Services, Health Care, Science and Engineering, Software",1-10,"Artificial Intelligence (AI), Generative AI, Health Care, Health Insurance, Medical, Personal Health","London, England, United Kingdom","Emerald is a preventive health membership with local screenings, all your data in one place, and an action plan unique to your biology.","25,400",,"22,786",https://withemerald.com/,hello@withemerald.com,https://www.linkedin.com/company/emerald-health/,,2026-01-29,Pre-Seed,1200000,USD,1200000
Attivare Therapeutics,https://www.crunchbase.com/organization/attivare-therapeutics,"Biotechnology, Health Care, Science and Engineering",1-10,"Biotechnology, Health Care, Life Science, Therapeutics","Natick, Massachusetts, United States",Attivare Therapeutics is a biotechnology company that develops small-molecule therapies that modulate immune and inflammatory pathways.,"25,478",,"22,856",https://attivaretx.com,,,,2025-12-15,Grant,6600000,USD,6600000
Feals,https://www.crunchbase.com/organization/feals,"Commerce and Shopping, Community and Lifestyle, Consumer Goods, Food and Beverage, Health Care",1-10,"Cannabis, Consumer Goods, E-Commerce, Wellness","Denver, Colorado, United States","Feals is a modern wellness brand inspiring happier, healthier lives with premium cannabis-based health supplements.","25,490",,"22,868",https://feals.com,hello@feals.com,http://linkedin.com/company/feals,844-311-9090,2021-05-11,Series A,6800000,USD,6800000
Amplifold,https://www.crunchbase.com/organization/amplifold,"Biotechnology, Data and Analytics, Health Care, Science and Engineering",1-10,"Biopharma, Biotechnology, Business Intelligence","Munich, Bayern, Germany",Amplifold is a biotech/medtech business that is developing next-generation quick diagnostic tests using DNA origami nanotechnology.,"25,497",,"22,874",https://amplifold.com,,https://www.linkedin.com/company/amplifold,,2025-12-10,Seed,5000000,EUR,5850752
Vitalic Health,https://www.crunchbase.com/organization/vitalic-health,"Health Care, Software",1-10,"Health Care, Mental Health, Software","Boston, Massachusetts, United States",Vitalic Health's aim is to reinvigorate older individuals' well-being and strengthen relationships to what they love most.,"25,542",,"22,917",https://www.vitalichealth.co/,hello@vitalichealth.co,https://linkedin.com/company/vitalichealthco,877-445-1587,2026-02-09,Seed,,,
Pilgrim,https://www.crunchbase.com/organization/pilgrim-3433,"Government and Military, Health Care, Information Technology",1-10,"Health Diagnostics, Medical Device, Military, National Security","Redwood City, California, United States",Building the warfighter of tomorrow.,"25,567",,"22,940",https://www.pilgrimlabs.com,,https://www.linkedin.com/company/pilgrimlabs,,2025-08-06,Seed,4300000,USD,4300000
Pinky Promise,https://www.crunchbase.com/organization/pinky-promise,"Community and Lifestyle, Health Care",1-10,"Health Care, Women's","Mumbai, Maharashtra, India","Pinky Promise is a women's healthcare company providing reproductive, sexual, and menstrual health solutions.","25,573",,"22,946",https://askpinkypromise.com/,contact@askpinkypromise.com,https://www.linkedin.com/company/pinky-promise-ltd/,,2026-01-20,Pre-Seed,1000000,USD,1000000
BMG,https://www.crunchbase.com/organization/bmg-japan,"Biotechnology, Health Care, Manufacturing, Sales and Marketing, Science and Engineering",1-10,"Biopharma, Manufacturing, Medical Device, Sales","Minamiku, Miyagi, Japan","BMG is a medical company that provides development, manufacturing, and sales of biomedical polymer materials and medical devices.","25,659",,"23,027",http://www.bmg-inc.com,info@bmg-inc.com,,+81-075-681-0787,2016-11-30,Venture - Series Unknown,500000000,JPY,4381441
Develo,https://www.crunchbase.com/organization/develo-6603,"Apps, Health Care, Software",1-10,"Apps, Health Care, SaaS, Task Management","Los Angeles, California, United States","Develo offers a software platform for pediatric practices that allows streamline scheduling, charting, billing, and patient engagement.","25,666",,"23,032",https://getdevelo.com/,,https://www.linkedin.com/company/getdevelo/,+1 415-690-3952,2026-02-04,Venture - Series Unknown,9999992,USD,9999992
MedReddie,https://www.crunchbase.com/organization/medreddie,"Health Care, Information Technology, Professional Services",1-10,"Consulting, Health Care, Information Services, Medical","Waterloo, Ontario, Canada",MedReddie simplifies clinical procurement and market research to drive the future of healthcare.,"25,676",,"23,040",https://www.medreddie.com,medreddie@gmail.com,https://www.linkedin.com/company/medreddie/,,2025-11-25,Seed,1550000,CAD,1099001
Unsaddl,https://www.crunchbase.com/organization/unsaddl,"Administrative Services, Education, Financial Services, Health Care, Software",1-10,"Education, Employee Benefits, Financial Services, Human Resources, Software","New York, New York, United States",Unsaddl enables employers to offer education benefits and leave of absence management,"25,701",,"23,064",https://www.unsaddl.com/,,https://www.linkedin.com/company/unsaddl,,2024-01-01,Seed,,,
OncoveryCare,https://www.crunchbase.com/organization/vivorcare,Health Care,1-10,Health Care,"Somerville, Massachusetts, United States",OncoveryCare is the virtual survivorship clinic providing whole-person care and community to survivors of critical illness with cancer.,"25,717",,"23,079",https://www.oncoverycare.com,info@oncoverycare.com,https://www.linkedin.com/company/oncoverycare,,2024-05-23,Seed,4500000,USD,4500000
Crosby Health,https://www.crunchbase.com/organization/crosby-health,Health Care,1-10,Health Care,"New York, New York, United States",Crosby Health is a healthcare financial operating system that combines expert appeal writers with software to appeal every denial.,"25,772",,"23,129",https://www.crosbyhealth.com,rishi@crosbyhealth.com,https://www.linkedin.com/company/crosbyhealth,,2026-02-05,Seed,830000,USD,830000
PerioTrap Pharmaceuticals GmbH,https://www.crunchbase.com/organization/periotrap-pharmaceuticals-gmbh,"Biotechnology, Health Care, Science and Engineering",1-10,"Biotechnology, Medical, Pharmaceutical","Haale, Schleswig-Holstein, Germany",PerioTrap is an early stage biopharmaceutical company that aims to eradicate the root cause of periodontitis.,"25,834",,"23,187",https://periotrap.com/,,https://www.linkedin.com/company/periotrap-pharmaceuticals-gmbh/,,2025-01-30,Seed,2900000,EUR,3015274
TheraB Medical,https://www.crunchbase.com/organization/therab-medical,"Biotechnology, Health Care, Science and Engineering",1-10,"Biotechnology, Hospital, Medical","East Lansing, Michigan, United States",TheraB Medical is a medical device company that promotes holistic treatment for infant jaundice.,"25,845",,"23,197",http://www.therabmedical.com/,contact@therabmedical.com,https://www.linkedin.com/company/9282392/admin/,(810) 338-7965,2023-11-06,Pre-Seed,,,
Quarry Thera,https://www.crunchbase.com/organization/quarry-thera,"Biotechnology, Health Care, Manufacturing, Science and Engineering",1-10,"Biotechnology, Manufacturing, Pharmaceutical","New Haven, Connecticut, United States","Quarry Thera, a next-generation brachytherapy innovator, is advancing brachytherapy using molecular-glue technology.","25,921",,"23,266",,,https://www.linkedin.com/company/quarry-thera/,,2025-11-26,Series A,32000000,USD,32000000
Harbera,https://www.crunchbase.com/organization/harbera,"Artificial Intelligence (AI), Data and Analytics, Health Care, Science and Engineering, Software",1-10,"Artificial Intelligence (AI), Health Care, Software","San Francisco, California, United States",Harbera is a AI software for healthcare industry to monitors and proactively helps admin teams re-credential doctors.,"25,931",,"23,275",https://harbera.com/,demo@harbera.com,https://www.linkedin.com/company/harbera/,,2025-03-12,Pre-Seed,500000,USD,500000
PorTal Access,https://www.crunchbase.com/organization/portal-access,Health Care,1-10,"Health Care, Medical, Medical Device","Miami, Florida, United States","PorTal Access provides chemo port placement, offering a safe and minimally invasive option for bedside or in an outpatient setting.","25,943",,"23,286",,,https://www.linkedin.com/company/portal-access-inc/,,2025-05-27,Series A,7000000,USD,7000000
Neutrolis,https://www.crunchbase.com/organization/neutrolis,"Biotechnology, Health Care, Science and Engineering",1-10,"Biotechnology, Life Science, Medical","Cambridge, Massachusetts, United States",Neutrolis is a candidate-stage company advancing its first-in-class therapies that target Neutrophil Extracellular Traps (NETs).,"26,035",,"23,367",https://www.neutrolis.com/,,https://www.linkedin.com/company/neutrolis/about/,,2021-12-03,Series A,23136190,USD,23136190
TrueClaim,https://www.crunchbase.com/organization/trueclaim-ff70,"Administrative Services, Financial Services, Health Care",1-10,"Employee Benefits, Health Care, Health Insurance","San Francisco, California, United States",Maximizing healthcare benefits for self-insured employers.,"26,057",,"23,388",https://www.trytrueclaim.com,hello@trytrueclaim.com,https://www.linkedin.com/company/trytrueclaim,,2024-02-27,Pre-Seed,2100000,USD,2100000
HABIT,https://www.crunchbase.com/organization/habit-bd7d,"Consumer Goods, Health Care",1-10,"Beauty, Cosmetics, Wellness","New York, New York, United States",HABIT is a skincare startup developing the next generation of sunscreen for the next generation.,"26,079",,"23,408",https://habitskin.co,hello@habitskin.co,https://www.linkedin.com/company/habitskin,,2023-04-04,Seed,500000,USD,500000
Salus Scientific,https://www.crunchbase.com/organization/salus-scientific,"Health Care, Manufacturing",1-10,"Manufacturing, Medical Device","Mount Pleasant, South Carolina, United States",Salus Scientific is an innovations company focused on creating technologies to enhance safety for healthcare workers and patients.,"26,121",,"23,445",https://salusscientific.com,,https://www.linkedin.com/company/salus-scientific-corp,888-765-0570,2022-11-10,Seed,335000,USD,335000
MyARC,https://www.crunchbase.com/organization/myarc,"Health Care, Sports",1-10,"Fitness, Health Care, Wellness","London, England, United Kingdom",MyARC is a fitness app for content creators and their fans.,"26,140",,"23,463",https://www.myarc.fitness/,,https://www.linkedin.com/company/my-arc/,,2026-01-26,Venture - Series Unknown,1500000,GBP,2049833
Plethy,https://www.crunchbase.com/organization/plethy,"Health Care, Sports",1-10,"Health Care, Medical, Sports","San Jose, California, United States","Plethy is an InsurTech & HealthTech company delivering patient outcomes and financial ROI for Enterprises, carriers, and health systems.","26,173",,"23,494",https://plethy.com/,info@plethy.com,https://www.linkedin.com/company/plethy-inc/,669-288-6588,2025-01-01,Convertible Note,5000000,USD,5000000
Mother Science,https://www.crunchbase.com/organization/mother-science,"Consumer Goods, Health Care",1-10,"Beauty, Cosmetics, Personal Health","Los Angeles, California, United States",Mother Science is a revolutionary biotech beauty brand company develops next-generation skincare treatments.,"26,188",,"23,508",https://www.motherscience.com,hello@motherscience.com,https://www.linkedin.com/company/mother-science,,2024-05-03,Seed,3500000,USD,3500000
Metalmark Innovations,https://www.crunchbase.com/organization/metalmark,"Health Care, Science and Engineering, Sustainability",1-10,"Health Care, Nanotechnology, Pollution Control","Boston, Massachusetts, United States",Metalmark creates nanostructured materials that destroy airborne pollutants and toxins to support healthy indoor air quality.,"26,243",,"23,560",https://www.metalmark.xyz,sissi@metalmark.xyz,https://www.linkedin.com/company/metalmark/,617-714-4026,2023-07-31,Non-equity Assistance,,,
Ruby,https://www.crunchbase.com/organization/ruby-a14d,"Health Care, Real Estate, Sports",1-10,"Elder Care, Fitness, Health Care, Home Improvement","New York, New York, United States",Ruby specializes in the health and wellness of seniors and their families with home maintenance and healthcare services for a living.,"26,247",,"23,564",https://www.meetruby.com,team@meetruby.com,https://www.linkedin.com/company/meetruby,+1 833 633-8782,2021-05-26,Seed,2935000,USD,2935000
Cadence OTC,https://www.crunchbase.com/organization/cadence-health,"Biotechnology, Health Care, Science and Engineering",1-10,"Biopharma, Medical Device, Pharmaceutical","Oakland, California, United States","Cadence OTC is on a mission to increase over-the-counter (OTC) access to safe, effective, affordable contraceptives for everyone everywhere.","26,274",,"23,587",https://cadenceotc.com/,support@cadenceotc.com,https://www.linkedin.com/company/cadencehealth,,2020-02-01,Series C,9900000,USD,9900000
Complexa,https://www.crunchbase.com/organization/complexa,"Biotechnology, Health Care, Science and Engineering",1-10,"Biotechnology, Health Care, Therapeutics","Pittsburgh, Pennsylvania, United States",Complexa is a biopharmaceutical company that develops therapies for the treatment of inflammatory and metabolic diseases.,"26,282",,"23,595",http://complexarx.com,Inquiries@ComplexaRx.com,https://www.linkedin.com/company/complexa-inc./,+1-412-727-8727,2017-07-26,Series C,62000000,USD,62000000
Akeso,https://www.crunchbase.com/organization/akeso,"Artificial Intelligence (AI), Data and Analytics, Financial Services, Health Care, Science and Engineering, Software",1-10,"Artificial Intelligence (AI), Health Care, InsurTech, Machine Learning","Moscow, Moscow City, Russian Federation",Aeso is a provider of clinical research studies that analysis of medical data using machine learning.,"26,290",,"23,603",https://www.akesomed.ru,info@akesomed.ru,https://www.linkedin.com/company/akeso-med,,2018-06-01,Seed,2500000,RUB,40189
Aptimmune,https://www.crunchbase.com/organization/aptimmune-biologics,"Biotechnology, Data and Analytics, Health Care, Science and Engineering",1-10,"Biopharma, Biotechnology, Health Care, Health Diagnostics, Test and Measurement","St Louis, Missouri, United States",Aptimmune is a biotechnology company that specializes on developing mucosal vaccines for swine.,"26,300",,"23,613",http://www.aptimmune.com/,faza@aptimmune.com,https://www.linkedin.com/company/aptimmune-biologics-inc./,(314) 736-4488,2022-01-10,Convertible Note,,,
TYBR Health,https://www.crunchbase.com/organization/tybr-health,Health Care,1-10,"Health Care, Medical, Medical Device, Wellness","Houston, Texas, United States",TYBR is a medical device company developing a sprayable hydrogel to keep internal organs scar-free after surgery.,"26,318",,"23,630",https://www.tybrhealth.com/,tkeane@tybrhealth.com,https://www.linkedin.com/company/tybr-health,(832) 384-5423,2025-01-30,Seed,1084679,USD,1084679
Valitor,https://www.crunchbase.com/organization/valitor,"Biotechnology, Health Care, Science and Engineering, Software",1-10,"Biotechnology, Developer Tools, Medical, Therapeutics","Berkeley, California, United States",Valitor has developed novel methods of modifying therapeutic proteins to achieve substantial control over their pharmacological properties..,"26,329",,"23,641",http://www.valitorbio.com/,info@valitorbio.com,https://in.linkedin.com/company/valitor-inc-,(510) 969-9246,2022-10-05,Series B,28000000,USD,28000000
TWO,https://www.crunchbase.com/organization/two-3896,"Commerce and Shopping, Food and Beverage, Health Care, Other",1-10,"B2C, Food and Beverage, Health Care, Nutrition, Organic Food, Retail","Shibuya, Kanagawa, Japan","TWO is a health and wellness company that offers innovative lifestyle solutions 2foods, a line of healthy and delicious food products.","26,393",,"23,702",https://two2.jp/,,,+81-036-869-0010,2025-04-22,Venture - Series Unknown,750000000,JPY,5256334
C. Light Technologies,https://www.crunchbase.com/organization/c-light-technologies,"Health Care, Software",1-10,"Health Care, Medical, Medical Device, Software","Berkeley, California, United States",C. Light Technologies is a developer of a retinal eye-tracking platform used to improve the monitoring of neurodegenerative diseases.,"26,396",,"23,705",https://www.clighttechnologies.com/,christy@clighttechnologies.com,https://www.linkedin.com/company/c-light-technologies-inc-/,518-339-2895,2025-08-21,Grant,,,
LifeRaft,https://www.crunchbase.com/organization/liferaft-9cec,"Financial Services, Health Care",1-10,"Finance, Health Care, Insurance, InsurTech","San Francisco, California, United States",LifeRaft is an insurtech company that offers supplementary health insurance products for patients.,"26,401",,"23,710",https://www.liferaft.co,support@liferaft.co,https://www.linkedin.com/company/liferaftrisk,408-933-9658,2020-12-22,Seed,3500000,USD,3500000
TECLens,https://www.crunchbase.com/organization/teclens,"Health Care, Manufacturing",1-10,"Health Care, Manufacturing, Medical Device","Stamford, Connecticut, United States",TECLens develops technology to treat keratoconus and correct vision problems.,"26,432",,"23,736",https://teclens.com,,https://www.linkedin.com/company/teclens,,2025-02-11,Series A,9300000,USD,9300000
Culturewell,https://www.crunchbase.com/organization/culturewell,"Biotechnology, Data and Analytics, Health Care, Science and Engineering",1-10,"Big Data, Health Care, Hospital, Life Science","Ann Arbor, Michigan, United States",Infection Risk Mitigation for Hospitals and Biodefense,"26,454",,"23,756",https://www.getculturewell.com,hello@getculturewell.com,https://www.linkedin.com/company/culturewell,734/822-7922,2023-11-03,Seed,1400000,USD,1400000
RoddyMedical,https://www.crunchbase.com/organization/roddymedical,Health Care,1-10,"Health Care, Medical, Medical Device","Wauwatosa, Wisconsin, United States",RoddyMedical develops innovative medical devices that improve clinical safety and patient outcomes.,"26,470",,"23,772",https://www.roddymedical.com/,contact@roddymedical.com,https://www.linkedin.com/company/roddymedical/,,2025-12-11,Series A,5000000,USD,5000000
PATH EX,https://www.crunchbase.com/organization/path-ex,Health Care,1-10,"Health Diagnostics, Medical Device","Nashville, Tennessee, United States",PATH EX has developed a proprietary technology to selectively separate and capture bacteria and toxins from human blood.,"26,485",,"23,785",https://pathex.co,,https://www.linkedin.com/company/22290842/,(412)496-7066,2025-05-08,Venture - Series Unknown,5000000,USD,5000000
MyndTec,https://www.crunchbase.com/organization/myndtec-b3db,"Biotechnology, Health Care, Science and Engineering",1-10,"Health Care, Medical Device, Neuroscience, Therapeutics","Mississauga, Ontario, Canada",MyndTec is a medical device company that focuses on the treatment of Stroke and Spinal Cord Injury (SCI) and other brain related disorders.,"26,524",,"23,820",https://www.myndtec.com/,info@myndtec.com,https://www.linkedin.com/company/myndtec,+1 905-363-0564,2025-12-12,Post-IPO Equity,123623,CAD,89728
Oneloop,https://www.crunchbase.com/organization/feather-7991,"Administrative Services, Community and Lifestyle, Financial Services, Health Care, Other",1-10,"Employee Benefits, Financial Services, FinTech, Human Resources, Retirement","Seattle, Washington, United States",OneLoop is a financial services platform that specializes in building an AI workforce through AI workflows for startups and enterprises.,"26,528",,"23,824",https://www.oneloop.ai/,info@feather.credit,https://www.linkedin.com/company/feather-credit,,2022-06-25,Pre-Seed,500000,USD,500000
Hungry Planet,https://www.crunchbase.com/organization/hungry-planet,"Food and Beverage, Health Care, Transportation",1-10,"Alternative Protein, Food and Beverage, Food Delivery, Food Processing, Recipes, Wellness","St Louis, Missouri, United States","Hungry Planet is a food and beverage company providing delicious, nourishing, plant-based meats.","26,532",,"23,827",https://www.hungryplanetfoods.com/,info@hungryplanet.us,https://www.linkedin.com/company/hungry-planet/,+1 800-822-3100,2021-04-13,Series A,25000000,USD,25000000
Gymdesk,https://www.crunchbase.com/organization/martial-arts-on-rails,"Health Care, Internet Services, Software, Sports",1-10,"Fitness, Health Care, Online Portals, Software, Sports","Austin, Texas, United States",Modern management software for gyms and martial arts schools,"26,578",,"23,869",https://gymdesk.com,support@gymdesk.com,https://www.linkedin.com/company/gymdesk/,208.840.0766,2024-07-08,Private Equity,32500000,USD,32500000
Opio Connect,https://www.crunchbase.com/organization/opio-connect,"Hardware, Health Care, Science and Engineering, Software",1-10,"Medical, Robotics","Kalispell, Montana, United States",Opio Connect provides technology for opioid treatment programs.,"26,595",,"23,884",https://opioconnect.com,james@opioconnect.com,https://www.linkedin.com/company/opio-connect,(406)890-4804,2023-12-12,Seed,900000,USD,900000
Differentiated Therapeutics Inc,https://www.crunchbase.com/organization/differentiated-therapeutics,"Biotechnology, Health Care, Science and Engineering",1-10,"Biotechnology, Pharmaceutical, Therapeutics","Oceanside, California, United States",Differentiated Therapeutics Inc is a preclinical stage biotech company,"26,614",,"23,903",https://www.dxtherapeutics.com/,info@dxtherapeutics.com,https://www.linkedin.com/company/dxtherapeutics/,,2022-08-01,Seed,5000000,USD,5000000
TalentHack,https://www.crunchbase.com/organization/talenthack,"Education, Health Care, Sports",1-10,"Education, Fitness, Health Care, Wellness","New York, New York, United States",TalentHack is a health platform that connects directly with the fitness professionals and industry.,"26,650",,"23,935",https://www.thetalenthack.com/,hello@thetalenthack.com,https://www.linkedin.com/company/thetalenthack/,917-658-4942,2021-11-09,Series A,17000000,USD,17000000
Eximis Surgical,https://www.crunchbase.com/organization/eximis-surgical,Health Care,1-10,"Health Care, Hospital, Medical Device","Louisville, Colorado, United States",Eximis Surgical develops an enabling technology that allows surgeons to quickly remove large specimens through small incisions.,"26,664",,"23,948",http://www.eximissurgical.com,info@eximissurgical.com,https://www.linkedin.com/company/eximis-surgical,(303)532-7138,2023-04-24,Venture - Series Unknown,15344314,USD,15344314
Alleviate Health,https://www.crunchbase.com/organization/alleviate-health,"Artificial Intelligence (AI), Data and Analytics, Health Care, Science and Engineering, Software",1-10,"Artificial Intelligence (AI), Health Care, Medical","Durham, North Carolina, United States",Alleviate Health is an AI-enabled patient recruitment company for clinical trials,"26,706",,"23,986",https://alleviatehealth.io/,info@alleviatehealth.com,https://www.linkedin.com/company/alleviate-health/,,2025-10-13,Seed,4300000,USD,4300000
Mother,https://www.crunchbase.com/organization/mother-5f00,"Hardware, Health Care, Software",1-10,"Health Care, Mental Health, Virtual Reality, Wellness","Stockholm, Stockholms Lan, Sweden",Mother is a deep-tech mental health company that aims to fill the niche between conventional health services and self-help approaches.,"26,710",,"23,990",https://mother.technology/,info@mother.technology,https://www.linkedin.com/company/mothertechnology,,2023-06-05,Pre-Seed,3000000,SEK,276427
Endolumik,https://www.crunchbase.com/organization/endolumik,"Biotechnology, Health Care, Science and Engineering",1-10,"Biotechnology, Health Care, Medical, Medical Device","Morgantown, West Virginia, United States","Endolumik is a medical device company that develops a fluorescence-guided tools for minimally invasive surgery,","26,718",,"23,998",https://www.endolumik.com/,,https://www.linkedin.com/company/endolumik,,2025-06-26,Seed,999990,USD,999990
Peeq,https://www.crunchbase.com/organization/peeq-5f51,"Consumer Goods, Health Care",1-10,"Beauty, Cosmetics, Health Care, Personal Health","Omaha, Nebraska, United States","Peeq develops healthtech, cosmetics, and beauty products to improve eye health and eyelid hygiene.","26,843",,"24,113",https://peeqpro.com,tchapman@getpeeq.com,https://www.linkedin.com/company/peeq-industries,531-213-2737,2024-09-13,Seed,,,
Trestle Biotherapeutics,https://www.crunchbase.com/organization/trestle-biotherapeutics,"Biotechnology, Health Care, Science and Engineering",1-10,"Biopharma, Biotechnology, Life Science, Medical, Medical Device","San Diego, California, United States",Trestle Biotherapeutics is a biotechnology company that introduces bioengineered kidneys for patients with kidney disease.,"26,845",,"24,115",http://www.trestlebio.com/,,https://www.linkedin.com/company/trestle-biotherapeutics,,2023-06-12,Grant,1000000,USD,1000000
Vivatides Therapeutics,https://www.crunchbase.com/organization/vivatides-therapeutics,"Biotechnology, Health Care, Science and Engineering",1-10,"Biotechnology, Health Care, Medical","Woburn, Massachusetts, United States",Vivatides Therapeutics develops new RNA treatments to help improve patients' lives using biotechnology research.,"26,869",,"24,138",,,https://www.linkedin.com/company/vivatides-therapeutics-inc/,,2025-02-12,Seed,10000000,USD,10000000
Kuehnle Agrosystems,https://www.crunchbase.com/organization/kuehnle-agrosystems,"Biotechnology, Health Care, Science and Engineering, Software",1-10,"Biotechnology, Developer Platform, Genetics, Health Care","Honolulu, Hawaii, United States",Kuehnle Agrosystems is involved in biotech research and development of plant-based systems for producing biologically active compounds.,"26,906",,"24,174",http://kuehnleagro.com,,https://www.linkedin.com/company/kuehnle-agrosystems-inc./,808-469-4181,2024-03-13,Series A,3000000,USD,3000000
Coral Genomics,https://www.crunchbase.com/organization/coral-genomics,"Biotechnology, Health Care, Science and Engineering",1-10,"Biotechnology, Genetics, Health Care","San Francisco, California, United States",Coral develops new clinical tests to help providers streamline prior authorization and select the effective medication.,"26,925",,"24,193",https://www.coralgenomics.com,,https://www.linkedin.com/company/coral-genomics,,2021-01-28,Grant,1700000,USD,1700000
Juniper,https://www.crunchbase.com/organization/juniper-reproductive-health-ltd,"Community and Lifestyle, Financial Services, Health Care",1-10,"Fertility, Health Insurance, Women's","London, England, United Kingdom",Juniper is a reproductive healthcare insurance provider.,"26,933",,"24,201",https://getjuniper.co.uk/,info@getjuniper.co.uk,https://www.linkedin.com/company/get-juniper,,2024-02-20,Pre-Seed,1500000,GBP,1893741
LifeWeb 360,https://www.crunchbase.com/organization/lifeweb-360,"Community and Lifestyle, Health Care, Internet Services, Media and Entertainment, Software",1-10,"Consumer Software, Funerals, Social Media, Wellness","Chicago, Illinois, United States",LifeWeb 360 is a chicago-based company dedicated on preserving memories.,"26,974",,"24,242",https://www.lifeweb360.com,Support@LifeWeb360.com,https://www.linkedin.com/company/lifeweb360,+1 (708) 320-1084,2024-07-23,Grant,,,
Proteine Resources,https://www.crunchbase.com/organization/proteine-resources,"Biotechnology, Health Care, Manufacturing, Science and Engineering",1-10,"Biotechnology, Health Care, Industrial, Manufacturing","Maslomiaca, Malopolskie, Poland",Proteine Resources is a food company that transforms pet food production making it scalable and profitable.,"27,033",,"24,294",https://www.proteineresources.com,office@proteineresources.com,https://www.linkedin.com/company/proteineresources,,2025-11-17,Venture - Series Unknown,,,
Superluminal Medicines,https://www.crunchbase.com/organization/superluminal-medicines,"Biotechnology, Health Care, Science and Engineering",1-10,"Biotechnology, Medical, Pharmaceutical","Boston, Massachusetts, United States",Superluminal Medicines is a generative biological and chemical company that innovates drug discovery and development processes.,"27,053",,"24,311",https://www.superluminalrx.com,,https://www.linkedin.com/company/superluminalrx,,2025-08-14,Corporate Round,,,
OUMERE,https://www.crunchbase.com/organization/oumere,"Clothing and Apparel, Commerce and Shopping, Consumer Goods, Design, Health Care",1-10,"Beauty, Consumer Goods, E-Commerce, Fashion, Personal Health, Wellness","Palm Beach, Florida, United States","OUMERE is a luxury scientific cosmetic company specializing in natural, anti-aging skin care","27,093",,"24,349",https://www.oumere.com,customerservice@oumere.com,https://www.linkedin.com/company/oumere-skin-care/,,2025-12-08,Seed,3500000,USD,3500000
Lisa Health,https://www.crunchbase.com/organization/lisa-health,"Community and Lifestyle, Health Care",1-10,"Health Care, Wellness, Women's","Oakland, California, United States",Lisa Health creates advanced technology solutions for menopause and healthy aging.,"27,132",,"24,386",https://midday.health/,hello@midday.health,https://www.linkedin.com/company/midday-health,,2022-07-22,Seed,2500000,USD,2500000
Aequor,https://www.crunchbase.com/organization/aequor-inc,"Biotechnology, Health Care, Manufacturing, Professional Services, Science and Engineering",1-10,"Biotechnology, Chemical, Chemical Engineering, Consulting, Industrial, Medical","San Diego, California, United States","Aequor developed 70 anti-biofilm and anti-fouling molecules, engaging in research and development of chemicals from marine microbes.","27,178",,"24,430",http://www.aequorinc.com,contact@aequorinc.com,https://www.linkedin.com/company/617065/,858-255-7854,2024-01-01,Seed,200000,USD,200000
Xtresse,https://www.crunchbase.com/organization/xtresse,Health Care,1-10,"Health Care, Medical, Wellness","Orlando, Florida, United States",Xtresse is a scientifically formulated hair‐growth gummies using regenerative X3-BioActive Blend for follicle health.,"27,200",,"24,451",https://xtresse.com/,,https://www.linkedin.com/company/xtressehair/about/,,2025-11-21,Seed,2691250,USD,2691250
Teiko.bio,https://www.crunchbase.com/organization/teiko-bio,"Biotechnology, Data and Analytics, Health Care, Science and Engineering",1-10,"Biometrics, Biotechnology, Health Care, Health Diagnostics, Life Science, Medical","Salt Lake City, Utah, United States",Teiko.bio is an immune profiling platform that enables clinicians to make informed decisions around patient response.,"27,214",,"24,464",https://teiko.bio/,info@teiko.bio,https://www.linkedin.com/company/teiko-bio/,,2025-01-01,Venture - Series Unknown,,,
Optura,https://www.crunchbase.com/organization/optura-5553,"Artificial Intelligence (AI), Data and Analytics, Health Care, Science and Engineering, Software",1-10,"Artificial Intelligence (AI), Health Care","Nashville, Tennessee, United States",Optura operates as an AI Healthcare platform.,"27,221",,"24,470",https://www.optura.ai/,,https://www.linkedin.com/company/optura-ai/about/,,2025-05-20,Seed,6500000,USD,6500000
Orakl Oncology,https://www.crunchbase.com/organization/orakl-oncology,"Biotechnology, Health Care, Science and Engineering",1-10,"Biotechnology, Medical, Oncology, Therapeutics","Villejuif, Ile-de-France, France",Orakl Oncology is a precision oncology company that combines data and biology to bring new drugs to cancer patients.,"27,253",,"24,501",https://www.orakl-oncology.com,,https://www.linkedin.com/company/orakloncology,,2025-10-08,Non-equity Assistance,1000000,USD,1000000
ASTRA Therapeutics,https://www.crunchbase.com/organization/astra-therapeutics,Health Care,1-10,"Health Care, Medical, Therapeutics","Villigen, Aargau, Switzerland",ASTRA Therapeutics is a medication development business that uses cutting-edge science and technology.,"27,259",,"24,507",https://www.astratherapeutics.com,contact@astratherapeutics.ch,,,2025-07-24,Seed,7500000,CHF,9434840
Double Blind Bio,https://www.crunchbase.com/organization/double-blind-bio,"Artificial Intelligence (AI), Data and Analytics, Health Care, Science and Engineering, Software",1-10,"Artificial Intelligence (AI), Health Care, Test and Measurement","San Francisco, California, United States",Double Blind Bio is an AI-powered clinical trial site automation platform reducing feasibility and enrollment burdens.,"27,261",,"24,509",http://www.doubleblindbio.co/,support@doubleblindbio.co,https://www.linkedin.com/company/double-blind-bio/,,2025-12-23,Seed,5619999,USD,5619999
PIC Therapeutics,https://www.crunchbase.com/organization/pic-therapeutics,"Biotechnology, Health Care, Science and Engineering",1-10,"Biotechnology, Health Care, Medical, Therapeutics","Natick, Massachusetts, United States",PIC Therapeutics is a biotechnology company focused on transforming the treatment of cancer.,"27,265",,"24,512",https://www.pictherapeutics.com/,info@pictherapeutics.com,https://www.linkedin.com/company/pic-therapeutics/,6175288715,2022-10-19,Series A,35000000,USD,35000000
FloBiotech,https://www.crunchbase.com/organization/flobiotech,Health Care,1-10,"Health Care, Health Diagnostics, Medical","Basel, Basel-Stadt, Switzerland","Biotech in Tauopathies - Alzheimer's Disease, PSP, CTE, Parkinson's, and many others ...","27,280",,"24,523",,Loic.Galera@Flo-Biotech.com,https://www.linkedin.com/company/flobiotech/,+41 (0) 79 363 8682,2025-11-01,Pre-Seed,550000,USD,550000
Kaida BioPharma,https://www.crunchbase.com/organization/kaida-biopharma,"Biotechnology, Health Care, Science and Engineering",1-10,"Biopharma, Biotechnology, Medical, Pharmaceutical","Fort Lauderdale, Florida, United States","Kaida BioPharma develops therapies for treatment-resistant gynecological cancers, focusing on ovarian cancer and hormone-driven diseases.","27,366",,"24,605",https://kaida-biopharma.com,,https://www.linkedin.com/company/kaida-biopharma,+1 (917) 683-3092,2026-01-21,Seed,1570507,USD,1570507
H+Trace,https://www.crunchbase.com/organization/h-trace,"Artificial Intelligence (AI), Data and Analytics, Food and Beverage, Health Care, Internet Services, Science and Engineering, Software, Transportation",1-10,"Artificial Intelligence (AI), Food and Beverage, Health Care, Internet of Things, Logistics, Supply Chain Management","Miami, Florida, United States",AI platform for Healthcare supply chain optimization,"27,376",,"24,613",https://h-trace.com/,hello@h-trace.com,https://www.linkedin.com/company/h-trace/,+1 (954) 381-1400,2025-07-11,Pre-Seed,500000,USD,500000
Plant People,https://www.crunchbase.com/organization/plant-people,"Consumer Goods, Health Care, Manufacturing, Sustainability",1-10,"Consumer Goods, Manufacturing, Organic, Wellness","San Marcos, Texas, United States",Plant People is a producer of hemp and herbal supplements along with it company also is a supplier of organic supplements.,"27,377",,"24,614",https://www.plantpeople.co/,hi@plantpeople.co,https://www.linkedin.com/company/plant-people/,+1855-422-0990,2025-11-12,Series A,7934656,USD,7934656
"PyrAmes, Inc.",https://www.crunchbase.com/organization/pyrames-inc,"Consumer Electronics, Hardware, Health Care, Manufacturing",1-10,"Computer, Health Care, Manufacturing, Medical Device","Cupertino, California, United States","PyrAmes has developed a paper thin, flexible, ultra low power device for non-invasive monitoring of blood pressure","27,394",,"24,630",http://www.pyrameshealth.com/,info@pyrameshealth.com,https://www.linkedin.com/company/pyrames,408-216-0099 ,2024-10-15,Grant,50000,USD,50000
Ananya Health,https://www.crunchbase.com/organization/ananya-health,"Community and Lifestyle, Health Care",1-10,"Health Care, Medical Device, Women's","San Francisco, California, United States",Ananya Health develops a medical device for treating cervical pre-cancer.,"27,436",,"24,668",https://www.ananya.health,hi@ananya.health,https://www.linkedin.com/company/ananya-health,,2024-09-03,Grant,2300000,USD,2300000
Daré Bioscience,https://www.crunchbase.com/organization/dare-bioscience,"Biotechnology, Community and Lifestyle, Health Care, Science and Engineering",1-10,"Biopharma, Biotechnology, Health Care, Women's","San Diego, California, United States",Daré Bioscience is a biopharmaceutical company that develops and commercializes therapies for women's health.,"27,467",,"24,697",https://www.darebioscience.com,innovations@darebioscience.com,https://www.linkedin.com/company/dare-bioscience,(858) 926-7655,2025-11-24,Grant,3600000,USD,3600000
Maya AI,https://www.crunchbase.com/organization/maya-AI,"Artificial Intelligence (AI), Data and Analytics, Health Care, Science and Engineering, Software",1-10,"Artificial Intelligence (AI), Generative AI, Pharmaceutical","Tampa, Florida, United States","Maya is an workflow automation platform, for teams without an RPA developer.","27,476",,"24,706",https://mayaknows.com/,support@mayaknows.com,https://www.linkedin.com/company/mayaaiknows/,8134957929,2023-09-11,Pre-Seed,120000,USD,120000
Jack Fertility,https://www.crunchbase.com/organization/jack-fertility,Health Care,1-10,"Fertility, Medical","Oxford, Oxfordshire, United Kingdom",Jack Fertility provides home sperm testing kits for personalized semen analysis.,"27,479",,"24,709",https://www.jackfertility.co.uk,hello@jackfertility.co.uk,https://www.linkedin.com/company/jack-fertility,,2025-10-01,Pre-Seed,500000,GBP,673921
PeriVision,https://www.crunchbase.com/organization/perivision,"Artificial Intelligence (AI), Data and Analytics, Hardware, Health Care, Science and Engineering, Software",1-10,"Artificial Intelligence (AI), Health Care, Medical, Software, Virtual Reality","Epalinges, Vaud, Switzerland","Perivision offers cloud computing, virtual reality, and artificial intelligence to create next-generation solutions.","27,492",,"24,722",https://perivision.io,,https://www.linkedin.com/company/perivisionswitzerland,,2025-09-11,Seed,2400000,CHF,3015098
BiomeSense,https://www.crunchbase.com/organization/biomesense,"Biotechnology, Data and Analytics, Health Care, Science and Engineering",1-10,"Analytics, Bioinformatics, Biotechnology, Health Care, Life Science, Medical","Chicago, Illinois, United States","BiomeSense is a developing novel technologies to enable continuous, at-home monitoring of the human microbiome.","27,507",,"24,737",https://www.biomesense.com/,info@biomesense.com,https://www.linkedin.com/company/biomesense,,2025-08-12,Seed,,,
HelloMD,https://www.crunchbase.com/organization/hellomd,"Community and Lifestyle, Food and Beverage, Hardware, Health Care, Information Technology, Media and Entertainment, Video",1-10,"Cannabis, Health Care, Information Technology, Telecommunications, Video","San Francisco, California, United States",HelloMD is a digital healthcare platform for medical cannabis doctor consultations.,"27,526",,"24,755",http://www.hellomd.com,info@hellomd.com,,415 300 0491,2018-03-04,Series A,7000000,USD,7000000
Turn Medical,https://www.crunchbase.com/organization/turn-medical,Health Care,1-10,"Health Care, Medical, Medical Device","San Antonio, Texas, United States",Turn Medical is a medical device company delivering healthcare solutions from patients to clinicians.,"27,530",,"24,759",https://turnmedical.com,info@turnmedical.com,https://www.linkedin.com/company/turn-medical,855-275-8876,2024-04-08,Venture - Series Unknown,4700000,USD,4700000
Onyx Bio,https://www.crunchbase.com/organization/cosigned-9e21,"Biotechnology, Health Care, Science and Engineering",1-10,"Biopharma, Biotechnology, Life Science, Pharmaceutical","Berkeley, California, United States",Onyx Bio is a biotech company that offers a virtual immune system for faster and safer development of precision medicines,"27,542",,"24,771",https://www.onyx.bio/,press@cosigned.com,https://www.linkedin.com/company/onyxbio/,+1 415-617-5959,2026-02-25,Venture - Series Unknown,7999999,USD,7999999
MEZOO,https://www.crunchbase.com/organization/mezoo,"Health Care, Manufacturing",1-10,"Health Care, Manufacturing, Medical Device","Wonju, Kangwon-do, South Korea",MEZOO is a medical device manufacturing company.,"27,549",,"24,776",https://www.me-zoo.com/,help@me-zoo.com,,82-33-761-2006,2023-11-07,Series B,18000000000,KRW,13793368
EVerZom,https://www.crunchbase.com/organization/everzom,"Biotechnology, Health Care, Science and Engineering",1-10,"Biotechnology, Health Care, Pharmaceutical","Paris, Ile-de-France, France",EVerZom is a nanomedicine biotech company providing a large scale of GMP manufacturing platform of extracellular vesicles.,"27,555",,"24,783",https://www.everzom.com/,nicolas.rousseau@everzom.com,https://www.linkedin.com/company/everzom,+33678280120,2025-10-14,Series A,10000000,EUR,11603311
CrossPoint Therapeutics,https://www.crunchbase.com/organization/crosspoint-therapeutics,Health Care,1-10,"Medical, Pharmaceutical, Therapeutics","Giheung, Kyonggi-do, South Korea",CrossPoint Therapeutics is a therapeutics company that specializes in drug development by using Stealth-Body antibody source technology.,"27,599",,"24,820",https://www.crosspointrx.com/ko,info@crosspointrx.com,,+82 031-378-3575,2026-03-04,Seed,3600000000,KRW,2462633
Sava,https://www.crunchbase.com/organization/sava-e83c,"Commerce and Shopping, Community and Lifestyle, Food and Beverage, Health Care, Sales and Marketing",1-10,"Cannabis, E-Commerce, Marketplace, Sales","San Francisco, California, United States",Sava is the leading E-commerce brand for premium Cannabis consumers.,"27,617",,"24,834",https://www.getsava.com/,info@getsava.com,https://www.linkedin.com/company/getsava/,415-993-9973,2018-09-01,Seed,2700000,USD,2700000
AlliConnect,https://www.crunchbase.com/organization/alliconnect,"Artificial Intelligence (AI), Data and Analytics, Government and Military, Health Care, Information Technology, Privacy and Security, Science and Engineering, Software",1-10,"Artificial Intelligence (AI), GovTech, Health Care, Law Enforcement, Mental Health, Public Safety, SaaS, Software, Wellness","Seattle, Washington, United States","Alli Connect is B2B mental health SaaS improving clinical outcomes for patients and profitability for employers, health plans and insurers.","27,640",,"24,855",https://alliconnect.com/,info@alliconnect.io,https://www.linkedin.com/company/alliconnect/,206-466-0915,2023-06-09,Seed,,,
Asha Health,https://www.crunchbase.com/organization/asha-health,"Artificial Intelligence (AI), Data and Analytics, Health Care, Science and Engineering, Software",1-10,"Artificial Intelligence (AI), Health Care, Hospital","New York, New York, United States",Asha Health provides tools for medical practices to easily launch their own AI clinics.,"27,658",,"24,872",https://asha.health/,founders@asha.health,https://www.linkedin.com/company/asha-health-ai/,,2024-12-30,Seed,3900000,USD,3900000
Hera Fertility,https://www.crunchbase.com/organization/hera-fertility,Health Care,1-10,"Health Care, Health Diagnostics, Medical Device, Telehealth","Claymont, Delaware, United States","Hera is a telemedicine provider for fertility care, offering convenient testing, affordable at-home treatment options, and concierge care.","27,662",,"24,876",https://www.herafertility.co,hello@herafertility.co,https://www.linkedin.com/company/herafertility/,1-888-850-0919,2023-09-11,Pre-Seed,120000,USD,120000
VISIE,https://www.crunchbase.com/organization/advanced-scanners-inc,"Biotechnology, Health Care, Science and Engineering",1-10,"Health Care, Life Science, Medical Device","Austin, Texas, United States",Advanced Scanners provide optimal 3D surface mapping for precise intra-operative diagnostics and positioning.,"27,716",,"24,927",https://visievision.com/,jeffl@advancedscanners.com,https://www.linkedin.com/company/advanced-scanners/,512-750-6570,2023-11-30,Series A,8200000,USD,8200000
Carefully,https://www.crunchbase.com/organization/carefully,"Apps, Community and Lifestyle, Health Care, Internet Services, Software",1-10,"Apps, Child Care, Health Care, Mental Health, Online Portals, Parenting","Brooklyn, New York, United States",Carefully is a software application that helps to build a network of parents to share and exchange ideas for childcare and mental health.,"27,740",,"24,951",https://carefullyapp.com,care@carefullyapp.com,https://www.linkedin.com/company/carefully/,,2024-02-29,Grant,,,
Junevity,https://www.crunchbase.com/organization/junevity,"Biotechnology, Health Care, Science and Engineering",1-10,"Biotechnology, Medical, Pharmaceutical","San Francisco, California, United States",Junevity develops medicines targeting transcription factors to reverse diseases of aging.,"27,866",,"25,069",https://www.junevity.com,founders@junevity.com,https://www.linkedin.com/company/junevity/,,2025-12-03,Seed,10000000,USD,10000000
KAHR medical,https://www.crunchbase.com/organization/kahr-medical,"Biotechnology, Health Care, Science and Engineering",1-10,"Biotechnology, Medical, Pharmaceutical","Jerusalem, Yerushalayim, Israel",KAHR Medical develops novel fusion protein pharmaceuticals for the treatment of cancer and autoimmune diseases.,"27,880",,"25,080",https://kahrbio.com,info@kahr-medical.com,https://www.linkedin.com/company/kahr-medical-ltd-/about/,97246392752,2025-10-15,Series B,22000000,USD,22000000
HemaCell,https://www.crunchbase.com/organization/hemacell,"Biotechnology, Health Care, Science and Engineering",1-10,"Biotechnology, Pharmaceutical","Suzhou, Jiangsu, China","HemaCell is a new cell therapy company to regenerate hematopoietic lineages in vitro, with unique stem cell reprogramming.","27,897",,"25,097",http://www.xuejibio.com/,info@xuejibio.com,,1-400-800-2526,2025-12-26,Debt Financing,120000000,CNY,17126465
She Matters,https://www.crunchbase.com/organization/she-matters-3449,"Health Care, Sports",1-10,"Fitness, Health Care, Mental Health, Personal Health, Wellness","New York, New York, United States",She Matters is a social networking platform dedicated to black women's mental health.,"28,000",,"25,189",https://www.shematters.health,info@shematters.io,https://www.linkedin.com/company/she-matters-inc,,2024-02-07,Venture - Series Unknown,2000000,USD,2000000
CS MEDICA,https://www.crunchbase.com/organization/cs-medica,"Health Care, Manufacturing",1-10,"Manufacturing, Medical Device, Pharmaceutical","Copenhagen, Hovedstaden, Denmark",CS MEDICA is a medical equipment manufacturing and distribution company focused on the treatment of autoimmune and stress-related disorders.,"28,001",,"25,190",https://www.cs-medica.com,info@cs-medica.com.com,https://www.linkedin.com/company/cs-medica,45 7070 7337,2024-05-28,Post-IPO Debt,2000000,DKK,290893
Squared Circles,https://www.crunchbase.com/organization/squared-circles,"Consumer Goods, Financial Services, Food and Beverage, Health Care, Lending and Investments",1-10,"Consumer Goods, Finance, Financial Services, Food and Beverage, Personal Health, Venture Capital","New York, New York, United States",Squared Circles is a Venture Studio That Incubates Science-Backed Consumer Products in Health & Wellness,"28,037",,"25,222",https://squaredcircles.com,info@squaredcircles.com,https://www.linkedin.com/company/squared-circles,,2024-05-30,Series A,40000000,USD,40000000
FEMSelect,https://www.crunchbase.com/organization/femselect,"Community and Lifestyle, Health Care",1-10,"Health Care, Medical, Medical Device, Women's","Modi'in, HaMerkaz, Israel",FEMSelect is making a lasting impact on women's health by delivering an innovative technology platform.,"28,038",,"25,223",https://femselect.com,info@femselect.com,https://www.linkedin.com/company/pop-medical-solutions/,1 215-940-8178,2025-05-13,Series B,,,
Miro,https://www.crunchbase.com/organization/miro-4807,Health Care,1-10,"Health Care, Medical Device","San Francisco, California, United States",Miro is a mobile health platform that modernizes brain healthcare.,"28,048",,"25,233",https://www.mirohealth.com,info@mirohealth.com,https://www.linkedin.com/company/miro-health/about/,415-655-3839,2019-01-07,Seed,5200000,USD,5200000
No Limbits,https://www.crunchbase.com/organization/no-limbits,"Clothing and Apparel, Commerce and Shopping, Design, Health Care, Other",1-10,"B2C, E-Commerce, Fashion, Retail, Wellness","Iowa City, Iowa, United States",No Limbits is a ready-to-wear adaptive clothing brand for people with disabilities.,"28,066",,"25,250",https://www.no-limbits.com,erica@no-limbits.com,https://www.linkedin.com/company/no-limbits/,,2025-04-01,Series A,3000000,USD,3000000
Carousel,https://www.crunchbase.com/organization/carousel-1c3b,"Education, Health Care, Media and Entertainment, Other, Social Impact, Software",1-10,"EdTech, Education, Edutainment, Social Impact, Software, Wellness","Golden, Colorado, United States",Carousel creates gamified e-learning technology for any SEL curriculum.,"28,099",,"25,283",https://www.joincarousel.io,info@joincarousel.io,https://www.linkedin.com/company/joincarousel,,2021-03-01,Pre-Seed,325000,USD,325000
Altera Biosciences,https://www.crunchbase.com/organization/altera-biosciences,"Biotechnology, Data and Analytics, Design, Health Care, Science and Engineering",1-10,"Biotechnology, Product Research, Therapeutics","Wilmington, Delaware, United States",Altera Biosciences is a preclinical-stage biotechnology company developing a universal donor cell platform.,"28,153",,"25,336",https://www.altera-bio.com/,info@altera-bio.com,https://www.linkedin.com/company/altera-biosciences-inc,,2025-07-31,Pre-Seed,29000000,ZAR,1591893
Hemex Health,https://www.crunchbase.com/organization/hemex-health,"Biotechnology, Health Care, Science and Engineering",1-10,"Biotechnology, Health Care, Health Diagnostics, Medical Device","Portland, Oregon, United States",Hemex Health is a provider of a diagnostic device designed for populations at risk for malaria and sickle cell disease.,"28,188",,"25,367",http://hemexhealth.com/,,https://in.linkedin.com/company/hemex-health-inc.,(503)703-7696,2023-03-27,Grant,3000000,USD,3000000
Guard Medical,https://www.crunchbase.com/organization/guard-medical,Health Care,1-10,"Health Care, Medical, Medical Device","Miami, Florida, United States",Guard Medical is the developer of a medical device designed to reduce surgical site infections and improve the healing process.,"28,211",,"25,389",https://guard-medical.com/,info@guard-medical.com,https://www.linkedin.com/company/guard-medical/,,2022-04-05,Series B,11000000,USD,11000000
UrgentIQ,https://www.crunchbase.com/organization/urgentiq,"Health Care, Software",1-10,"Health Care, Medical, Software","New York, New York, United States","UrgentIQ is a medtech company that offers patient engagement, electronic medical records, and practice management solutions.","28,215",,"25,393",https://urgentiq.com/,support@urgentiq.com,https://www.linkedin.com/company/urgentiq,646-784-3420,2025-10-21,Seed,4950000,USD,4950000
Enspectra Health,https://www.crunchbase.com/organization/enspectra-health,Health Care,1-10,"Health Care, Medical","Menlo Park, California, United States",Enspectra Health is a digital transformation in pathology by imaging cellular anatomy.,"28,294",,"25,468",http://www.enspectrahealth.com/,info@enspectrahealth.com,https://www.linkedin.com/company/enspectra-health,(650) 714-0435,2022-03-16,Grant,1200000,USD,1200000
Enavate Sciences,https://www.crunchbase.com/organization/enavate-sciences,"Biotechnology, Health Care, Science and Engineering",1-10,"Health Care, Life Science, Medical","New York, New York, United States",Enavate Sciences is committed to invest in and support the strategic growth of innovative therapeutic and enabling technology companies.,"28,312",,"25,486",https://enavatesciences.com,info@enavatesciences.com,https://www.linkedin.com/company/enavate-sciences,+1 (332) 275-5551,2022-05-02,Private Equity,300000000,USD,300000000
Thermaband,https://www.crunchbase.com/organization/thermaband,"Consumer Electronics, Hardware, Health Care",1-10,"Consumer Electronics, Health Care, Wearables, Wellness","Miami, Florida, United States",Thermaband is a health and wellness company empowering menopausal women with personal comfort on demand through a cooling/warming wearable.,"28,343",,"25,516",https://thermaband.com,founders@mythermaband.com,https://www.linkedin.com/company/thermaband,,2022-12-05,Non-equity Assistance,,,
Arini,https://www.crunchbase.com/organization/arini,"Artificial Intelligence (AI), Data and Analytics, Health Care, Science and Engineering, Software",1-10,"Artificial Intelligence (AI), Dental, Software","San Francisco, California, United States","Arini is an AI receptionist for dental practices that answers phone calls, and schedules appointments.","28,350",,"25,523",https://www.arini.ai,founders@arini.ai,https://www.linkedin.com/company/ariniai/,+1 424-326-3366,2024-02-19,Pre-Seed,500000,USD,500000
Healionics,https://www.crunchbase.com/organization/healionics,"Biotechnology, Health Care, Science and Engineering",1-10,"Biotechnology, Health Care, Medical, Medical Device","Seattle, Washington, United States","Healionics has developed a novel vascular graft, based on a platform biomaterial, offering improved vascular access for dialysis patients.","28,363",,"25,535",http://www.healionics.com,info@healionics.com,https://www.linkedin.com/company/healionics-corporation,(206)432-9060,2025-12-31,Venture - Series Unknown,1964221,USD,1964221
eddii,https://www.crunchbase.com/organization/eddii,"Health Care, Software",1-10,"Health Care, Virtual Assistant","New York, New York, United States",eddii is a virtual in-app character designed to engage people living with diabetes to track and record their health.,"28,383",,"25,552",https://www.eddiihealth.com/,info@eddiihealth.com,https://www.linkedin.com/company/eddiihealth/,,2024-06-01,Seed,1500000,USD,1500000
SuperBetter,https://www.crunchbase.com/organization/superbetter-def3,"Apps, Education, Gaming, Health Care, Mobile, Software, Sports",1-10,"EdTech, Higher Education, Mental Health, Mobile Apps, SaaS, Secondary Education, Serious Games, Sports, Wellness","Glen Ellyn, Illinois, United States",Global innovation to unlock human potential,"28,428",,"25,596",https://superbetter.com,alliances@superbetter.com,https://www.linkedin.com/company/superbetter-llc/,,2023-01-05,Equity Crowdfunding,100000,USD,100000
FimmCyte,https://www.crunchbase.com/organization/fimmcyte,"Biotechnology, Health Care, Science and Engineering",1-10,"Biotechnology, Health Care, Medical","Basel, Basel-Stadt, Switzerland",FimmCyte is a biotechnology company that engages in the research and treatment of chronic endometriosis disease.,"28,430",,"25,598",https://www.fimmcyte.com/,ms@fimmcyte.com,https://www.linkedin.com/company/fimmcyte/,,2024-02-28,Convertible Note,1000000,CHF,1137937
Porosome Therapeutics,https://www.crunchbase.com/organization/porosome-therapeutics,"Biotechnology, Health Care, Science and Engineering",1-10,"Biopharma, Biotechnology, Genetics, Therapeutics","Boston, Massachusetts, United States",Porosome Therapeutics is a biotech company that offers a membrane technology platform to treat diseases.,"28,521",,"25,680",https://www.porosome.com/,contact@Porosome.com,,+1 214-394-4549,2023-09-14,Seed,3625000,USD,3625000
Pando Bioscience,https://www.crunchbase.com/organization/pando-bioscience,"Biotechnology, Health Care, Science and Engineering",1-10,"Biotechnology, Health Care","Watertown, Massachusetts, United States",Pando Bioscience is a drug discovery platform based on synthetic biology.,"28,544",,"25,701",https://www.pando.bio,,https://www.linkedin.com/company/pando-bioscience,,2023-04-05,Pre-Seed,500000,USD,500000
Glamm,https://www.crunchbase.com/organization/glamm,"Clothing and Apparel, Commerce and Shopping, Community and Lifestyle, Consumer Goods, Design, Health Care",1-10,"Beauty, Fashion, Lifestyle, Marketplace, Wellness","Curitiba, Parana, Brazil",Brazilian BeautyTech marketplace that connects clients with independent beauty and wellness professionals through an on-demand platform,"28,567",,"25,723",https://glamm.com.br,contato@glammapp.com.br,https://www.linkedin.com/company/glamm.app/,,2026-04-10,Pre-Seed,,,
Tempero Bio,https://www.crunchbase.com/organization/tempero-bio,"Biotechnology, Health Care, Manufacturing, Science and Engineering",1-10,"Biopharma, Biotechnology, Manufacturing","Oakland, California, United States",Tempero Bio develops treatments for Substance Use Disorders as a clinical-stage biopharmaceutical company.,"28,573",,"25,729",https://temperobio.com,info@temperobio.com,https://www.linkedin.com/company/tempero-bio-inc,+1 510 227 2102,2025-03-24,Series B,76958457,USD,76958457
Hume Supernatural,https://www.crunchbase.com/organization/hume-supernatural,"Commerce and Shopping, Consumer Goods, Health Care",1-10,"Consumer Goods, Personal Health, Retail, Wellness","Encinitas, California, United States",Hume Supernatural is a personal care company that offers chemical-free deodorants.,"28,610",,"25,763",https://humesupernatural.com,info@humesupernatural.com,https://www.linkedin.com/company/hume-supernatural,+6199936366,2026-03-03,Venture - Series Unknown,3627001,USD,3627001
Proper Good,https://www.crunchbase.com/organization/proper-good,"Commerce and Shopping, Financial Services, Food and Beverage, Health Care, Transportation",1-10,"Food and Beverage, Food Delivery, Food Processing, Gift Card, Nutrition, Wholesale","Bozeman, Montana, United States",Proper Good offers 90-second tasty meals with clean ingredients delivered directly to the customer's door.,"28,616",,"25,768",https://eatpropergood.com/,hello@eatpropergood.com,https://www.linkedin.com/company/eatpropergood/,855 554 7444,2025-01-13,Venture - Series Unknown,2621356,USD,2621356
Tangible Science,https://www.crunchbase.com/organization/tangible-science,"Biotechnology, Consumer Goods, Health Care, Science and Engineering",1-10,"Biotechnology, Consumer Goods, Health Care, Medical Device","Redwood City, California, United States",Tangible Science is a developer of contact lenses designed to reduce lens discomfort in dry eye diseases.,"28,628",,"25,779",http://www.tangiblescience.com,info@tangiblescience.com,https://www.linkedin.com/company/tangible-science/,+1 650 241 1045,2019-11-06,Venture - Series Unknown,1350000,USD,1350000
Arcade Therapeutics,https://www.crunchbase.com/organization/arcade-therapeutics,"Biotechnology, Health Care, Mobile, Science and Engineering",1-10,"Health Care, Life Science, Medical, Mental Health, mHealth, Neuroscience, Therapeutics","New York, New York, United States","Arcade Therapeutics uses breakthrough neuroscientific research to improve mental health through casual, accessible mobile games.","28,633",,"25,782",https://arcadetherapeutics.com/,,https://www.linkedin.com/company/arcade-therapeutics/,,2024-02-16,Seed,1495000,USD,1495000
Blue Fever,https://www.crunchbase.com/organization/blue-fever,"Health Care, Information Technology, Internet Services, Media and Entertainment",1-10,"Information Technology, Mental Health, Social Media, Wellness","Los Angeles, California, United States","Blue Fever is a user-led, interactive community that provides young people with a safe space to care for their mental wellness.","28,659",,"25,808",https://www.bluefever.com/,greta@bluefever.com,https://www.linkedin.com/company/blue-fever,,2022-06-17,Venture - Series Unknown,3030110,USD,3030110
Vent Creativity,https://www.crunchbase.com/organization/vent-creativity,"Artificial Intelligence (AI), Data and Analytics, Health Care, Science and Engineering, Software",1-10,"Artificial Intelligence (AI), Health Care, Medical","New York, New York, United States",AI based digital twin company for FDA cleared surgical planning from medical images,"28,669",,"25,818",https://www.ventcreativity.com,info@ventcreativity.com,https://www.linkedin.com/company/vent-creativity/,9739466994,2025-01-01,Seed,2300000,USD,2300000
Sonavi Labs,https://www.crunchbase.com/organization/sonavi-labs,"Artificial Intelligence (AI), Data and Analytics, Health Care, Information Technology, Mobile, Science and Engineering, Software",1-10,"Artificial Intelligence (AI), Health Care, Health Diagnostics, Home Health Care, Information Technology, Machine Learning, Medical, Medical Device, mHealth, Software","Baltimore, Maryland, United States",Sonavi Labs focuses on developing modern medical products that analyze body sounds for the diagnosis of diseases.,"28,687",,"25,835",http://www.sonavilabs.com/,info@sonavilabs.com,https://www.linkedin.com/company/sonavilabs/,(410) 630-0123,2023-06-06,Non-equity Assistance,,,
Azadi,https://www.crunchbase.com/organization/sanitashealth,"Artificial Intelligence (AI), Data and Analytics, Health Care, Software",1-10,"Health Care, Machine Learning, Mental Health","Los Angeles, California, United States",The first-of-its kind AI driven mental health for BIPOC and underrepresented populations.,"28,704",,"25,850",https://www.azadihealth.com/,Rodney@gotosanitas.com,https://www.linkedin.com/company/sanitashealth/,,2023-10-05,Pre-Seed,60000,USD,60000
Ember Copilot,https://www.crunchbase.com/organization/ember-copilot,"Health Care, Information Technology, Software",1-10,"Information Technology, Medical, Software","San Francisco, California, United States",Ember Copilot is a Software Development firm offering a tool to reduces medical claim denials.,"28,720",,"25,866",https://www.embercopilot.ai/,support@embercopilot.ai,https://www.linkedin.com/company/embercopilot/about/,,2025-11-19,Seed,4300000,USD,4300000
Kabilah,https://www.crunchbase.com/organization/kabilah,"Artificial Intelligence (AI), Data and Analytics, Health Care, Science and Engineering, Software",1-10,"Artificial Intelligence (AI), Health Care, Hospital","Stanford, California, United States",Kabilah is simplifying patient handoff for inpatient nurses.,"28,736",,"25,882",https://www.kabilah.com,founders@kabilah.com,https://www.linkedin.com/company/kabilah/about/,,2024-04-03,Pre-Seed,500000,USD,500000
i-Lumen Scientific,https://www.crunchbase.com/organization/i-lumen-scientific,Health Care,1-10,"Health Care, Medical, Therapeutics","Bloomington, Minnesota, United States",i-Lumen Scientific specializes in developing noninvasive therapy for dry age-related macular degeneration.,"28,768",,"25,913",https://www.i-lumen.com/,info@i-lumen.com,https://www.linkedin.com/company/i-lumen-scientific-inc/,,2022-04-26,Venture - Series Unknown,18025002,USD,18025002
Mito Health,https://www.crunchbase.com/organization/mito-health,"Artificial Intelligence (AI), Data and Analytics, Health Care, Science and Engineering, Software",1-10,"Artificial Intelligence (AI), Health Care, Medical, Personal Health","Singapore, Central Region, Singapore",Mito Health is an AI-powered medical healthtech that provides advances to revolutionize the future of personalized preventative care.,"28,775",,"25,919",https://mitohealth.com,,https://www.linkedin.com/company/mitohealth,,2025-03-17,Seed,2200000,USD,2200000
LifeX,https://www.crunchbase.com/organization/lifex-76bf,"Biotechnology, Health Care, Science and Engineering",1-10,"Biotechnology, Life Science, Medical","Pittsburgh, Pennsylvania, United States","LifeX helps early-stage life sciences companies align commercialization, capital, infrastructure, and resources.","28,782",,"25,926",https://lifexglobal.com,,https://www.linkedin.com/company/lifexglobal,,2023-11-15,Grant,2000000,USD,2000000
Fluid-Screen,https://www.crunchbase.com/organization/fluid-screen,"Biotechnology, Data and Analytics, Health Care, Science and Engineering",1-10,"Biotechnology, Health Diagnostics, Medical, Nanotechnology, Pharmaceutical, Test and Measurement","Beverly, Massachusetts, United States",Fluid-Screen is a biotech company that provides chip technology for bacterial capture.,"28,787",,"25,931",http://www.fluidscreen.com/,info@fluid-screen.com,https://www.linkedin.com/company/fluid-screen,,2022-05-31,Series A,1165000,USD,1165000
Otis,https://www.crunchbase.com/organization/otis-e994,"Community and Lifestyle, Health Care, Software",1-10,"Pet, SaaS, Telehealth","New York, New York, United States",Otis connects pet owners with professionals for virtual pet health consultations and prescriptions.,"28,846",,"25,981",https://www.otisforpets.com/,hello@otisforpets.com,https://www.linkedin.com/company/otisvet/,+1 866-773-5890,2025-02-24,Pre-Seed,2250000,USD,2250000
Cadrenal Therapeutics,https://www.crunchbase.com/organization/cadrenal-therapeutics,"Biotechnology, Health Care, Science and Engineering",1-10,"Biopharma, Health Care, Medical, Therapeutics","Ponte Vedra Beach, Florida, United States",Cadrenal Therapeutics develops a late-stage novel therapy for patients with end-stage renal disease and atrial fibrillation.,"28,906",,"26,033",https://www.cadrenal.com/,,https://www.linkedin.com/company/cadrenal/,904.300.0701,2024-11-01,Post-IPO Equity,4700000,USD,4700000
Purple AI,https://www.crunchbase.com/organization/purple-ai,"Artificial Intelligence (AI), Data and Analytics, Health Care, Science and Engineering, Software",1-10,"Artificial Intelligence (AI), Health Diagnostics, Medical","Seocho, Seoul-t'ukpyolsi, South Korea",Purple AI is a brain disease AI platform company.,"28,921",,"26,047",https://www.purple-ai.co,purpleai@purple-ai.co,https://www.linkedin.com/company/purple-ai-inc,,2025-07-29,Seed,,,
Piramidal,https://www.crunchbase.com/organization/piramidal-8584,"Artificial Intelligence (AI), Biotechnology, Data and Analytics, Health Care, Science and Engineering, Software",1-10,"Artificial Intelligence (AI), Biotechnology, Wellness","San Francisco, California, United States",Piramidal offers AI software that transforms brain activity into easy-to-understand health data to help diagnose diseases.,"28,974",,"26,099",https://piramidal.ai,,https://www.linkedin.com/company/piramidalai,,2024-12-15,Seed,1500000,USD,1500000
Rarebird,https://www.crunchbase.com/organization/revel-technologies,"Commerce and Shopping, Food and Beverage, Health Care",1-10,"Coffee, E-Commerce, Food and Beverage, Mental Health","San Leandro, California, United States",Rarebird is a coffee company featuring Arabica coffee beans that deliver improved mental wellness outcomes.,"28,997",,"26,121",https://www.rarebird.coffee/,contact@rarebird.coffee,https://www.linkedin.com/company/revel-technologies-inc/,,2025-02-11,Venture - Series Unknown,1000000,USD,1000000
EnVision Endoscopy,https://www.crunchbase.com/organization/envision-endoscopy,Health Care,1-10,"Health Care, Medical Device","Lowell, Massachusetts, United States",EnVision Endoscopy is a medical device that provides endoscopic surgeries with solutions.,"29,006",,"26,129",https://www.envisionendoscopy.com/,azadeh.khanicheh@envisionendoscopy.com,https://www.linkedin.com/company/envison-endoscopy/,,2026-03-30,Series A,499999,USD,499999
Syantra,https://www.crunchbase.com/organization/syantra,"Biotechnology, Health Care, Science and Engineering",1-10,"Biotechnology, Health Care, Medical, Therapeutics","Calgary, Alberta, Canada",Syantra is a precision biotechnology company that transforms cancer detection and treatment.,"29,027",,"26,150",https://www.syantra.com,info@syantra.com,https://www.linkedin.com/company/syantra-inc,+1 877-331-0516,2025-09-04,Undisclosed,,,
Little Sparrows Technologies,https://www.crunchbase.com/organization/little-sparrows-tech,"Community and Lifestyle, Health Care",1-10,"Baby, Health Care, Medical Device","Boston, Massachusetts, United States","Little Sparrows Technologies is a lightweight, portable, and power-adaptable device for treating infant jaundice.","29,040",,"26,161",https://little-sparrows-tech.com/,INFO@LITTLESPARROWSTECH.COM,https://www.linkedin.com/company/little-sparrows-technologies/,(781) 725-2460,2024-05-08,Seed,3000000,USD,3000000
PanTher Therapeutics,https://www.crunchbase.com/organization/panther-therapeutics,"Biotechnology, Health Care, Science and Engineering",1-10,"Biotechnology, Medical, Therapeutics","Cambridge, Massachusetts, United States",PanTher Therapeutics features treatment platform designed to enhance therapeutic response with minimal side effects.,"29,045",,"26,166",https://www.panthertx.com/,info@panthertx.com,https://www.linkedin.com/company/panther-therapeutics,,2023-06-06,Non-equity Assistance,,,
Find therapeutics,https://www.crunchbase.com/organization/find-therapeutics,"Biotechnology, Health Care, Science and Engineering",1-10,"Biotechnology, Clinical Trials, Therapeutics","Quebec, Quebec, Canada",Find therapeutics is operator of a drug discovery and development company intended to emerge with a new therapeutic modality.,"29,052",,"26,173",https://www.findtherapeutics.com/,info@findtherapeutics.com,https://www.linkedin.com/company/find-therapeutics,+1-438-399-0175,2026-01-09,Series A,10000000,CAD,7210445
Precision Epigenomics,https://www.crunchbase.com/organization/precision-epigenomics,"Biotechnology, Health Care, Science and Engineering",1-10,"Biotechnology, Health Diagnostics, Medical, Oncology","Tucson, Arizona, United States",Precision Epigenomics is a molecular diagnostic company that develops molecular diagnostic assays for cancer diagnosis.,"29,085",,"26,204",http://precision-epigenomics.com,info@precision-epigenomics.com,https://www.linkedin.com/company/precision-epigenomics-inc,,2025-09-22,Debt Financing,265000,USD,265000
Holly Health,https://www.crunchbase.com/organization/holly-health,"Artificial Intelligence (AI), Data and Analytics, Health Care, Mobile, Science and Engineering, Software",1-10,"Artificial Intelligence (AI), Health Care, mHealth, Wellness","London, England, United Kingdom","Digital coach, providing compassionate, population scaleable health behaviour change support","29,127",,"26,243",http://www.hollyhealth.io,hello@hollyhealth.io,https://www.linkedin.com/company/67882376/,,2023-12-07,Seed,327000,GBP,411612
Immi,https://www.crunchbase.com/organization/immi-39c9,"Food and Beverage, Health Care, Manufacturing",1-10,"Food and Beverage, Manufacturing, Nutrition","San Francisco, California, United States",Immi is a food and beverage company that manufactures low net carb and high protein instant ramen.,"29,135",,"26,251",https://immieats.com,fam@immieats.com,https://www.linkedin.com/company/immieats,+1 707 641 4763,2024-12-12,Undisclosed,3000000,USD,3000000
Flossy,https://www.crunchbase.com/organization/flossy,"Apps, Artificial Intelligence (AI), Data and Analytics, Health Care, Mobile, Science and Engineering, Software",1-10,"Artificial Intelligence (AI), Dental, Health Care, Mobile Apps","Los Angeles, California, United States","Flossy is an AI-powered SaaS for dental practices; its AI receptionist, Fiona, automates calls, bookings, and patient triage.","29,149",,"26,263",https://www.flossy.com,hello@flossy.com,https://www.linkedin.com/company/flossy,800-993-1228,2024-05-06,Venture - Series Unknown,3500000,USD,3500000
Corner Health,https://www.crunchbase.com/organization/corner-health,Health Care,1-10,Health Care,"Santa Monica, California, United States",Operator of a nurse practitioner management platform intended to empower nurses to start and manage their independent practices.,"29,184",,"26,297",https://www.cornerhealth.com/,learn@cornerhealth.com,https://www.linkedin.com/company/corner-health-np?trk=public_profile_topcard-current-company,,2025-05-14,Venture - Series Unknown,7393913,USD,7393913
Vespper,https://www.crunchbase.com/organization/vespper,"Artificial Intelligence (AI), Biotechnology, Data and Analytics, Health Care, Other, Professional Services, Science and Engineering, Software",1-10,"Artificial Intelligence (AI), B2B, Biotechnology, Compliance, Generative AI, Health Care, Life Science, Medical Device, Pharmaceutical","San Francisco, California, United States",Vespper is an AI copilot for regulatory professionals.,"29,194",,"26,307",https://www.vespper.com/?utm_source=crunchbase,founders@vespper.com,https://www.linkedin.com/company/101636115/,,2024-09-26,Pre-Seed,500000,USD,500000
Gyala Therapeutics,https://www.crunchbase.com/organization/gyala-therapeutics,"Biotechnology, Health Care, Science and Engineering",1-10,"Biotechnology, Life Science, Therapeutics","Barcelona, Catalonia, Spain",Gyala Therapeutics is focused on developing new CAR-T therapies for treating hematological malignancies.,"29,196",,"26,309",https://www.gyalatx.com,,https://www.linkedin.com/company/gyala-therapeutics/,,2026-02-10,Grant,,,
Spermosens,https://www.crunchbase.com/organization/spermosens,"Health Care, Manufacturing",1-10,"Health Care, Health Diagnostics, Manufacturing, Medical Device","Lund, Skane Lan, Sweden",Spermosens is a medical equipment manufacturer that produces technologies for diagnosing male-factor infertility.,"29,249",,"26,361",https://www.spermosens.com/,info@spermosens.com,https://www.linkedin.com/company/spermosens,+46-0103 300 442,2025-03-19,Post-IPO Equity,650000,USD,650000
Cloudnine Augmented Intelligence (AI),https://www.crunchbase.com/organization/cloudnine-ai,"Commerce and Shopping, Data and Analytics, Financial Services, Health Care, Information Technology, Manufacturing, Other, Payments, Privacy and Security, Software",1-10,"Data Integration, Finance, Financial Services, Fraud Detection, Health Care, Information Technology, Manufacturing, Professional Services, Software, Wholesale","Santa Monica, California, United States",Cloudnine AI develops Augmented Intelligence software enabling enterprises to instantly integrate disparate data for intelligence,"29,279",,"26,388",http://www.cloudnineai.com,mb@cloudnineai.com,https://www.linkedin.com/company/cloudnineaugmentedintelligence,310-7514589,2024-03-12,Pre-Seed,120000,USD,120000
CubaseBio,https://www.crunchbase.com/organization/cubasebio,"Biotechnology, Health Care, Science and Engineering",1-10,"Biotechnology, Medical","Stockholm, Stockholms Lan, Sweden",Cubase Bio is a biotechnology business that focuses on spatial biology tools.,"29,299",,"26,403",https://www.cubasebio.com/,,https://www.linkedin.com/company/cubasebio/,,2026-02-17,Seed,3900000,EUR,4618265
Ruth Health,https://www.crunchbase.com/organization/ruth-health,"Community and Lifestyle, Health Care",1-10,"Electronic Health Record (EHR), Health Care, Home Health Care, Telehealth, Women's","Los Angeles, California, United States",Ruth Health is a telehealth clinic and care hub for pregnant women.,"29,302",,"26,406",https://www.ruthhealth.com,hello@ruthhealth.com,https://www.linkedin.com/company/ruthhealth,,2022-04-28,Seed,2400000,USD,2400000
Perennial,https://www.crunchbase.com/organization/willow-cup,"Food and Beverage, Health Care",1-10,"Food and Beverage, Food Processing, Nutrition, Wellness","El Segundo, California, United States","A smartly crafted, plant based, mini-meal crafted for >50.","29,309",,"26,412",https://liveperennial.com,hello@liveperennial.com,https://www.linkedin.com/company/perennial-sciences,1-800-403-5136,2017-08-22,Seed,2651861,USD,2651861
Ruma Care,https://www.crunchbase.com/organization/ruma-care,"Health Care, Information Technology, Software",1-10,"Electronic Health Record (EHR), Health Care, Information Technology, Software","San Francisco, California, United States",Ruma Care offers software that automates prior authorizations and copay assistance for biologic treatments.,"29,315",,"26,418",https://rumacare.com,team@rumacare.com,https://www.linkedin.com/company/ruma-care,1 818 792 6156,2026-03-27,Pre-Seed,2000000,USD,2000000
Padel Haus,https://www.crunchbase.com/organization/padel-haus,"Community and Lifestyle, Health Care, Sports",1-10,"Communities, Fitness, Social, Sports, Wellness","Brooklyn, New York, United States","Padel Haus develops and operates sports and lifestyle clubs built around padel, the fastest growing sport globally.","29,354",,"26,454",https://www.padel.haus,,https://www.linkedin.com/company/padelhaus,(917) 970-0036,2025-07-07,Series B,7000000,USD,7000000
FamiOne,https://www.crunchbase.com/organization/famione,"Health Care, Internet Services",1-10,"Health Diagnostics, Internet, Nursing and Residential Care","Tokyo, Tokyo, Japan",FamiOne is creating a society that will support the future of couples who want to receive children.,"29,369",,"26,468",https://famione.co.jp,info@famione.com,https://www.linkedin.com/company/famione,+81 802-243-6995,2020-04-06,Series A,150000000,JPY,1374484
PepiPets Inc.,https://www.crunchbase.com/organization/pepipets,"Health Care, Other",1-10,"Health Care, Medical, Professional Services, Service Industry","Caldwell, New Jersey, United States","At-Home Diagnostic Testing and Nursing Care Services For Dogs and Cats, and an information resource for Pet Parents","29,376",,"26,475",https://pepipets.com,info@pepipets.com,https://www.linkedin.com/company/pepipets/,844-447-3747,2022-03-01,Pre-Seed,150000,USD,150000
SpendRule,https://www.crunchbase.com/organization/spendrule,Health Care,1-10,"Health Care, Hospital","Dallas, Texas, United States","SpendRule, a contract intelligence platform, makes contracts the first line of defense against overpayments.","29,440",,"26,533",https://spendrule.com,,https://www.linkedin.com/company/spendrule,,2026-02-17,Seed,2000000,USD,2000000
ENTR,https://www.crunchbase.com/organization/entrtechnologies,"Artificial Intelligence (AI), Consumer Goods, Data and Analytics, Food and Beverage, Health Care, Professional Services, Science and Engineering, Software",1-10,"Artificial Intelligence (AI), Compliance, Consumer Goods, Dietary Supplements, Food and Beverage, Software","Austin, Texas, United States","ENTR is AI-powered nutrition analysis software for food, beverage, and supplements, providing detailed insights and compliance support.","29,458",,"26,551",http://entrtechnologies.com,support@entrtechnologies.com,https://www.linkedin.com/company/entr-technologies,,2023-10-31,Pre-Seed,1200000,USD,1200000
XanderGlasses,https://www.crunchbase.com/organization/xander-78eb,"Consumer Electronics, Hardware, Health Care, Software",1-10,"Assistive Technology, Augmented Reality, Consumer Electronics, Wearables","Somerville, Massachusetts, United States","XanderGlasses offers augmented reality to enhance daily, in-person communication for users affected by hearing loss.","29,467",,"26,560",https://www.xanderglasses.com/xanderglasses,support@xander.tech,https://www.linkedin.com/company/xanderglasses/,+1 617-286-3012,2024-09-03,Seed,1415009,USD,1415009
Aurora Analytica,https://www.crunchbase.com/organization/aurora-analytica,"Artificial Intelligence (AI), Biotechnology, Data and Analytics, Health Care, Science and Engineering, Software",1-10,"Biotechnology, Clinical Trials, Health Care, Life Science, Pharmaceutical, Predictive Analytics, Software","Oslo, Oslo, Norway",Aurora Analytica advances global health by optimizing the clinical trial lifecycle with cutting-edge technology and AI.,"29,537",,"26,622",https://auroraanalytica.com/,info@aurora-analytica.com,https://www.linkedin.com/company/auroraanalytica/?viewAsMember=true,,2025-10-22,Grant,500000,NOK,49867
Regulify.AI,https://www.crunchbase.com/organization/regulify-ai,"Artificial Intelligence (AI), Data and Analytics, Health Care, Science and Engineering, Software",1-10,"Artificial Intelligence (AI), Generative AI, Health Care, Medical Device, Software","Dallas, Texas, United States",SaaS B2B Med-Tech AI startup,"29,597",,"26,677",https://regulify.ai,admin@regulify.ai,https://www.linkedin.com/company/regulify-ai/,6823184854,2026-03-12,Pre-Seed,150000,USD,150000
Epidaurus Health,https://www.crunchbase.com/organization/epidaurus-health,"Health Care, Information Technology",1-10,"Health Care, Information Technology, Pharmaceutical","Alexandria, Virginia, United States",Epidaurus Health offers prior authorization management combined with clinical accuracy for an enhanced workflow.,"29,637",,"26,717",https://epidaurus.health/,daina@epidaurus.health,https://www.linkedin.com/company/epidaurus-health/,,2023-10-01,Seed,1000000,USD,1000000
Pharmovo AI,https://www.crunchbase.com/organization/pharmovo,"Artificial Intelligence (AI), Data and Analytics, Design, Health Care, Other, Science and Engineering, Software",1-10,"Artificial Intelligence (AI), B2B, B2C, Health Care, Machine Learning, Market Research, Natural Language Processing, Pharmaceutical","London, England, United Kingdom","Pharmovo AI specializes in deploying its neural network to predict pharmaceutical demand, to prevent pharmaceutical shortages and waste.","29,817",,"26,882",https://pharmovo-ai.com,info@pharmovo.co.uk,https://www.linkedin.com/company/pharmovo/,,2024-10-31,Pre-Seed,500000,USD,500000
QT Sense,https://www.crunchbase.com/organization/qt-sense,Health Care,1-10,"Health Diagnostics, Medical, Medical Device","Groningen, Groningen, The Netherlands",QT Sense creates quantum sensing tools for real-time cellular research (oxidative stress) and disease detection.,"29,834",,"26,898",https://www.qtsense.com/,info@qtsense.com,https://www.linkedin.com/company/qtsensebv/posts/?feedView=all,,2026-02-04,Grant,1000000,EUR,1182903
Alva Health,https://www.crunchbase.com/organization/alva-health,"Biotechnology, Consumer Electronics, Hardware, Health Care, Science and Engineering",1-10,"Health Care, Medical Device, Neuroscience, Wearables","Dallas, Texas, United States",Alva Health develops healthcare wearables for remote stroke monitoring.,"29,856",,"26,918",https://www.alva-health.com/,contact@alva-health.com,https://www.linkedin.com/company/alvahealth,,2025-09-16,Grant,10000,USD,10000
Ritual,https://www.crunchbase.com/organization/ritual,"Health Care, Sports",1-10,"Fitness, Health Care, Wellness","New York, New York, United States",Ritual provides various practices online which improve the well-being.,"29,872",,"26,934",https://www.ritual.io,team@ritualmedia.com,https://www.linkedin.com/company/ritualmedia,858-652-1612,2023-06-01,Venture - Series Unknown,4766194,USD,4766194
Lucid Care,https://www.crunchbase.com/organization/lucid-care-4e89,Health Care,1-10,"Health Care, Mental Health","New York, New York, United States",Data-driven clinical tool for personalized psychiatry,"29,933",,"26,989",https://lucid.care/,,https://www.linkedin.com/company/lucid-care-ai/,,2024-01-05,Pre-Seed,145000,USD,145000
Decoda Health,https://www.crunchbase.com/organization/decoda-health,"Artificial Intelligence (AI), Data and Analytics, Financial Services, Health Care, Science and Engineering, Software",1-10,"Artificial Intelligence (AI), FinTech, Health Care, Medical, Software","San Francisco, California, United States",Decoda Health reimagines how practices manage conversations with patients about payments in a respectful and explainable way.,"29,955",,"27,010",https://decodahealth.com,,https://www.linkedin.com/company/decoda-health/about/,,2025-11-11,Seed,4500000,USD,4500000
Hepta Bio,https://www.crunchbase.com/organization/hepta-bio,"Biotechnology, Health Care, Science and Engineering",1-10,"Biotechnology, Health Care, Medical","San Francisco, California, United States","Hepta Bio detect, monitor, and direct the most effective liver treatment.","29,968",,"27,022",https://www.hepta.bio/,contact@hepta.bio,https://www.linkedin.com/company/heptabio/,,2025-11-05,Seed,6700000,USD,6700000
Gefjon Pharma,https://www.crunchbase.com/organization/gefjon-pharma,"Biotechnology, Health Care, Science and Engineering",1-10,"Biopharma, Biotechnology, Medical","Frederiksberg, Hovedstaden, Denmark",Gefjon Pharma is a biopharmaceutical company focused on developing innovative solutions to combat antimicrobial resistance.,"30,039",,"27,089",https://www.gefjonpharma.com/,,https://www.linkedin.com/company/gefjon-pharma,,2026-03-03,Seed,1300000,EUR,1509436
The Riveter,https://www.crunchbase.com/organization/the-riveter-a302,"Community and Lifestyle, Education, Health Care, Real Estate",1-10,"Communities, Coworking, Education, Wellness","Seattle, Washington, United States",The Riveter is a membership workspace and community platform for women and allies.,"30,040",,"27,090",http://theriveter.co,hello@theriveter.co,https://www.linkedin.com/company/theriveter/,(206) 486-5793,2018-12-11,Series A,16264000,USD,16264000
aeon.life,https://www.crunchbase.com/organization/aeon-life-732f,"Apps, Artificial Intelligence (AI), Data and Analytics, Health Care, Mobile, Science and Engineering, Software",1-10,"Artificial Intelligence (AI), Health Care, Mobile Apps","Winterthur, Zurich, Switzerland",Preventive healthcare platform that equips people with personalized insights and expert guidance for proactive whole-body health,"30,112",,"27,158",https://aeon.life/de/,service@aeon.life,https://www.linkedin.com/company/aeon-life/,+41 79 158 30 00,2025-06-04,Seed,8200000,EUR,9365306
Rif care,https://www.crunchbase.com/organization/rif-care,Health Care,1-10,"Health Care, Personal Health, Wellness","Beverly Hills, California, United States",Rif Care is a first of its kind period brand making organic products out of hemp fiber.,"30,120",,"27,165",https://rifcare.com,Hello@rifcare.com,https://www.linkedin.com/company/rifcares/,,2024-10-01,Pre-Seed,150000,USD,150000
Mirna,https://www.crunchbase.com/organization/mirna,"Community and Lifestyle, Health Care",1-10,"Health Diagnostics, Pet, Veterinary","Whitburn, West Lothian, United Kingdom",Mirna is a veterinary diagnostics company that specializes in the development of veterinary disease testing technology.,"30,135",,"27,179",https://mirna-diagnostics.com/,,https://www.linkedin.com/company/mi-rna-diagnostics/,,2025-12-10,Series A,3600000,USD,3600000
Grove AI,https://www.crunchbase.com/organization/grove-3d3a,"Artificial Intelligence (AI), Biotechnology, Data and Analytics, Health Care, Information Technology, Science and Engineering, Software",1-10,"Artificial Intelligence (AI), Information Technology, Life Science, Pharmaceutical, Software","San Francisco, California, United States",AI-accelerated Participant Relationship Management (PRM) for Clinical Research,"30,229",,"27,269",https://grovetrials.com,support@grovetrials.com,,,2025-08-21,Grant,,,
MobilityZ Health,https://www.crunchbase.com/organization/humans-in-space,"Administrative Services, Artificial Intelligence (AI), Data and Analytics, Health Care, Science and Engineering, Software",1-10,"Artificial Intelligence (AI), Employee Benefits, Health Care, Home Health Care, Machine Learning, SaaS","Houston, Texas, United States",Digital health AI-enabled app for healthcare professionals to screen-monitor people with musculoskeletal injuries using proprietary software,"30,234",,"27,273",https://mobilityzhealth.com,sp@mobilityzhealth.com,https://www.linkedin.com/company/mobilityzhealth,,2024-10-01,Pre-Seed,150000,USD,150000
Meela,https://www.crunchbase.com/organization/meela-bee2,"Artificial Intelligence (AI), Data and Analytics, Health Care, Science and Engineering, Software",1-10,"Artificial Intelligence (AI), Elder Care, Software","New York, New York, United States",Meela is a personalized AI voice companion for seniors that provides compassionate conversation.,"30,254",,"27,293",https://www.meela.ai/,,https://www.linkedin.com/company/meela-inc/,,2025-09-11,Seed,3500000,USD,3500000
Qnity,https://www.crunchbase.com/organization/qnity-e3da,"Biotechnology, Health Care, Science and Engineering",1-10,"Biotechnology, Pharmaceutical","São Paulo, Sao Paulo, Brazil",Qnity leverages quantum electrochemical principles to develop tools for drug discovery and other product innovations.,"30,276",,"27,314",http://www.qnity.bio/,affinity@qnity.bio,https://www.linkedin.com/company/qnity/,,2023-07-31,Pre-Seed,200000,USD,200000
AssistIQ,https://www.crunchbase.com/organization/assistiq,"Health Care, Other",1-10,"Health Care, Medical, Real Time","Montréal, Quebec, Canada",AssistIQ is a accurate data & actionable insights for healthcare supply management.,"30,278",,"27,316",https://assistiq.digital,,https://www.linkedin.com/company/assistiq/,,2025-05-28,Series A,11499963,CAD,8300993
Acivilate,https://www.crunchbase.com/organization/acivilate,"Health Care, Information Technology, Other, Sales and Marketing, Software",1-10,"CRM, Enterprise, Health Care, Information Services, Information Technology, SaaS, Software","Atlanta, Georgia, United States",Acivilate is a provider of Software-as-a-Service (SaaS) company committed to reducing recidivism.,"30,335",,"27,366",http://acivilate.com/,,https://www.linkedin.com/company/acivilate-inc/,(678) 662-6465,2017-12-11,Seed,3000000,USD,3000000
TellBio,https://www.crunchbase.com/organization/tellbio,"Biotechnology, Health Care, Science and Engineering",1-10,"Biotechnology, Health Care","West Newbury, Massachusetts, United States",TellBio is a provider of biotechnology service.,"30,359",,"27,389",https://tellbio.com,,,781-249-9550,2024-07-06,Venture - Series Unknown,2200000,USD,2200000
Ophidion,https://www.crunchbase.com/organization/ophidion,"Biotechnology, Health Care, Science and Engineering",1-10,"Biotechnology, Health Care, Therapeutics","Pasadena, California, United States",Ophidion is a biotechnology company that delivers a central nervous system therapeutics to targeted sites in the brain.,"30,369",,"27,398",https://ophidion.com,info@ophidionbio.com,,,2024-10-04,Venture - Series Unknown,29444,USD,29444
Together by Renee,https://www.crunchbase.com/organization/heyrenee,"Health Care, Software",1-10,"Consumer Software, Health Care, Personal Health","Palo Alto, California, United States",Together by Renee simplifies health tasks for you and people you love.,"30,401",,"27,427",http://togetherapp.com,support@togetherapp.com,https://www.linkedin.com/company/togetherhealthapp/?viewAsMember=true,,2022-01-13,Seed,4400000,USD,4400000
Valley Health,https://www.crunchbase.com/organization/valley-health-ltd,Health Care,1-10,"Health Diagnostics, Pharmaceutical","London, England, United Kingdom",Valley Health is where healthcare innovations are enhanced by modern technologies.,"30,418",,"27,444",https://vhl8.wordpress.com/2023/07/29/valley-health-limited/,valleyhealthlimited@gmail.com,https://www.linkedin.com/company/east-coporate-limited/,+44 7369 277683,2024-04-04,Pre-Seed,38000,USD,38000
August AI,https://www.crunchbase.com/organization/august-ai,Health Care,1-10,"Health Care, Wellness","Bengaluru, Karnataka, India",August AI operates as a health information platform.,"30,457",,"27,481",https://www.meetaugust.ai/,,https://www.linkedin.com/company/meetaugust/about/,+(91) 74831 27040,2025-10-07,Seed,3000000,USD,3000000
Orthofuse,https://www.crunchbase.com/organization/orthofuse,"Hardware, Health Care, Manufacturing, Software",1-10,"3D Printing, 3D Technology, Health Care","Esher, Surrey, United Kingdom",Orthofuse is a medtech company that provides orthopaedic solutions using 3D-printed implant systems designed to improve surgical procedures.,"30,460",,"27,484",https://www.orthofuse.co.uk/,GDPR@orthofuse.co.uk,https://www.linkedin.com/company/orthofuse/about/,,2026-02-12,Seed,2200000,GBP,2999388
Wave Therapeutics,https://www.crunchbase.com/organization/bussert-medical,"Biotechnology, Health Care, Manufacturing, Science and Engineering, Software",1-10,"Biotechnology, Health Care, Manufacturing, Medical Device, Software","Nashville, Indiana, United States",Bussert Medical is a Biotechnology and Software Company focused on solving the $10B Pressure Injury problem for the mobility impaired.,"30,467",,"27,491",http://wavetherapeuticsinc.com,jessica@bussert.com,https://www.linkedin.com/company/wavetherapeuticsinc,812-369-6969,2024-11-04,Seed,,,
OutSee,https://www.crunchbase.com/organization/outsee,"Biotechnology, Health Care, Science and Engineering",1-10,"Biotechnology, Genetics, Precision Medicine","Cambridge, Cambridgeshire, United Kingdom",OutSee creates cutting-edge computational methods for genomics for the development of therapeutic targets and precision medicine.,"30,510",,"27,532",https://outsee.co.uk,,https://www.linkedin.com/company/_outsee,,2025-06-24,Seed,2500000,GBP,3403824
EDDA Technology,https://www.crunchbase.com/organization/edda-technology,"Hardware, Health Care, Information Technology, Software",1-10,"3D Technology, Health Care, Health Diagnostics, Information Technology","Princeton, New Jersey, United States",EDDA Technology offers computer assistance to the patient care management cycle and enables early detection and diagnosis of diseases.,"30,520",,"27,541",https://www.eddatech.com,,https://www.linkedin.com/company/edda-technology-inc-,+1-609-919-9889,2021-04-07,Private Equity,150000000,USD,150000000
Soombit.AI,https://www.crunchbase.com/organization/soombit-ai,"Artificial Intelligence (AI), Data and Analytics, Health Care, Science and Engineering, Software",1-10,"Artificial Intelligence (AI), Medical, Medical Device","Seongnam, Kyonggi-do, South Korea","Soombit.AI develops AI-powered solutions that assist radiologists in performing medical imaging tasks, including reading chest X-rays.","30,527",,"27,547",https://soombit.ai,contact@soombit.ai,,,2024-11-05,Seed,5000000000,KRW,3623425
Milieu,https://www.crunchbase.com/organization/milieu-4d8a,"Biotechnology, Health Care, Science and Engineering",1-10,"Biotechnology, Health Care, Personal Health","Ann Arbor, Michigan, United States",Milieu offers personalized skincare solutions based on analysis of a user’s skin microbiome.,"30,529",,"27,549",https://milieuskin.com,info@milieuskin.com,https://www.linkedin.com/company/milieuskin,,2025-11-01,Pre-Seed,1100000,USD,1100000
aiomics,https://www.crunchbase.com/organization/aiomics,"Health Care, Software",1-10,"Health Care, Medical, Software","Berlin, Berlin, Germany","Aiomics is an EU-compliant AI co-pilot that captures speech, handwriting & documents, validates data, and frees providers from admin.","30,581",,"27,598",https://www.aiomics.io,,https://www.linkedin.com/company/aiomics/,,2025-08-18,Pre-Seed,2000000,EUR,2333594
NeuroVision Imaging,https://www.crunchbase.com/organization/neurovision-imaging,"Artificial Intelligence (AI), Biotechnology, Data and Analytics, Health Care, Science and Engineering, Software",1-10,"Biotechnology, Health Care, Health Diagnostics, Machine Learning, Neuroscience","Sacramento, California, United States",NeuroVision Imaging is a developer of digital imaging and diagnostic solutions for Alzheimer's disease.,"30,602",,"27,618",http://neurovision.com,,,9167972340,2021-08-24,Grant,,,
Hilma,https://www.crunchbase.com/organization/hilma,"Biotechnology, Health Care, Science and Engineering, Sports, Sustainability",1-10,"Biotechnology, Fitness, Health Care, Organic, Personal Health","New York, New York, United States",Hilma creates quality products and natural remedies to support health when needed it most.,"30,604",,"27,620",https://www.hilma.co/,hello@hilma.co,https://www.linkedin.com/company/hilmaco/,,2021-08-25,Seed,,,
Bloom Biorenewables Ltd,https://www.crunchbase.com/organization/bloom-biorenewables,"Biotechnology, Energy, Health Care, Natural Resources, Science and Engineering, Sustainability",1-10,"Biomass Energy, Biopharma, Chemical, CleanTech, Energy, Sustainability","Fribourg, Fribourg, Switzerland",Bloom Biorenewables is making biomass a true alternative to petroleum.,"30,621",,"27,636",http://www.bloombiorenewables.com/,remy@bloombiorenewables.com,https://www.linkedin.com/company/bloom-biorenewables/,+41788780486,2025-05-30,Grant,,,
Expectful,https://www.crunchbase.com/organization/expectful,Health Care,1-10,"Health Care, Medical, Mental Health, Wellness","New York, New York, United States","Expectful is a mental health app designed to assist women before, during, and after pregnancy.","30,699",,"27,706",http://www.expectful.com,care@expectful.com,https://www.linkedin.com/company/expectful/,(800) 644-7856,2021-08-18,Seed,,,
Berkshire Biomedical,https://www.crunchbase.com/organization/berkshire-biomedical,"Biotechnology, Data and Analytics, Health Care, Science and Engineering",1-10,"Biometrics, Health Care, Medical Device","Dallas, Texas, United States",Berkshire Biomedical is a medical device company that uses biometrics and secure systems to dispense prescribed medications accurately.,"30,741",,"27,745",https://www.berkshirebiomedical.com,bdunn@berkbiomed.com,https://www.linkedin.com/company/anne-marie-fields,(214) 389-1748,2025-06-02,Grant,326400,USD,326400
Dentio,https://www.crunchbase.com/organization/dentio,"Artificial Intelligence (AI), Data and Analytics, Health Care, Science and Engineering, Software",1-10,"Artificial Intelligence (AI), Dental, Software","Stockholm, Stockholms Lan, Sweden",Dentio is an AI-powered administrative assistant created especially for dentists.,"30,811",,"27,805",https://dentio.one,contact@dentio.one,https://www.linkedin.com/company/dentio-sweden,,2026-01-27,Pre-Seed,2300000,USD,2300000
Attunement,https://www.crunchbase.com/organization/attunement,"Artificial Intelligence (AI), Data and Analytics, Health Care, Science and Engineering, Software",1-10,"Artificial Intelligence (AI), Health Care, Machine Learning, Mental Health","San Francisco, California, United States",Attunement is a digital behavioral health platform for better mental healthcare.,"30,874",,"27,865",https://www.attunement.ai/,,https://www.linkedin.com/company/attunementai/,,2024-04-03,Pre-Seed,500000,USD,500000
Veris Health,https://www.crunchbase.com/organization/veris-health,Health Care,1-10,Health Care,"New York, New York, United States","Veris Health Inc., is a digital health company.","30,910",,"27,900",https://www.verishealth.com/,,https://www.linkedin.com/company/verishealth/,,2025-06-24,Undisclosed,2500000,USD,2500000
Asher Informatics,https://www.crunchbase.com/organization/asher-informatics,"Artificial Intelligence (AI), Data and Analytics, Health Care, Science and Engineering, Software",1-10,"Artificial Intelligence (AI), Data Governance, Health Care, Health Diagnostics, Software","Pittsburgh, Pennsylvania, United States",A Living AI Management Software Solution for Clinical AI Governance in Healthcare,"30,918",,"27,907",https://asherinformatics.comc,charlotte@asherinformatics.com,https://www.linkedin.com/company/asher-informatics-pbc,412-247-5911,2024-03-25,Pre-Seed,5000,USD,5000
Forest Devices,https://www.crunchbase.com/organization/forest-devices-inc,Health Care,1-10,"Health Care, Health Diagnostics, Medical Device","Pittsburgh, Pennsylvania, United States",Forest Devices is a medical device startup that develops a novel stroke screening device designed to detect early signs of stokes.,"30,995",,"27,976",http://www.forestdevices.com,info@forestdevices.com,https://www.linkedin.com/company/forest-devices,4125220076,2024-09-19,Seed,,,
Olakino,https://www.crunchbase.com/organization/olakino,"Artificial Intelligence (AI), Biotechnology, Data and Analytics, Health Care, Science and Engineering, Software",1-10,"Artificial Intelligence (AI), Biometrics, Diabetes, Health Care, Health Diagnostics, Medical Device, Software, Wellness","Helsinki, Southern Finland, Finland",Olakino is an exercise app that helps people suffering from diabetes to exercise in a safe way and to lower their insulin resistance.,"31,002",,"27,983",https://www.olakino.fi,info@olakino.fi,https://www.linkedin.com/company/olakino-ltd/,+358 20 755 8100,2024-09-03,Convertible Note,54000,EUR,59662
Hellomed,https://www.crunchbase.com/organization/hellomed-a514,Health Care,1-10,"Elder Care, Health Care, Pharmaceutical","Berlin, Berlin, Germany",THE ONLINE PHARMACY DESIGNED AROUND PATIENTS LIVES,"31,082",,"28,057",https://hellomed.com/,patient@hellomed.com,https://www.linkedin.com/company/hellomed-com/,030 233 295 030,2026-02-09,Venture - Series Unknown,6000000,EUR,7116492
AccuLine,https://www.crunchbase.com/organization/acculine,"Artificial Intelligence (AI), Data and Analytics, Health Care, Science and Engineering, Software",1-10,"Artificial Intelligence (AI), Health Care, Health Diagnostics, Machine Learning, Medical Device, Primary and Urgent Care","Miami, Florida, United States",Preventing the next heart attack,"31,109",,"28,084",https://acculine-medical.com,moshe@acculine-medical.com,https://www.linkedin.com/company/acculine-medical/,+972 3 5284 803,2024-05-01,Seed,3500000,USD,3500000
Terraton,https://www.crunchbase.com/organization/terraton,"Biotechnology, Financial Services, Health Care, Manufacturing, Science and Engineering",1-10,"Biopharma, Finance, Manufacturing","San Francisco, California, United States","Terraton is a biochar platform that provides equipment, design, and financing to agribusiness operators.","31,133",,"28,108",https://terraton.ai/,,https://www.linkedin.com/company/terraton/,,2025-08-27,Seed,11500000,USD,11500000
ProJenX,https://www.crunchbase.com/organization/projenx,"Biotechnology, Health Care, Science and Engineering",1-10,"Biopharma, Biotechnology, Health Care, Therapeutics","New Suffolk, New York, United States",ProJenX is a biopharmaceutical company that develops novel small molecule therapeutics that target motor neuron degenerative pathways.,"31,136",,"28,110",https://projenx.com,,https://www.linkedin.com/company/projenx-inc,917-268-1458,2024-06-20,Grant,1000000,USD,1000000
ATRO Medical,https://www.crunchbase.com/organization/atro-medical,"Biotechnology, Health Care, Science and Engineering",1-10,"Biotechnology, Health Care, Medical, Medical Device","Nijmegen, Gelderland, The Netherlands",Medical technology company developing a polymer meniscus implant.,"31,204",,"28,171",http://atromedical.com/,,https://www.linkedin.com/company/atro-medical-bv,,2026-02-24,Venture - Series Unknown,3000000,EUR,3536364
Meiogenix,https://www.crunchbase.com/organization/meiogenix,"Biotechnology, Health Care, Science and Engineering",1-10,"Biotechnology, Life Science, Pharmaceutical","Paris, Ile-de-France, France",Meiogenix is a biotechnology company that develops breeding technologies.,"31,241",,"28,206",https://meiogenix.com,info@meiogenix.com,https://www.linkedin.com/company/meiogenix/?originalSubdomain=in,,2024-12-01,Series A,,,
Atorvia Health Technologies,https://www.crunchbase.com/organization/atorvia-health-technologies,"Biotechnology, Health Care, Science and Engineering",1-10,"Biotechnology, Health Diagnostics, Life Science, Pharmaceutical","Mississauga, Ontario, Canada",Atorvia Health Technologies is a pre-clinical stage biotech firm that offers a renal franchise to prevent and treat kidney failure.,"31,268",,"28,231",http://www.atorvia.co,info@atorvia.co,https://www.linkedin.com/company/atorvia-health-technologies-ltd/?viewAsMember=true,,2025-03-30,Pre-Seed,50000,CAD,34940
Feno,https://www.crunchbase.com/organization/feno-faf5,"Artificial Intelligence (AI), Consumer Electronics, Data and Analytics, Hardware, Health Care, Science and Engineering, Software",1-10,"Artificial Intelligence (AI), Consumer Electronics, Health Care, Personal Health","Culver City, California, United States",Feno provides oral health insights that could signal systemic issues.,"31,302",,"28,264",https://feno.co,hello@feno.co,,323-800-8564,2024-09-25,Seed,6000000,USD,6000000
Melodi,https://www.crunchbase.com/organization/melodi,Health Care,1-10,"Health Care, Medical, Medical Device","Minneapolis, Minnesota, United States",Melodi is bringing to women undergoing breast reconstruction a clinically proven technology aimed at reducing surgical complications.,"31,303",,"28,265",https://www.melodihealth.com,,https://www.linkedin.com/company/melodi-health,,2024-08-29,Series A,10750000,USD,10750000
OXOlife,https://www.crunchbase.com/organization/oxolife,"Biotechnology, Health Care, Science and Engineering",1-10,"Biotechnology, Health Care, Medical","San Quírico Safaja, Catalonia, Spain",Oxolife is a biotechnology company in the clinical phase of development.,"31,305",,"28,267",http://www.oxolife.com/,info@oxolife.com,https://www.linkedin.com/company/oxolife-sl/,,2026-02-22,Grant,2500000,EUR,2958324
Juniper Biomedical,https://www.crunchbase.com/organization/rbi-medical,Health Care,1-10,"Health Care, Medical, Medical Device","Worcester, Massachusetts, United States",Juniper Biomedical is a neuromodulation MedTech company that is dramatically improving therapy for patients with pelvic health conditions.,"31,313",,"28,275",https://www.juniperbiomedical.com/,info@juniperbiomedical.com,https://www.linkedin.com/company/juniper-biomedical/,,2025-10-20,Grant,1600000,USD,1600000
Jump Aero,https://www.crunchbase.com/organization/jump-aero,"Health Care, Manufacturing, Science and Engineering, Transportation",1-10,"Aerospace, Air Transportation, Emergency Medicine, Manufacturing","Petaluma, California, United States",Empowering Superheroes,"31,315",,"28,277",https://www.jumpaero.com/,info@jumpaero.com,https://www.linkedin.com/company/jump-aero-incorporated,,2023-01-01,Seed,,,
Aegilys,https://www.crunchbase.com/organization/e-sentience,"Hardware, Health Care, Manufacturing, Sports",1-10,"Fitness, Manufacturing, Sensor, Wellness","Newark, New Jersey, United States",Chemical sensing at the edge,"31,328",,"28,288",https://www.aegilys.com,sloane@aegilys.com,https://www.linkedin.com/company/aegilys/?viewAsMember=true,,2025-09-08,Grant,1999998,USD,1999998
Frame,https://www.crunchbase.com/organization/frame-e73d,Health Care,1-10,"Health Care, Mental Health","Santa Monica, California, United States",Frame is a mental wellness network that provides a multifaceted approach to therapy.,"31,342",,"28,301",https://www.tryframe.com/,,https://www.linkedin.com/company/tryframe/,,2021-07-02,Seed,3000000,USD,3000000
LMT,https://www.crunchbase.com/organization/lmt-300e,"Health Care, Travel and Tourism",1-10,"Hospitality, Medical, Medical Device","Portland, Oregon, United States",LMT is a medical devices company.,"31,373",,"28,330",https://www.lmtech.io,,https://www.linkedin.com/company/lmtech,,2025-04-17,Venture - Series Unknown,781198,USD,781198
FirstWork,https://www.crunchbase.com/organization/firstwork-16ba,"Administrative Services, Health Care, Information Technology, Professional Services, Transportation",1-10,"Employee Benefits, Employment, Human Resources, Information Technology, Logistics","San Francisco, California, United States",Next generation HR tech for the teams that keep the world moving,"31,388",,"28,343",https://www.firstwork.com/,contact@firstwork.com,https://www.linkedin.com/company/firstworkhr/,,2025-02-27,Seed,5000000,USD,5000000
Fisher Wallace Laboratories,https://www.crunchbase.com/organization/fisher-wallace-laboratories,"Consumer Electronics, Hardware, Health Care, Manufacturing",1-10,"Consumer Electronics, Manufacturing, Medical, Medical Device, Wearables","New York, New York, United States","Fisher Wallace offers wearable medical devices for the treatment of depression, anxiety, and insomnia.","31,419",,"28,372",http://www.fisherwallace.com/,info@fisherwallace.com,https://www.linkedin.com/company/fisher-wallace-laboratories,+1 212-688-8100,2025-12-23,Equity Crowdfunding,195452,USD,195452
The Plug Drink,https://www.crunchbase.com/organization/the-plug-drink,"Food and Beverage, Health Care",1-10,"Food and Beverage, Health Care, Plant-Based Foods","Los Angeles, California, United States",The Plug Drink is a plant-based functional drink with liver-aiding ingredients designed to support the body’s metabolism.,"31,447",,"28,395",https://theplugdrink.com/,info@theplugdrink.com,https://www.linkedin.com/company/the-plug-drink,1 323-846-0131,2025-10-03,Venture - Series Unknown,5000000,USD,5000000
Eco-inject,https://www.crunchbase.com/organization/eco-inject,"Design, Health Care, Manufacturing",1-10,"Manufacturing, Pharmaceutical, Product Design","Cambridge, Cambridgeshire, United Kingdom",Eco-inject designs and manufactures autoinjectors for pharmaceutical companies.,"31,451",,"28,399",https://eco-inject.com,partnering@eco-inject.com,https://www.linkedin.com/company/eco-inject,,2026-02-23,Seed,5200000,GBP,7029136
FundaMental Pharma,https://www.crunchbase.com/organization/fundamental-pharma,"Biotechnology, Health Care, Science and Engineering",1-10,"Health Care, Medical, Neuroscience","Heidelberg, Baden-Wurttemberg, Germany",FundaMental Pharma is a neuroscience company with a portfolio at the preclinical stage.,"31,456",,"28,403",https://fundamentalpharma.com/,,https://www.linkedin.com/company/fundamental-pharma/,,2024-04-11,Seed,2700000,EUR,2896048
Frame Fitness,https://www.crunchbase.com/organization/frame-fitness,"Health Care, Sports",1-10,"Fitness, Personal Health, Wellness","Miami Beach, Florida, United States",Frame Fitness provides commercial fitness solutions to health clubs and the community.,"31,538",,"28,482",https://www.framefitness.com,info@framefitness.comwe,https://www.linkedin.com/company/frame-fitness,,2021-12-01,Seed,5000000,USD,5000000
Cytonics,https://www.crunchbase.com/organization/cytonics,"Biotechnology, Health Care, Science and Engineering, Sports",1-10,"Biotechnology, Fitness, Health Diagnostics","Jupiter, Florida, United States",Cytonics is a biotechnology company developing diagnostic assays focusing on musculoskeletal-related pain.,"31,557",,"28,501",http://cytonics.com,info@cytonics.com,https://www.linkedin.com/company/cytonics-corporation,5612831204,2024-05-29,Equity Crowdfunding,3638880,USD,3638880
Mother of Fact (DBA NurtureTalk Inc.),https://www.crunchbase.com/organization/nurturetalk,Health Care,1-10,"Health Care, Home Health Care, Outpatient Care","Sunapee, New Hampshire, United States",For women’s health clinics we offer a digital health platform that connects patients with critical access to registered dietitians.,"31,565",,"28,507",https://motheroffact.com/,hello@motheroffact.com,https://www.linkedin.com/company/motheroffact,603-833-0804,2025-09-12,Venture - Series Unknown,480000,USD,480000
Eris Biotech,https://www.crunchbase.com/organization/eris-biotech,"Biotechnology, Health Care, Science and Engineering",1-10,"Biopharma, Biotechnology, Medical, Wellness","American Fork, Utah, United States",Eris Biotech is a biotech company that developing hypoxia-activated prodrugs (HAPs) for the treatment of solid tumors.,"31,583",,"28,524",https://www.erisbio.com,,https://www.linkedin.com/company/eris-biotech/about,,2024-02-08,Pre-Seed,500000,USD,500000
Boomerang Medical,https://www.crunchbase.com/organization/boomerang-medical,"Biotechnology, Health Care, Science and Engineering",1-10,"Biotechnology, Health Care, Medical, Neuroscience","Mountain View, California, United States",Boomerang Medical is a bioelectronic medical enterprise.,"31,604",,"28,544",https://www.boomerangmedical.com,info@boomerangmedical.com,https://www.linkedin.com/company/boomerangmedical,844-423-9747,2025-09-04,Series B,20000000,USD,20000000
hiyo,https://www.crunchbase.com/organization/hiyo-5bbe,"Food and Beverage, Health Care, Sustainability",1-10,"Food and Beverage, Nutrition, Organic","Marina Del Rey, California, United States",Hiyo offers a non-alcoholic functional seltzer that aims to provide a healthy alternative to alcohol while helping people unwind.,"31,610",,"28,549",https://drinkhiyo.com,,https://www.linkedin.com/company/drinkhiyo,+1 480-323-6067,2025-12-01,Corporate Round,,,
Diagnoly,https://www.crunchbase.com/organization/diagnoly,"Artificial Intelligence (AI), Data and Analytics, Health Care, Science and Engineering, Software",1-10,"Artificial Intelligence (AI), Machine Learning, Medical Device, Software","Lyon, Rhone-Alpes, France",Diagnoly is an AI-powered medical hardware device for prenatal detection of fetal abnormalities in real-time.,"31,625",,"28,561",https://diagnoly.com/,contact@diagnoly.com,https://www.linkedin.com/company/diagnolly/,+33(0)4.78.76.85.75,2025-04-08,Seed,5500000,EUR,6041062
Claris Biotherapeutics,https://www.crunchbase.com/organization/claris-biotherapeutics,"Biotechnology, Health Care, Science and Engineering",1-10,"Biotechnology, Health Care, Therapeutics","Jersey City, New Jersey, United States","Claris Biotherapeutics develops a topical formulation intended to cure corneal wounds, ulcers, and scars.","31,687",,"28,621",https://clarisbio.com/,,,,2025-03-07,Debt Financing,5600000,USD,5600000
TQIntelligence,https://www.crunchbase.com/organization/tqintelligence,"Health Care, Information Technology",1-10,"Health Care, Information Technology","Atlanta, Georgia, United States",TQIntelligence leads the transformation of the Behavioral Healthcare sector voice-based artificial intelligence platform.,"31,694",,"28,628",https://tqintelligence.com,,https://www.linkedin.com/company/tqintelligence-inc-/,,2023-08-08,Non-equity Assistance,,,
Helicore Biopharma,https://www.crunchbase.com/organization/helicore-biopharma,"Biotechnology, Health Care, Science and Engineering",1-10,"Biopharma, Biotechnology, Health Care, Medical, Therapeutics","San Mateo, California, United States",Helicore Biopharma is a biopharmaceutical company that discovers and develops novel weight-loss therapeutics.,"31,718",,"28,651",https://www.helicore.com/,info@helicore.com,https://www.linkedin.com/company/helicore-biopharma,+1 650-332-2600,2025-01-28,Series A,65000000,USD,65000000
RayThera,https://www.crunchbase.com/organization/raythera,"Biotechnology, Health Care, Science and Engineering",1-10,"Biotechnology, Medical","San Diego, California, United States",RayThera is dedicated to developing small molecule therapies specifically targeting unmet needs in immunology.,"31,788",,"28,718",https://www.raythera.com/,info@raythera.com,,,2025-04-04,Series A,110000000,USD,110000000
Neem,https://www.crunchbase.com/organization/neem,"Health Care, Software",1-10,"Dental, Health Care, Software","New York, New York, United States",Neem develops a practice management platform designed for the dentistry sector.,"31,791",,"28,721",https://www.getneem.com/,,https://www.linkedin.com/company/getneem/,,2023-07-12,Venture - Series Unknown,2000000,USD,2000000
Yantai Lannacheng Biotechnology,https://www.crunchbase.com/organization/yantai-lannacheng-biotechnology,"Biotechnology, Health Care, Science and Engineering",1-10,"Biopharma, Biotechnology, Wellness","Yantai, Liaoning, China",Yantai Lannacheng Biotechnology is a biotech business that focuses on the building class I diagnosis medication.,"31,832",,"28,759",https://www.dc-lnc.com,,,,2025-07-20,Series C,300000000,CNY,41794372
D-Sight,https://www.crunchbase.com/organization/d-sight-8708,"Biotechnology, Health Care, Science and Engineering",1-10,"Biotechnology, Health Care","Barcelona, Catalonia, Spain",D-Sight is an early treatment for the leading cause of preventable blindness in the working-age population.,"31,848",,"28,774",https://www.dsight.es/,info@dsight.es,https://www.linkedin.com/company/dsight-es/,,2026-02-23,Seed,2000000,EUR,2364670
Huma.AI,https://www.crunchbase.com/organization/huma-ai,"Artificial Intelligence (AI), Data and Analytics, Health Care, Information Technology, Science and Engineering, Software",1-10,"Artificial Intelligence (AI), Health Care, Information Technology","Cary, North Carolina, United States",Huma is a provider of business intelligence platform built to automate healthcare through human language.,"31,850",,"28,776",http://www.huma.ai,susan@huma.ai,https://www.linkedin.com/company/huma-ai/,,2025-04-03,Venture - Series Unknown,1024718,USD,1024718
Clear,https://www.crunchbase.com/organization/clear-e3ad,"Consumer Goods, Health Care, Software",1-10,"Eyewear, Health Care, Health Diagnostics, Medical Device, Software","Washington, District of Columbia, United States",Clear is a provider of digital optical prescription and eye diagnosis tool.,"31,869",,"28,795",https://www.cleareyetest.com,hello@cleareyetest.com​,https://www.linkedin.com/company/cleareyetest,,2023-07-01,Seed,5000000,USD,5000000
WickedGud,https://www.crunchbase.com/organization/wickedgud,"Food and Beverage, Health Care",1-10,"Food and Beverage, Nutrition, Organic Food","Thane, Maharashtra, India","WickedGud is to make eating guilt-free, and change the way the world consumes comfort foods by using indigenous, high nutrition ingredients.","31,883",,"28,808",https://wickedgud.com,info@wickedgud.com,https://www.linkedin.com/company/wickedg%C3%BCd,+91 90041 25134,2025-12-17,Venture - Series Unknown,200000000,INR,2211984
Brinter,https://www.crunchbase.com/organization/brinter,"Biotechnology, Health Care, Manufacturing, Science and Engineering",1-10,"3D Printing, Health Care, Life Science, Medical Device","Winston Salem, North Carolina, United States","Brinter is a U.S.-based medtech company pioneering 3D-bioprinted, bio-synthetic implants for orthopedic soft-tissue repair.","31,896",,"28,820",https://www.brinter.com/,contact@brinter.com,https://www.linkedin.com/company/brinter/,5614025204,2025-10-01,Series A,,,
Silk and Sonder,https://www.crunchbase.com/organization/silk-sonder,"Commerce and Shopping, Community and Lifestyle, Consumer Goods, Health Care, Other",1-10,"Consumer, Consumer Goods, E-Commerce, Lifestyle, Mental Health, Personal Health, Social, Wellness","San Francisco, California, United States",Silk and Sonder offers a monthly subscription program that includes a hand-curated journal with pages for mental health.,"31,898",,"28,822",https://www.silkandsonder.com,hello@silkandsonder.com,https://www.linkedin.com/company/silkandsonder/,,2020-09-08,Seed,3600000,USD,3600000
The Blue Box Biomedical Solutions,https://www.crunchbase.com/organization/the-blue-box-biomedical-solutions,"Artificial Intelligence (AI), Data and Analytics, Health Care, Internet Services, Science and Engineering, Software",1-10,"Artificial Intelligence (AI), Health Care, Health Diagnostics, Internet of Things, Medical Device, SaaS","Barcelona, Catalonia, Spain",The Blue Box Biomedical Solutions is an early-stage breast cancer detection from urine.,"31,903",,"28,826",https://thebluebox.ai,hello@thebluebox.ai,https://www.linkedin.com/company/thebluebox-ai,,2025-11-18,Seed,3300000,EUR,3822227
DMCC,https://www.crunchbase.com/organization/dmcc-eff0,Health Care,1-10,"Health Care, Hospital, Wellness","Nancy, Lorraine, France",DMCC is a company that designs and deploys innovative measures in health and medico-social establishments.,"31,910",,"28,833",https://www.dmcc-france.fr/,,https://www.linkedin.com/company/dmcc-france/,+33 06 16 36 17 18,2023-03-16,Venture - Series Unknown,1200000,EUR,1273635
Hera Health Solutions,https://www.crunchbase.com/organization/hera-health-solutions,"Biotechnology, Health Care, Science and Engineering",1-10,"Biotechnology, Health Care, Medical Device, Pharmaceutical","Memphis, Tennessee, United States","Hera Health Solutions is a pharmaceutical company specializing in the research, development, and commercialization of long term treatments.","31,938",,"28,860",https://www.herahealthsolutions.com,idicula@herahealthsolutions.com,https://www.linkedin.com/company/hera-health-solutions/,(214)404-5819,2022-05-18,Non-equity Assistance,,,
Huamei Haolian,https://www.crunchbase.com/organization/huamei-haolian,"Hardware, Health Care, Information Technology, Mobile",1-10,"Health Care, Information Technology, mHealth, Telecommunications","Beijing, Beijing, China",Huamei Haolian specializes in providing telemedicine and medical tourism services.,"31,939",,"28,861",https://www.huameihaolian.com/,hmhlservice@ehealthnow.cn,,+86 400-807-9096,2026-03-02,Series D,,,
Omini,https://www.crunchbase.com/organization/omini,"Biotechnology, Health Care, Science and Engineering",1-10,"Biotechnology, Health Care, Medical","Paris, Ile-de-France, France",Omini develops a biosensor platform that allows the simultaneous detection of multiple biomarkers.,"31,941",,"28,863",https://www.ominilabs.com/,joanne@ominilabs.com,https://www.linkedin.com/company/ominilabs/,,2024-07-15,Seed,,,
Phenomix Sciences,https://www.crunchbase.com/organization/phenomix-sciences,"Biotechnology, Health Care, Science and Engineering",1-10,"Biotechnology, Health Care, Life Science","Rochester, Minnesota, United States","Phenomix Sciences is a biotechnology company that specializes in biotech, life science, metabolomics, and genomics.","31,950",,"28,870",http://www.phenomixsciences.com/,info@phenomixsciences.com,https://www.linkedin.com/company/phenomix-sciences/,(877) 673-0981,2025-12-29,Venture - Series Unknown,2500002,USD,2500002
Afaxys,https://www.crunchbase.com/organization/afaxys,Health Care,1-10,"Health Care, Medical, Pharmaceutical","Charleston, South Carolina, United States",Afaxys is a business enterprise that serves women's healthcare needs.,"31,965",,"28,885",https://www.afaxys.com/,,https://www.linkedin.com/company/afaxys/,,2025-08-04,Grant,8000000,USD,8000000
Perfuse Therapeutics,https://www.crunchbase.com/organization/perfuse-therapeutics,"Biotechnology, Health Care, Science and Engineering",1-10,"Biotechnology, Health Care, Medical","San Francisco, California, United States",Perfuse Therapeutics specializes in developing therapies for the treatment of eye disease.,"31,981",,"28,900",http://perfusetherapeutics.com/,info@perfusetherapeutics.com,https://www.linkedin.com/company/perfusetherapeutics/,,2020-07-29,Series A,8999991,USD,8999991
iReprogram,https://www.crunchbase.com/organization/ireprogram,"Biotechnology, Health Care, Science and Engineering",1-10,"Biopharma, Biotechnology, Pharmaceutical, Precision Medicine","Ann Arbor, Michigan, United States",iReprogram is a cell regeneration lab that aims to expedite the delivery of next-generation personalized medicine.,"31,995",,"28,913",https://ireprogram.com/,info@ireprogram.com,https://www.linkedin.com/company/ireprogram,734-998-8345,2021-02-05,Grant,256000,USD,256000
Orikine Bio,https://www.crunchbase.com/organization/orikine-bio,"Biotechnology, Data and Analytics, Design, Health Care, Science and Engineering",1-10,"Biotechnology, Medical, Product Research","Barcelona, Catalonia, Spain",Orikine Bio is a pioneer biotech company in the field of tailored cytokines for the treatment of immune-mediated disorders.,"32,005",,"28,922",https://www.orikine.bio,contact@orikine.bio,https://www.linkedin.com/company/orikine-bio,+34 93 402 02 50,2026-02-02,Seed,2700000,EUR,3199473
Meroka,https://www.crunchbase.com/organization/meroka,Health Care,1-10,"Health Care, Medical, Wellness","New York, New York, United States",Meroka is an organization that helps independent physicians transfer ownership of their medical practices to their workers.,"32,014",,"28,930",https://www.meroka.com,admin@meroka.com,https://www.linkedin.com/company/merokainc,,2026-02-11,Angel,,,
Epi One,https://www.crunchbase.com/organization/epi-one,"Biotechnology, Health Care, Science and Engineering",1-10,"Biotechnology, Health Care, Health Diagnostics, Medical, Oncology","Brooklyn, New York, United States",Epi One aims to take early cancer diagnosis to the next level by leveraging a novel epigenetic biomarker platform.,"32,022",,"28,937",https://epi-one.com/,investors@epi-one.com,https://www.linkedin.com/company/epi-one-inc/,718-569-8789,2024-12-05,Equity Crowdfunding,2081809,USD,2081809
Mymee,https://www.crunchbase.com/organization/mymee,"Apps, Health Care, Mobile, Software",1-10,"Health Care, Health Diagnostics, Mobile Apps","New York, New York, United States",Mymee helps people with autoimmune diseases and long COVID to identify the triggers behind their symptoms and improve quality of life.,"32,072",,"28,983",http://www.mymee.com,info@mymee.com,https://www.linkedin.com/company/mymee/,855-822-5868,2021-02-11,Series A,8701777,USD,8701777
Allterum Therapeutics,https://www.crunchbase.com/organization/allterum-therapeutics,"Biotechnology, Health Care, Science and Engineering",1-10,"Biopharma, Biotechnology, Health Care","Houston, Texas, United States",Allterum Therapeutics is a biopharmaceutical company that develops treatments for different types of cancers.,"32,081",,"28,992",https://allterum.com,,https://www.linkedin.com/company/allterum-therapeutics,,2025-09-09,Grant,1000000,USD,1000000
Resalis Therapeutics,https://www.crunchbase.com/organization/resalis-therapeutics,"Biotechnology, Data and Analytics, Design, Health Care, Science and Engineering",1-10,"Biotechnology, Clinical Trials, Health Care, Medical, Pharmaceutical, Product Research, Therapeutics","Torino, Piemonte, Italy",Resalis Therapeutics sviluppa un farmaco in grado di inibire un micro-RNA per il trattamento di alcune malattie metaboliche,"32,094",,"29,005",https://www.resalistherapeutics.com,info@resalistherapeutics.com,https://www.linkedin.com/company/resalistherapeutics,,2024-10-28,Corporate Round,,,
Barologics,https://www.crunchbase.com/organization/barologics,Health Care,1-10,"Health Care, Therapeutics, Wellness","Carver, Minnesota, United States",Barologics develops disruptive technology to treat hypertension through closed-loop stimulation.,"32,102",,"29,013",,,,9522409354,2022-01-07,Series A,11519999,USD,11519999
AI-Stroke,https://www.crunchbase.com/organization/ai-stroke,"Artificial Intelligence (AI), Data and Analytics, Health Care, Science and Engineering, Software",1-10,"Artificial Intelligence (AI), Health Care, Health Diagnostics, Medical Device","Montpellier, Languedoc-Roussillon, France",AI-Stroke turns any smartphone into an “AI neurologist” before the CT Scan.,"32,119",,"29,030",https://www.ai-stroke.com/,inquiries@ai-stroke.com,https://www.linkedin.com/company/ai-stroke/,,2025-11-18,Seed,4600000,USD,4600000
DeepLook Medical,https://www.crunchbase.com/organization/deeplook-medical,"Health Care, Software",1-10,"Health Care, Medical, Software","New Haven, Connecticut, United States",DeepLook Medical is a developer of a medical imaging software.,"32,128",,"29,039",https://deeplookmedical.com,Marissa@thedeeplook.space,https://www.linkedin.com/company/deeplookmedical,+1 2026745828,2025-12-26,Series A,,,
Callio Therapeutics,https://www.crunchbase.com/organization/callio-therapeutics,"Biotechnology, Health Care, Science and Engineering",1-10,"Biotechnology, Health Care, Medical","Seattle, Washington, United States","Callio Therapeutics develops next-generation, multi-payload antibody-drug conjugates (ADCs).","32,146",,"29,057",https://calliotx.com,contact@calliotx.com,https://www.linkedin.com/company/calliotx,,2025-03-03,Series A,187000000,USD,187000000
Levisonics,https://www.crunchbase.com/organization/levisonics,Health Care,1-10,"Health Care, Health Diagnostics, Medical, Medical Device","Fishers, Indiana, United States",Levisonics is a manufacturer of blood coagulation devices created to perform non-contact analysis of blood coagulation.,"32,211",,"29,116",https://www.levisonics.com,info@levisonics.com,https://www.linkedin.com/company/levisonics/,3176830999,2024-03-15,Grant,4300000,USD,4300000
Kubanda Cryotherapy,https://www.crunchbase.com/organization/kubanda-cryotherapy,Health Care,1-10,"Health Care, Therapeutics, Veterinary","Baltimore, Maryland, United States","Kubanda Cryotherapy offers minimally invasive, non-surgical treatment for lumps, bumps, and cancers in pets.","32,267",,"29,165",https://www.kubandacryotherapy.com/,help@KubandaCryo.com,https://www.linkedin.com/company/kubanda-cryotherapy/,405-501-4070,2025-09-09,Seed,500000,USD,500000
Feanix Biotechnologies,https://www.crunchbase.com/organization/feanix,"Biotechnology, Health Care, Science and Engineering",1-10,"Biotechnology, Clinical Trials, Genetics","Davis, California, United States",Feanix Biotechnologies is a genetic laboratory for testing samples.,"32,272",,"29,169",https://www.feanixbio.com,Info@feanixbio.com,https://www.linkedin.com/company/feanix-biotechnologies-inc/about/,,2025-12-18,Seed,5300000,USD,5300000
The Pause Technologies,https://www.crunchbase.com/organization/the-pause-technologies,"Administrative Services, Health Care, Software",1-10,"Employee Benefits, Health Care, Software","Phoenix, Arizona, United States",Pause Technologies uses artificial intelligence (AI) to help women manage their menopause symptoms and improve their health and well-being.,"32,405",,"29,296",https://thepause.ai/,hello@thepause.ai,https://www.linkedin.com/company/www.thepause.ai,,2024-01-08,Pre-Seed,1100000,USD,1100000
Lila Biologics,https://www.crunchbase.com/organization/lila-biologics,"Biotechnology, Data and Analytics, Health Care, Science and Engineering",1-10,"Bioinformatics, Biopharma, Biotechnology","Seattle, Washington, United States",Lila Biologics is a biotechnology company.,"32,420",,"29,310",https://lila-bio.webflow.io/,,,+1 316-210-7770,2023-09-28,Venture - Series Unknown,9537323,USD,9537323
Sophont,https://www.crunchbase.com/organization/sophont,"Health Care, Software",1-10,"Health Care, Medical, Software","Dover, Delaware, United States",Multimodal foundation models for healthcare,"32,426",,"29,315",https://sophontai.com,contact@sophontai.com,https://www.linkedin.com/company/sophont/,,2025-09-11,Seed,9220000,USD,9220000
Careflick,https://www.crunchbase.com/organization/careflick,"Artificial Intelligence (AI), Community and Lifestyle, Data and Analytics, Health Care, Science and Engineering, Software",1-10,"Artificial Intelligence (AI), Elder Care, Elderly, Health Care","New York, New York, United States",Human-like AI companions for seniors,"32,440",,"29,328",https://www.careflick.com,hello@careflick.com,https://www.linkedin.com/company/careflick,1 (978) 637 6867,2024-06-01,Pre-Seed,500000,USD,500000
NeXtGen Biologics,https://www.crunchbase.com/organization/nextgen-biologics,"Biotechnology, Health Care, Manufacturing, Science and Engineering",1-10,"Biotechnology, Manufacturing, Medical, Medical Device","Alachua, Florida, United States",NeXtGen is a medical device company specializing in manufacturing ECM biomaterial products.,"32,448",,"29,335",http://nextgenbiologics.com,,http://www.linkedin.com/company/nextgen-biologics,18586303687,2024-07-12,Venture - Series Unknown,,,
Sphere,https://www.crunchbase.com/organization/sphere-3be9,"Administrative Services, Financial Services, Health Care",1-10,"Asset Management, Employee Benefits, Finance","Walnut, California, United States",Sphere is a registered public benefit corporation that aims to amplify a social movement to extract money from fossil fuel companies.,"32,451",,"29,338",https://www.oursphere.org/,hello@oursphere.org,https://www.linkedin.com/company/oursphereorg/about/,+1 510-473-7301,2023-07-31,Seed,1262500,USD,1262500
Relief Cardiovascular,https://www.crunchbase.com/organization/relief-cardiovascular,Health Care,1-10,"Hospital, Medical, Wellness","Costa Mesa, California, United States",Relief Cardiovascular is an inQB8 medical technologies portfolio company.,"32,465",,"29,353",https://www.reliefcardio.com,info@reliefcardio.com,https://www.linkedin.com/company/relief-cardiovascular,,2025-01-08,Series A,12000000,USD,12000000
Xyall,https://www.crunchbase.com/organization/xyall,Health Care,1-10,Medical Device,"Eindhoven, Noord-Brabant, The Netherlands",Xyall is a global innovator in molecular pathology.,"32,477",,"29,364",https://xyall.com/,guido.du.pree@xyall.com,https://www.linkedin.com/company/xyall/,+31 6 20444932,2026-02-11,Venture - Series Unknown,7600000,EUR,9024885
FruitVaccine,https://www.crunchbase.com/organization/fruitvaccine,"Health Care, Manufacturing",1-10,"Health Care, Manufacturing, Pharmaceutical","Champaign, Illinois, United States",FruitVaccine manufactures fruit-based vaccines to provide immunity against globally problematic infectious diseases.,"32,510",,"29,395",http://www.fruitvaccine.org,info@fruitvaccine.org,https://www.linkedin.com/company/fruitvaccine-inc,219-654-1332,2020-11-23,Grant,276000,USD,276000
CanFite BioPharma,https://www.crunchbase.com/organization/canfite-biopharma,"Biotechnology, Health Care, Science and Engineering",1-10,"Biotechnology, Health Care, Medical","Petah Tiqva, HaMerkaz, Israel",Can-Fite BioPharma is a bio-pharmaceutical company with fully integrated pharmaceutical discovery and clinical development capabilities.,"32,527",,"29,412",http://www.canfite.com,info@canfite.co.il,https://www.linkedin.com/company/8228756,+97239241114,2026-03-04,Post-IPO Equity,4300000,USD,4300000
Simcha Therapeutics,https://www.crunchbase.com/organization/simcha-therapeutics,"Biotechnology, Health Care, Science and Engineering",1-10,"Biotechnology, Life Science, Pharmaceutical, Therapeutics","New Haven, Connecticut, United States",Simcha Therapeutics is a biopharmaceutical company developing engineered cytokine immunotherapy for cancer.,"32,571",,"29,454",http://www.simchatx.com,info@simchatx.com,https://www.linkedin.com/company/simcha-therapeutics,,2022-01-27,Series B,40000000,USD,40000000
Kiviaq,https://www.crunchbase.com/organization/kiviaq,Health Care,1-10,Health Care,"Tokyo, Tokyo, Japan",Kiviaq create a world where healthcare and daily life are integrated through medicine.,"32,586",,"29,467",https://www.kiviaq.com/index.html,,https://www.linkedin.com/company/kiviaq/,,2025-08-19,Seed,60000000,JPY,406126
Montis Biosciences,https://www.crunchbase.com/organization/montis-biosciences,"Biotechnology, Health Care, Science and Engineering",1-10,"Biotechnology, Oncology, Therapeutics","Meise, Vlaams-Brabant, Belgium",Montis Biosciences is develops novel immune-oncology therapeutics targeting the intersection between vascular dysfunction.,"32,592",,"29,473",https://www.montisbio.com/,info@montisbio.com,https://www.linkedin.com/company/montis-biosciences/?originalSubdomain=be,,2021-06-14,Grant,1000000,EUR,1212186
SignaCor,https://www.crunchbase.com/organization/signacor,"Biotechnology, Health Care, Science and Engineering",1-10,"Biotechnology, Health Care, Therapeutics","Belfast, Belfast, United Kingdom","SignaCor is a clinical-stage biotech company exploring therapeutics for cardiac disorders, specifically hypertrophic cardiomyopathy.","32,605",,"29,485",https://signacor.co.uk,info@signacor.co.uk,https://www.linkedin.com/company/signacorltd/,,2026-03-09,Seed,288000,EUR,331917
TempéBreault,https://www.crunchbase.com/organization/tempébreault,"Apps, Community and Lifestyle, Health Care, Mobile, Software",1-10,"Lifestyle, Mobile Apps, Software, Web Development, Wellness","Kirkland Lake, Ontario, Canada","A company based around developing weather, lifestyle, puzzle and fitness apps for the mobile app market. Based in Kirkland Lake, ON Canada.","32,643",,"29,522",,,,,2025-11-14,Series A,2000000,CAD,1425364
Vetted Pet Health,https://www.crunchbase.com/organization/vetted-pet-health,"Community and Lifestyle, Health Care, Other",1-10,"Health Care, Personal Health, Pet, Subscription Service","Miami, Florida, United States","Mobile App, Pet Health and Wellness, Veterinary","32,654",,"29,534",https://www.vettedpethealth.com/,love@vettedpethealth.com,https://www.linkedin.com/company/vetted-pet-health/,+1 (281) 417-5945,2021-10-11,Seed,1500000,USD,1500000
Genknowme,https://www.crunchbase.com/organization/genknowme,"Biotechnology, Health Care, Science and Engineering",1-10,"Life Science, Medical","Lausanne, Vaud, Switzerland",Genknowme (GKM) is a precision health company advancing epigenetics to deliver insights that support personalized and preventive care.,"32,667",,"29,546",https://genknowme.com,info@genknowme.com,https://www.linkedin.com/company/genknowme,,2025-12-18,Pre-Seed,500000,CHF,629625
Mercury Bio,https://www.crunchbase.com/organization/mercury-bio,"Biotechnology, Health Care, Science and Engineering",1-10,"Biotechnology, Health Care, Medical, Medical Device","Santa Fe, New Mexico, United States","Mercury Bio is a biomolecular delivery platform that transforms and treats viral diseases, cancer, and inflammatory conditions.","32,716",,"29,590",https://www.mercurybio.com/,,,+1 (800) 274-8533,2025-10-24,Venture - Series Unknown,2376107,USD,2376107
Ottimo Pharma,https://www.crunchbase.com/organization/ottimo-pharma,"Biotechnology, Health Care, Science and Engineering",1-10,"Biotechnology, Health Care, Pharmaceutical","Sandwich, Kent, United Kingdom",Ottimo Pharma develops innovative cancer therapies using PD1-VEGFR2 antibodies.,"32,804",,"29,668",https://ottimopharma.com,info@ottimopharma.com,https://www.linkedin.com/company/ottimo-pharma/,,2024-12-19,Series A,140000000,USD,140000000
Remmie,https://www.crunchbase.com/organization/remmie,Health Care,1-10,"Health Care, Medical, Medical Device","Culver City, California, United States",Remmie develops and manufactures a connected and family-friendly otoscope.,"32,808",,"29,671",https://remmiehealth.com/,info@remmiehealth.com,https://www.linkedin.com/company/remmie-health/,,2024-06-12,Grant,3000000,USD,3000000
CarrTech,https://www.crunchbase.com/organization/carrtech,Health Care,1-10,"Health Care, Medical Device","Frederick, Maryland, United States","CarrTech has built an all-in-one filter and needle combined pioneering a safer, more efficient, cost-effective way of medication delivery.","32,812",,"29,675",https://carrtechcorp.com,sue@carrtechcorp.com,https://www.linkedin.com/company/66350737/,240-620-301-694-2999,2022-12-26,Seed,250000,USD,250000
Hilltop BioSciences,https://www.crunchbase.com/organization/hilltop-biosciences,"Biotechnology, Health Care, Science and Engineering",1-10,"Biotechnology, Life Science, Veterinary","Mansfield, Massachusetts, United States",Hilltop Bio provides regenerative therapies helping injured horses regenerate damaged tissues and assist in restoring them.,"32,828",,"29,689",https://hilltopbio.com/,info@hilltopbio.com,https://www.linkedin.com/company/hilltop-biosciences,617-237-0636,2024-12-12,Venture - Series Unknown,5303565,USD,5303565
Evrys Bio,https://www.crunchbase.com/organization/evrys-bio,"Biotechnology, Health Care, Science and Engineering",1-10,"Biotechnology, Health Care, Pharmaceutical, Therapeutics","Doylestown, Pennsylvania, United States",Evrys Bio is a pharmaceutical company for providing health care solutions to defend against the virus.,"32,850",,"29,710",https://evrysbio.com,,https://www.linkedin.com/company/forge-life-science/,609-874-9013,2021-07-13,Grant,34300000,USD,34300000
Nami Surgical,https://www.crunchbase.com/organization/nami-surgical,"Hardware, Health Care, Manufacturing, Science and Engineering, Software",1-10,"Health Care, Manufacturing, Robotics","Glasgow, Glasgow City, United Kingdom",Nami Surgical offers robotic surgery technology solutions to improve patient care.,"32,854",,"29,714",https://www.namisurgical.com,info@namisurgical.com,https://www.linkedin.com/company/nami-surgical,,2026-01-28,Venture - Series Unknown,1900000,GBP,2616003
Aizen Therapeutic,https://www.crunchbase.com/organization/aizen-therapeutic,"Artificial Intelligence (AI), Biotechnology, Data and Analytics, Health Care, Science and Engineering, Software",1-10,"Artificial Intelligence (AI), Biopharma, Biotechnology, Health Care, Neuroscience, Pharmaceutical","San Diego, California, United States","Aizen is an AI-driven biotech company developing Mirror Peptides, a new class of biologic medicines.","32,859",,"29,719",https://www.aizentx.com,info@aizentx.com,https://www.linkedin.com/company/aizentherapeutics,,2024-11-21,Seed,13000000,USD,13000000
smartbax,https://www.crunchbase.com/organization/smartbax,"Biotechnology, Health Care, Science and Engineering",1-10,"Biotechnology, Genetics","Munich, Bayern, Germany","smartbax develop novel multi-targeted, antibacterial compounds with extraordinary potency against multi-drug resistant bacteria.","32,867",,"29,725",https://www.smartbax.de,info@smartbax.de,https://www.linkedin.com/company/smartbax-gmbh,089 / 2155 1842 -2,2025-10-22,Seed,4700000,EUR,5455360
PlanYear,https://www.crunchbase.com/organization/planyear,"Administrative Services, Artificial Intelligence (AI), Data and Analytics, Financial Services, Health Care, Science and Engineering, Software",1-10,"Artificial Intelligence (AI), Employee Benefits, Insurance, Software","Irvine, California, United States","PlanYear is a digital platform for insurance management and employee benefits for consultants, employers, and employees.","32,906",,"29,762",https://planyear.ai/,info@planyear.com,https://www.linkedin.com/company/planyear,,2025-10-15,Seed,12000000,USD,12000000
ASEMtech,https://www.crunchbase.com/organization/asemtech,"Data and Analytics, Design, Financial Services, Health Care, Professional Services",1-10,"Consulting, Leasing, Medical Device, Product Research","Tokyo, Tokyo, Japan","ASEMtech is a technology company that specializes in research, development, sales, and leasing of medical equipment via the ASEM method.","32,909",,"29,765",https://asem-tech.com/,asem-info@asem-tech.com,,,2026-03-01,Series A,150000000,JPY,957637
Allegria Therapeutics,https://www.crunchbase.com/organization/allegria-therapeutics,"Biotechnology, Health Care, Science and Engineering",1-10,"Biotechnology, Health Diagnostics, Life Science, Therapeutics","Basel, Basel-Stadt, Switzerland",Allegria Therapeutics is a biotech firm that engages in the research and treatment of allergy and mast cell-mediated inflammatory diseases.,"32,920",,"29,776",https://allegriatx.com/,info@allegriatx.com,https://www.linkedin.com/company/allegriatx/,,2025-12-11,Seed,5100000,USD,5100000
ArcaScience,https://www.crunchbase.com/organization/arcascience,"Artificial Intelligence (AI), Data and Analytics, Health Care, Information Technology, Science and Engineering, Software",1-10,"Artificial Intelligence (AI), Information Technology, Medical, Software","Paris, Ile-de-France, France","ArcaScience, the world leader for AI drugs' Benefit-Risk prediction","32,943",,"29,796",https://www.arcascience.ai,contact@arcascience.ai,https://www.linkedin.com/company/arcascience,,2025-06-12,Seed,6000000,EUR,6965478
Gelteq,https://www.crunchbase.com/organization/gelteq,Health Care,1-10,Health Care,"Caulfield, Victoria, Australia","Gelteq is a leader in ingestible gel technology for healthcare, nutrition & sport.","32,958",,"29,810",http://www.gelteq.com,,https://www.linkedin.com/company/gelteq,,,,,,
AEGEA Medical,https://www.crunchbase.com/organization/aegea-medical,"Biotechnology, Health Care, Manufacturing, Science and Engineering",1-10,"Biotechnology, Health Care, Manufacturing, Medical Device","Redwood City, California, United States",AEGEA Medical manufactures surgical and medical instruments.,"32,975",,"29,825",https://maratreatment.com/,info@aegeamedical.com,https://www.linkedin.com/company/aegea-medical-inc-/,(650) 701-1125,2018-11-12,Venture - Series Unknown,17000000,USD,17000000
Asclepius MedTech,https://www.crunchbase.com/organization/asclepius-medtech,"Artificial Intelligence (AI), Data and Analytics, Health Care, Science and Engineering, Software",1-10,"Artificial Intelligence (AI), Assistive Technology, Health Care, Medical","England, Nordrhein-Westfalen, Germany",Asclepius MedTech is a medical technology platform that offers a remote patient monitoring system designed for surgical evaluations.,"32,986",,"29,836",https://asclepius-medtech.com/,info@asclepius-medtech.com,https://www.linkedin.com/company/asclepius-medtech-limited/,+44 0 7540 737188,2026-03-10,Grant,100000,GBP,134501
Steer Bio,https://www.crunchbase.com/organization/steer-bio,"Biotechnology, Health Care, Science and Engineering",1-10,"Biopharma, Biotechnology","Houston, Texas, United States",Steer Bio is a biotechnology company that specializes in revitalizing cell-based medicines.,"33,022",,"29,868",https://www.steerbiotx.com,,https://www.linkedin.com/company/steer-bio,,2026-03-05,Grant,18200000,USD,18200000
Sanai,https://www.crunchbase.com/organization/sanai-c8ea,Health Care,1-10,Pharmaceutical,"San Francisco, California, United States",Agentic workflows for the life sciences industry,"33,031",,"29,877",https://sanai.ai/,info@sanai.ai,https://www.linkedin.com/company/sanai-ai,,2025-05-29,Seed,120000,USD,120000
Nimblemind.ai,https://www.crunchbase.com/organization/nimblemind-ai,"Artificial Intelligence (AI), Health Care, Software",1-10,"Generative AI, Health Care, Software","New York, New York, United States","NimbleMind AI delivers custom artificial intelligence solutions, focusing on automation, data insights, and scalable systems.","33,035",,"29,880",https://nimblemind.ai/,info@nimblemind.ai,https://www.linkedin.com/company/nimblemindai/,,2025-03-14,Seed,2500000,USD,2500000
EpiWatch,https://www.crunchbase.com/organization/epiwatch,"Apps, Health Care, Mobile, Software",1-10,"Apps, Health Care, Hospital, mHealth, Mobile Apps","Baltimore, Maryland, United States",EpiWatch is an application collecting data and alerting about seizures with Apple Watch.,"33,041",,"29,886",https://www.epiwatch.com/,,https://www.linkedin.com/company/epiwatch-inc/,+1-410-703-3611,2022-03-16,Seed,415000,USD,415000
AI Metrics,https://www.crunchbase.com/organization/ai-metrics,"Artificial Intelligence (AI), Biotechnology, Data and Analytics, Health Care, Science and Engineering, Software",1-10,"Artificial Intelligence (AI), Biotechnology, Health Care, Medical, Oncology, Software","Birmingham, Alabama, United States",AI Metrics is an early-stage company that creates a transformational image analysis technology for radiology and oncology.,"33,052",,"29,897",http://www.aimetrics.com,bob@aimetrics.com,https://www.linkedin.com/company/aimetrics,205-440-2980,2025-11-26,Venture - Series Unknown,952316,USD,952316
FluoSphera,https://www.crunchbase.com/organization/fluosphera,"Biotechnology, Health Care, Science and Engineering",1-10,"Biotechnology, Life Science, Pharmaceutical","Geneva, Geneve, Switzerland",FluoSphera is a developer of drugs.,"33,143",,"29,981",https://fluosphera.com,contact@fluosphera.com,https://www.linkedin.com/company/fluosphera/,+41 22-379-63-39,2026-01-12,Seed,1150000,CHF,1442335
LogicFlo AI,https://www.crunchbase.com/organization/logicflo-ai,"Artificial Intelligence (AI), Biotechnology, Data and Analytics, Health Care, Sales and Marketing, Science and Engineering, Software",1-10,"Artificial Intelligence (AI), Digital Signage, Life Science, Medical Device","New York, New York, United States",LogicFlo AI is an organisation engaged in building AI agents for healthcare and life sciences.,"33,146",,"29,984",https://logicflo.ai/,Udith@logicflo.ai,https://www.linkedin.com/company/logicflo-ai/,,2025-06-30,Seed,2700000,USD,2700000
Punto Health,https://www.crunchbase.com/organization/punto-health,Health Care,1-10,"Health Care, Home Health Care, Mental Health","London, England, United Kingdom",AI-powered digital platform for management of Alzheimer's and other dementias.,"33,159",,"29,997",https://puntohealth.com,info@puntohealth.com,,,2025-12-10,Seed,2700000,USD,2700000
Sourse,https://www.crunchbase.com/organization/sourse,"Consumer Goods, Food and Beverage, Health Care, Sustainability",1-10,"Beauty, Food and Beverage, Health Care, Sustainability, Wellness","San Francisco, California, United States",Sourse is a food tech company that aims to set high standards for efficacy and sustainability in the category.,"33,160",,"29,998",https://trysourse.com,,https://www.linkedin.com/company/sourse-inc/,,2023-04-28,Seed,2400000,USD,2400000
Kabata,https://www.crunchbase.com/organization/kabata-a799,"Artificial Intelligence (AI), Data and Analytics, Health Care, Other, Science and Engineering, Software, Sports",1-10,"Artificial Intelligence (AI), B2B, B2C, Fitness, Health Care, Wellness","Los Angeles, California, United States",The world's first AI-powered dumbbells.,"33,184",,"30,021",https://kabatafitness.com,hello@kabatafitness.com,https://www.linkedin.com/company/kabata,,2024-05-21,Seed,5000000,USD,5000000
Fermelanta,https://www.crunchbase.com/organization/fermelanta,"Biotechnology, Health Care, Science and Engineering",1-10,"Biotechnology, Genetics, Life Science","Ishikawa, Okinawa, Japan",Fermelanta is a biotech firm that produces rare plant-based ingredients through microbial fermentation.,"33,228",,"30,059",https://fermelanta.com/,info@fermelanta.com,https://www.linkedin.com/company/fermelanta,,2025-08-29,Series A,2000000000,JPY,13600360
Runeasi,https://www.crunchbase.com/organization/runeasi-nv,"Consumer Electronics, Hardware, Health Care, Sports",1-10,"Fitness, Health Care, Sports, Wearables","Leuven, Vlaams-Brabant, Belgium",Runeasi is a decision-support tool for assessing and addressing sports injuries using wearable technology.,"33,239",,"30,070",https://runeasi.ai/,info@runeasi.ai,https://www.linkedin.com/company/runeasi,+32 456 3224 18,2026-02-04,Seed,1000000,EUR,1182903
ListedB,https://www.crunchbase.com/organization/listedb,"Commerce and Shopping, Community and Lifestyle, Consumer Goods, Health Care, Information Technology, Internet Services, Media and Entertainment, Mobile, Software",1-10,"Beauty, Communities, Marketplace, Mobile, Scheduling, Social Media, Wellness","New York, New York, United States",ListedB is a social booking app for beauty & wellness services within the Black community. A marketplace connecting professionals & clients.,"33,246",,"30,077",https://listedb.com,hello@listedb.com,https://www.linkedin.com/company/listedb,,2022-04-25,Angel,101000,USD,101000
Cayuga Biotech,https://www.crunchbase.com/organization/cayuga-biotech-9489,"Biotechnology, Health Care, Science and Engineering",1-10,"Biotechnology, Health Care, Medical, Medical Device","Bridgewater, New Jersey, United States",Cayuga Biotech develops hemostatic drugs and devices for treating bleeding episodes.,"33,247",,"30,078",http://www.cayugabio.tech,,https://www.linkedin.com/company/cayuga-biotech,,2025-12-11,Seed,5000000,USD,5000000
Indomo,https://www.crunchbase.com/organization/indomo-5468,"Biotechnology, Health Care, Science and Engineering",1-10,"Biotechnology, Clinical Trials, Health Care, Medical Device","San Francisco, California, United States",Indomo is a clinical-stage firm that aims to improve access to quality healthcare through novel device-enabled treatments.,"33,273",,"30,101",https://www.indomotx.com/,,https://www.linkedin.com/company/indomotx/,,2025-10-29,Seed,25000000,USD,25000000
Tmunity Therapeutics,https://www.crunchbase.com/organization/tmunity-therapeutics,"Biotechnology, Health Care, Manufacturing, Science and Engineering",1-10,"Biotechnology, Genetics, Health Care, Manufacturing, Therapeutics","Philadelphia, Pennsylvania, United States",Tmunity Therapeutics is developing novel products to unleash the immunological potential of T cells.,"33,277",,"30,105",https://www.tmunity.com,,https://www.linkedin.com/company/tmunity-therapeutics-incorporated,215-966-1600,2019-10-31,Series B,75000000,USD,75000000
Ki Health,https://www.crunchbase.com/organization/ki-health,"Biotechnology, Health Care, Science and Engineering",1-10,"Biotechnology, Health Care, Life Science, Pharmaceutical","Saint Augustine, Florida, United States",Kihealth is launching the world's first blood test capable of identifying diabetes risk before symptoms emerge.,"33,316",,"30,142",https://www.kihealth.com,info@kihealth.com,https://www.linkedin.com/company/ki-health,1 9043433449,2025-10-02,Seed,5000000,USD,5000000
QuantumLoopAi,https://www.crunchbase.com/organization/quantumloopai,"Artificial Intelligence (AI), Data and Analytics, Hardware, Health Care, Science and Engineering, Software",1-10,"Artificial Intelligence (AI), Health Care, Medical, Primary and Urgent Care, Telecommunications","London, England, United Kingdom",QuantumLoopAI offers an AI-driven call-handling solution specifically designed for GP surgeries within the NHS.,"33,317",,"30,143",https://www.quantumloopai.com,info@quantumloopai.com,https://www.linkedin.com/company/quantumloopai,,2025-01-01,Convertible Note,2000000,USD,2000000
Whispp,https://www.crunchbase.com/organization/whispp,"Apps, Artificial Intelligence (AI), Data and Analytics, Health Care, Information Technology, Mobile, Science and Engineering, Software",1-10,"Artificial Intelligence (AI), Assistive Technology, Information Technology, Mobile Apps","Leiden, Zuid-Holland, The Netherlands","Assistive Voice Tech and Calling App converting whispered and vocal cord impaired speech into a person’s natural voice, in real time.","33,322",,"30,148",https://www.whispp.com,info@whispp.com,https://www.linkedin.com/company/mywhispp,31-651-234-840,2026-02-17,Grant,2500000,EUR,2962714
Terrain Bio,https://www.crunchbase.com/organization/terrain-bio,"Artificial Intelligence (AI), Biotechnology, Data and Analytics, Health Care, Science and Engineering, Software",1-10,"Artificial Intelligence (AI), Biotechnology, Therapeutics","Cambridge, Massachusetts, United States",Terrain BioSciences accelerates RNA-based therapeutics and vaccine development using AI and proprietary platforms.,"33,343",,"30,167",http://www.terrainbiosciences.com,info@terrainbiosciences.com,https://www.linkedin.com/company/terrain-biosciences/,,2025-02-12,Seed,9000000,USD,9000000
4D Healthware,https://www.crunchbase.com/organization/4d-healthware,"Health Care, Software",1-10,"Health Care, Medical, Precision Medicine, Software","Chicago, Illinois, United States",4D Healthware is patient engagement software that makes personalized medicine possible through connected data.,"33,392",,"30,210",http://4dhealthware.com/,info@4dhealthware.com,http://www.linkedin.com/company/4d-healthware,(224) 633-9472,2021-10-12,Venture - Series Unknown,1000000,USD,1000000
Indaptus Therapeutics,https://www.crunchbase.com/organization/indaptus-therapeutics,Health Care,1-10,"Health Care, Medical, Medical Device","New York, New York, United States",Indaptus Therapeutics develops a platform that activates both innate and adaptive cellular anti-tumor pathways.,"33,412",,"30,228",https://indaptusrx.com/,,https://www.linkedin.com/company/indaptus-therapeutics-inc,,2025-12-22,Post-IPO Equity,6000000,USD,6000000
DAIVIN,https://www.crunchbase.com/organization/daivin,"Government and Military, Health Care, Information Technology, Manufacturing, Science and Engineering, Transportation",1-10,"Aerospace, Government, Hospital, Industrial, Manufacturing, Medical, Military, National Security, Space Travel","San Francisco, California, United States",Daivin is an oxygen-generating equipment manufacturing company which helps humans breathe underwater without oxygen tanks.,"33,485",,"30,298",https://www.daivin.tech/,leo.kankkunen@daivin.tech,https://www.linkedin.com/company/daivin,,2026-03-24,Pre-Seed,500000,USD,500000
Promakhos Therapeutics,https://www.crunchbase.com/organization/promakhos-therapeutics,"Biotechnology, Health Care, Science and Engineering",1-10,"Biotechnology, Health Care, Therapeutics","Boston, Massachusetts, United States",Promakhos Therapeutics provides a therapeutics platform for curing inflammatory disorders.,"33,507",,"30,318",https://www.promakhos.com,founders@promakhos.com,https://www.linkedin.com/company/promakhos-therapeutics,,2025-02-01,Seed,,,
Iterum Therapeutics,https://www.crunchbase.com/organization/iterum-therapeutics,Health Care,1-10,"Medical, Pharmaceutical, Therapeutics","Dublin, Dublin, Ireland",Iterum Therapeutics is a clinical-stage pharmaceutical company that develops significantly differentiated anti-infectives.,"33,513",,"30,324",http://www.iterumtx.com/,,https://www.linkedin.com/company/iterum-therapeutics/,+353 1 903 8920,2025-08-01,Post-IPO Equity,2200000,USD,2200000